"id","name","division","category","background","task","input_format","constraints","sample_input","sample_output","test1_input","test1_output","test2_input","test2_output","test3_input","test3_output","test4_input","test4_output","test5_input","test5_output","test6_input","test6_output","test7_input","test7_output","test8_input","test8_output","test9_input","test9_output","test10_input","test10_output","test11_input","test11_output","test12_input","test12_output"
"S-001-1","Attendance Duplicate Check","Silver","Hash Sets","A set remembers only which values it has seen, not how many times or in what order. Walking the list once and asking the set 'have I seen this before?' answers the duplicate question without comparing every name against every other name.","Read N student names and print YES if any name appears more than once, otherwise NO.","Line 1: N.
Line 2: N space-separated names.","N: 1-100
names: 1-20 letters, case-sensitive","5
anna bob carl anna dave","YES","5
anna bob carl anna dave","YES","1
solo","NO","2
same same","YES","2
this that","NO","4
a b c d","NO","6
Anna anna ANNA aNNa a b","NO","8
x y z w v u t x","YES","3
zoe zoey zo","NO","1
abc","NO","3
ab b ca","NO","5
b a cba cac ca","NO","8
baa ab bbb bcc cbc acc ca c","NO"
"S-001-2","First Repeated Barcode","Silver","Hash Sets","Barcodes arrive one at a time and each is checked against everything seen so far. The answer is the value of the first barcode that turns out to be a repeat, meaning it is reported at its SECOND appearance, not its first. Only the value is printed, not its position.","Read N barcodes in arrival order and print the value of the first barcode that repeats an earlier one, or -1 if no barcode repeats.","Line 1: N.
Line 2: N space-separated integers.","N: 1-100
barcodes: 0-1000000","6
40 12 7 12 40 9","12","6
40 12 7 12 40 9","12","1
5","-1","2
5 5","5","2
5 6","-1","4
1 2 3 4","-1","5
9 8 7 9 8","9","8
0 1 2 3 4 5 6 0","0","3
1000000 1000000 0","1000000","3
2 6 1","-1","6
4 5 5 1 1 1","5","9
6 3 3 4 5 3 3 1 1","3","1
4","-1"
"S-001-3","Duplicate Email Position","Silver","Hash Sets","Addresses are scanned left to right and each is checked against the ones already seen. The answer is the position of the first address that repeats an earlier entry, counted from 1. Since positions start at 1, the value 0 is free to mean 'no duplicates at all'.","Read N email addresses and print the 1-based index of the first address that duplicates an earlier entry, or 0 if all addresses are unique.","Line 1: N.
Line 2: N space-separated addresses.","N: 1-100
addresses: 1-30 characters, no spaces, case-sensitive","5
a@x.com b@x.com c@x.com b@x.com d@x.com","4","5
a@x.com b@x.com c@x.com b@x.com d@x.com","4","1
only@x.com","0","2
same@x.com same@x.com","2","2
p@x.com q@x.com","0","4
w@x.com y@x.com z@x.com v@x.com","0","3
A@x.com a@x.com A@x.com","3","8
1@a 2@a 3@a 4@a 5@a 6@a 7@a 1@a","8","4
m@a m@b m@c m@a","4","1
b","0","3
a ba b","0","5
b a aa aa bb","4","8
ab b a bb a ba a b","5"
"S-001-4","Repeated Sensor Reading","Silver","Hash Sets","Sensor IDs are read in order and each is checked against everything seen before it. Positions start at 0 here, so the very first reading sits at position 0. If every reading is unique the word OK is printed instead of a position.","Read N sensor IDs and print the earliest 0-based position at which an ID has already been seen before, or OK if every reading is unique.","Line 1: N.
Line 2: N space-separated integers.","N: 1-100
positions are 0-based
IDs: -1000000 to 1000000","6
11 22 33 22 44 11","3","6
11 22 33 22 44 11","3","1
5","OK","2
5 5","1","2
5 6","OK","4
1 2 3 4","OK","5
-1 -2 -3 -1 -2","3","8
0 0 0 0 0 0 0 0","1","3
1000000 -1000000 1000000","2","1
-2","OK","3
2 1 -4","OK","6
-1 -4 -4 2 -3 -2","2","9
-1 -4 4 0 -4 -1 3 -1 4","4"
"S-001-5","First Card to Repeat","Silver","Hash Sets","Cards are dealt one at a time and each is checked against the ones already dealt. The winner is the card whose SECOND copy shows up earliest, and it is that card's code that gets printed. If every card is unique the word NONE is printed.","Read N card codes in deal order and print the code whose second occurrence happens earliest, or NONE if every card is unique.","Line 1: N.
Line 2: N space-separated card codes.","N: 1-100
card codes: 1-10 characters, no spaces, case-sensitive","6
AH KD 7S KD AH 2C","KD","6
AH KD 7S KD AH 2C","KD","1
AH","NONE","2
AH AH","AH","2
AH KD","NONE","4
AH KD 7S 2C","NONE","5
QQ QQ QQ QQ QQ","QQ","8
A B C D E F G A","A","3
ab AB ab","ab","1
A","NONE","3
77 K 7","NONE","5
KK 77 KK A7 AK","KK","8
K 7A AA A KA KA KA 7","KA"
"S-002-1","Two Values Summing to Target","Silver","Hash Maps","Two DIFFERENT positions must be chosen, though the values sitting there may happen to be equal. When several pairs work, the answer is pinned down by taking the smallest first index, and among those the smallest second index.","Read N integers and a target T. Print the 1-based indices i and j (with i < j) of a pair whose values sum to T, choosing the smallest i and then the smallest j. Print '-1 -1' if no pair exists.","Line 1: N, T (space-separated).
Line 2: N space-separated integers.","N: 2-100
T: -20000 to 20000
values: -10000 to 10000","5 9
2 7 11 4 5","1 2","5 9
2 7 11 4 5","1 2","2 0
0 0","1 2","2 5
1 2","-1 -1","4 4
2 2 2 2","1 2","4 -3
-1 -2 5 8","1 2","6 0
-5 5 -5 5 1 2","1 2","8 15
1 2 3 4 5 6 7 8","7 8","3 20000
10000 10000 0","1 2","2 -12
1 -9","-1 -1","3 1
-7 -8 -5","-1 -1","5 1
0 5 -5 0 3","-1 -1","8 -13
-3 -6 -9 -3 -7 4 -7 -6","2 5"
"S-002-2","Two Values with a Given Difference","Silver","Hash Maps","Orientation matters here: the value at the first index minus the value at the second must equal K, so swapping the two indices generally gives a different result. The two indices must differ, though the same element can never be used twice. Ties are settled by the smallest first index, then the smallest second.","Read N integers and a value K. Print the 1-based indices i and j (i not equal to j) such that a[i] - a[j] = K, choosing the smallest i and then the smallest j. Print NONE if no such pair exists.","Line 1: N, K (space-separated).
Line 2: N space-separated integers.","N: 2-100
K: -20000 to 20000
values: -10000 to 10000","5 3
1 5 4 8 2","2 5","5 3
1 5 4 8 2","2 5","2 0
7 7","1 2","2 0
7 8","NONE","4 5
1 2 3 4","NONE","4 -1
4 3 2 1","2 1","6 10
0 10 20 30 40 50","2 1","8 7
1 1 1 1 1 1 1 8","8 1","3 20000
-10000 10000 0","2 1","2 13
6 -4","NONE","3 -10
-5 4 -7","NONE","5 4
-9 0 1 -2 -2","NONE","8 -11
7 -8 1 5 -9 -7 2 0","5 7"
"S-002-3","Two Values with a Given XOR","Silver","Bitwise","XOR compares two numbers bit by bit and keeps a 1 wherever exactly one of them had a 1. A useful consequence is that any number XORed with itself gives 0, so a repeated value forms a pair whose XOR is 0. Ties are settled by the smallest first index, then the smallest second.","Read N non-negative integers and a target X. Print the 1-based indices i and j (with i < j) of a pair whose XOR equals X, choosing the smallest i and then the smallest j. Print '-1 -1' if no such pair exists.","Line 1: N, X (space-separated).
Line 2: N space-separated non-negative integers.","N: 2-100
X: 0-1023
values: 0-1023","5 6
1 7 3 4 2","1 2","5 6
1 7 3 4 2","1 2","2 0
5 5","1 2","2 0
5 6","-1 -1","4 1
2 4 6 8","-1 -1","4 15
0 15 1 14","1 2","6 0
1 2 3 4 5 1","1 6","8 1023
0 1 2 3 4 5 6 1023","1 8","3 7
1 2 4","-1 -1","2 7
5 11","-1 -1","3 14
9 2 5","-1 -1","5 3
12 15 3 11 2","1 2","8 10
5 3 4 12 12 12 11 8","-1 -1"
"S-002-4","Two Weights Filling the Capacity","Silver","Hash Maps","Two different items must be chosen, even if two items happen to weigh the same. What gets printed is the two WEIGHTS rather than their positions. Ties are settled by taking the pair with the smallest first position, then the smallest second.","Read N item weights and a capacity C. Print the two weights of a pair of distinct items that sum to C, taken from the pair with the smallest first index then smallest second index, in that index order. Print IMPOSSIBLE if no such pair exists.","Line 1: N, C (space-separated).
Line 2: N space-separated integers.","N: 2-100
C: 0-20000
weights: 0-10000","5 10
3 7 2 8 5","3 7","5 10
3 7 2 8 5","3 7","2 0
0 0","0 0","2 3
1 1","IMPOSSIBLE","4 8
4 4 4 4","4 4","4 100
1 2 3 4","IMPOSSIBLE","6 20000
10000 0 10000 1 2 3","10000 10000","8 9
1 2 3 4 5 6 7 8","1 8","3 0
0 1 2","IMPOSSIBLE","2 10
5 3","IMPOSSIBLE","3 15
0 9 12","IMPOSSIBLE","5 2
11 0 10 12 10","IMPOSSIBLE","8 5
7 3 3 6 12 1 5 10","IMPOSSIBLE"
"S-002-5","Complement Index for Everyone","Silver","Hash Maps","Every position gets its own answer: some other position whose value completes the sum S. An element may never be paired with itself, though it can pair with a different element holding an identical value. Where several partners work, the earliest one is chosen, and -1 marks positions with no partner at all.","Read N integers and a target S. For each position i print an index j (1-based, j not equal to i) such that a[i] + a[j] = S, choosing the smallest such j, or -1 if no partner exists. Print the N answers in order.","Line 1: N, S (space-separated).
Line 2: N space-separated integers.","N: 2-100
S: -20000 to 20000
values: -10000 to 10000","5 6
1 5 3 2 4","2 1 -1 5 4","5 6
1 5 3 2 4","2 1 -1 5 4","2 0
0 0","2 1","2 5
1 2","-1 -1","4 4
2 2 2 2","2 1 1 1","4 0
-1 1 -2 2","2 1 4 3","6 10
5 5 5 1 2 3","2 1 1 -1 -1 -1","8 9
1 2 3 4 5 6 7 8","8 7 6 5 4 3 2 1","3 6
3 3 3","2 1 1","2 -13
7 5","-1 -1","3 -16
7 2 -1","-1 -1 -1","5 -9
-7 -2 -5 -6 6","2 1 -1 -1 -1","8 -12
0 -7 -1 -2 -8 -3 -5 -5","-1 7 -1 -1 -1 -1 2 2"
"S-003-1","IDs Above a Frequency Bar","Silver","Hash Maps","Every distinct ID is counted across the whole list first, then judged against the threshold. 'At least T' includes exactly T, so an ID seen precisely T times qualifies. Each qualifying ID is reported once regardless of how often it occurred.","Read N integer IDs and a threshold T. Print every distinct ID occurring at least T times, in increasing order. If none qualify, print an empty line.","Line 1: N, T (space-separated).
Line 2: N space-separated integers.","N: 1-100
T: 1-100
IDs: -1000 to 1000","7 2
5 3 5 7 3 5 1","3 5","7 2
5 3 5 7 3 5 1","3 5","1 1
9","9","1 2
9","","4 4
2 2 2 2","2","4 5
2 2 2 2","","6 1
-3 -2 -1 0 1 2","-3 -2 -1 0 1 2","8 3
1 1 1 2 2 2 3 3","1 2","5 2
1000 -1000 1000 -1000 0","-1000 1000","1 3
-3","","3 3
3 0 3","","6 3
0 1 -1 2 0 -3","","9 2
3 0 -2 2 2 1 3 3 -2","-2 2 3"
"S-003-2","Names Seen Exactly K Times","Silver","Hash Maps","Each distinct bird name is counted across the whole list, then only those whose count is exactly K are kept. The answer is how many distinct names hit that count exactly, not how many entries they account for.","Read N bird names and an integer K. Print how many distinct names appear exactly K times.","Line 1: N, K (space-separated).
Line 2: N space-separated names.","N: 1-100
K: 1-100
names: 1-20 lowercase letters","7 2
robin crow robin owl crow jay hawk","2","7 2
robin crow robin owl crow jay hawk","2","1 1
robin","1","1 2
robin","0","4 4
jay jay jay jay","1","4 1
jay jay jay jay","0","6 1
a b c d e f","6","8 2
a a b b c c d d","4","5 3
x x x y y","1","1 1
ba","1","3 1
a b ab","3","5 3
b ba b bb ba","0","8 2
b a a ba aa a a ba","1"
"S-003-3","Mark the Frequent Codes","Silver","Hash Maps","Every product code is counted across the whole array first, then each POSITION is marked according to its own code's total. 'More than M' is strict, so a code appearing exactly M times is marked 0. The output has one flag per input position.","Read N product codes and an integer M. Print a binary array B of length N where B[i] is 1 if the code at position i appears more than M times in the whole array, otherwise 0.","Line 1: N, M (space-separated).
Line 2: N space-separated codes.","N: 1-100
M: 0-100
codes: 1-10 characters, no spaces","6 1
ab cd ab ef cd ab","1 1 1 0 1 1","6 1
ab cd ab ef cd ab","1 1 1 0 1 1","1 0
zz","1","1 1
zz","0","4 2
aa aa aa aa","1 1 1 1","4 4
aa aa aa aa","0 0 0 0","6 0
a b c d e f","1 1 1 1 1 1","8 2
x x x y y z z z","1 1 1 0 0 1 1 1","5 1
p q p q r","1 1 1 1 0","1 0
ba","1","3 1
a bb a","1 0 1","5 1
b b ba aa b","1 1 0 0 1","8 0
ba b ba ba bb aa aa ba","1 1 1 1 1 1 1 1"
"S-003-4","Top Hashtag","Silver","Hash Maps","Every hashtag is counted across the whole list and the highest count wins. When several hashtags share that highest count, the winner is whichever of them appeared first in the original list, so input order acts as the tie-break.","Read N hashtags and print the one with the highest frequency. If several tie, print the one whose first occurrence comes earliest in the list.","Line 1: N.
Line 2: N space-separated hashtags.","N: 1-100
hashtags: 1-20 characters, no spaces","7
sun rain sun fog rain sun mist","sun","7
sun rain sun fog rain sun mist","sun","1
sun","sun","2
sun rain","sun","4
a b a b","a","4
b a b a","b","6
x x y y z z","x","8
q w e r t y u i","q","5
dog cat dog cat dog","dog","1
ca","ca","3
ab ac bb","ab","5
ac ba cc c c","c","8
bb cb ab c c c bb a","c"
"S-003-5","Rare Colours in First-Seen Order","Silver","Hash Maps","Every colour is counted across the whole sequence, then only the rare ones (count at most T) are kept. 'At most T' includes exactly T. The survivors are listed in the order they first appeared in the input, not alphabetically, and each appears only once.","Read N bead colours and a threshold T. Print every distinct colour whose frequency is at most T, in order of first appearance. If none qualify, print an empty line.","Line 1: N, T (space-separated).
Line 2: N space-separated colour names.","N: 1-100
T: 1-100
colours: 1-15 lowercase letters","7 1
red blue red green blue teal red","green teal","7 1
red blue red green blue teal red","green teal","1 1
red","red","1 0
red","","4 4
red red red red","red","4 3
red red red red","","6 2
a a b b c c","a b c","8 1
z y x w v u t z","y x w v u t","5 2
p p p q q","q","1 2
ba","ba","3 1
ba a b","ba a b","5 2
b b a a ab","b a ab","8 0
b a b ba b b bb ab",""
"S-004-1","Same Magnitudes","Silver","Hash Maps","A multiset cares about which values are present AND how many times each occurs, but not about their order. Here every value is first replaced by its absolute value, so -3 and 3 become indistinguishable. The two collections match only if every magnitude appears the same number of times in both, which also requires equal lengths.","Read two integer arrays A and B. Replacing every element by its absolute value, print YES if the two arrays then contain exactly the same multiset of values, otherwise NO.","Line 1: N.
Line 2: N space-separated integers (array A).
Line 3: M.
Line 4: M space-separated integers (array B).","N, M: 1-100
values: -10000 to 10000","4
-1 2 -3 4
4
1 -2 3 -4","YES","4
-1 2 -3 4
4
1 -2 3 -4","YES","1
0
1
0","YES","1
5
1
-5","YES","2
1 1
2
1 -1","YES","2
1 1
1
1","NO","3
1 2 3
3
1 2 4","NO","5
-5 -5 5 5 0
5
5 5 5 5 0","YES","4
10000 -10000 1 -1
4
-10000 10000 -1 1","YES","1
-1
1
2","NO","2
-2 -4
2
3 -3","NO","3
-1 2 3
3
-1 4 2","NO","4
-4 2 -2 0
3
1 1 1","NO"
"S-004-2","Same Words After Cleaning","Silver","Hash Maps","Each token is normalised before comparison: made lowercase, then stripped of any punctuation hanging off its front or back, using the set . , ! ? : ; ' "" ( ). Punctuation in the MIDDLE of a token stays. The two lists match only if every cleaned word appears the same number of times in both.","Read two lists of tokens U and V. Normalise each by lowercasing and stripping leading and trailing punctuation from the set . , ! ? : ; ' "" ( ), then print YES if the two lists contain the same multiset of normalised words, otherwise NO.","Line 1: N.
Line 2: N space-separated tokens (list U).
Line 3: M.
Line 4: M space-separated tokens (list V).","N, M: 1-100
tokens: 1-25 characters, no spaces
stripped punctuation set: . , ! ? : ; ' "" ( )","3
Hello, world! Cat
3
hello WORLD cat","YES","3
Hello, world! Cat
3
hello WORLD cat","YES","1
a
1
A","YES","1
a
1
b","NO","2
(hi) hi
2
hi hi","YES","2
hi hi
1
hi","NO","3
don't don't don't
3
DON'T don't dont","NO","4
a. b, c! d?
4
A B C D","YES","3
x-y x-y z
3
x-y z x-y","YES","1
A!
1
b","NO","2
(a) A!
2
hi B.","NO","3
(a) hi Hi,
3
(a) b hi","NO","4
b Hi, A! hi
3
Hi, hi (a)","NO"
"S-004-3","Letter-Bag Equality","Silver","Strings","Only alphabetic characters are considered, so digits, spaces and punctuation are thrown away entirely. Surviving letters are lowercased, then the two bags of letters are compared for identical contents and identical counts. Order never matters.","Read two strings S and T. Ignoring all non-letters and lowercasing the rest, print YES if the two strings contain identical multisets of letters, otherwise NO.","Line 1: the string S.
Line 2: the string T.","length of S and T: 1-100 each
strings contain printable ASCII characters","Listen!
Silent 123","YES","Listen!
Silent 123","YES","a
A","YES","a
b","NO","123
456","YES","abc
abcc","NO","The eyes
They see","YES","a b c
c b a","YES","Hello
olleH","YES","Rat!
tar 9","YES","p q r
r q p","YES","Ho
oh!","YES","mn
nm?","YES"
"S-004-4","Same Stock After Normalising","Silver","Hash Maps","Each SKU is normalised by converting all its letters to uppercase, so 'ab1' and 'AB1' count as the same code. The two inventories match only when every normalised SKU appears the same number of times on both sides, which also means they must be the same length.","Read two SKU lists X and Y. Converting every SKU to uppercase, print YES if the two inventories contain the same multiset of normalised SKUs, otherwise NO.","Line 1: N.
Line 2: N space-separated SKUs (shop X).
Line 3: M.
Line 4: M space-separated SKUs (shop Y).","N, M: 1-100
SKUs: 1-15 alphanumeric characters, no spaces","3
ab1 CD2 ef3
3
AB1 cd2 EF3","YES","3
ab1 CD2 ef3
3
AB1 cd2 EF3","YES","1
a
1
A","YES","1
a
1
b","NO","2
aa aa
2
AA aa","YES","2
aa aa
1
aa","NO","4
x1 x1 y2 y2
4
X1 Y2 X1 Y2","YES","3
q1 q2 q3
3
q1 q2 q4","NO","5
a b c d e
5
E D C B A","YES","1
c3
1
c3","YES","2
B2 b2
2
c3 c3","NO","3
a1 c3 B2
3
A1 b2 b2","NO","4
a1 A1 a1 b2
3
c3 B2 b2","NO"
"S-004-5","Same Files Ignoring Extensions","Silver","Hash Maps","Each filename is reduced to its base name by cutting off the LAST dot and everything after it; a name with no dot is left untouched. So 'notes.v2.txt' becomes 'notes.v2'. The two lists match only if the resulting base names occur with identical counts on both sides.","Read two filename lists A and B. Reduce each name to its base by removing the final dot and extension (if any), then print YES if the two lists contain the same multiset of base names, otherwise NO.","Line 1: N.
Line 2: N space-separated filenames (list A).
Line 3: M.
Line 4: M space-separated filenames (list B).","N, M: 1-100
filenames: 1-25 characters, no spaces","3
a.txt b.md c.png
3
a.doc b.pdf c.gif","YES","3
a.txt b.md c.png
3
a.doc b.pdf c.gif","YES","1
a
1
a","YES","1
a.txt
1
a","YES","2
x.txt x.md
2
x x","YES","2
x.txt x.md
1
x","NO","3
notes.v2.txt data.csv r
3
notes.v2 data r","NO","4
a.a b.b c.c d.d
4
d c b a","YES","3
p.q p.q p
3
p p p","YES","2
b b
2
c.v1.z b","NO","3
b.md a.txt b.md
3
a c.v1.z a.txt","NO","4
a b.md b a.txt
3
a a.txt b.md","NO","2
a a.txt
2
c.v1.z a","NO"
"S-005-1","Group the Anagrams","Silver","Hash Maps","Two words are anagrams when one is a rearrangement of the other's letters, so they share the same letters with the same counts. Sorting a word's letters gives a signature that is identical for every member of a group, which makes grouping straightforward. A word with no partners still forms a group of its own.","Read N lowercase words and group them into anagram classes. Print one line per class containing the 1-based indices of its members in ascending order, with classes ordered by their smallest member index.","Line 1: N.
Line 2: N space-separated lowercase words.","N: 1-100
words: 1-20 lowercase letters","5
eat tea tan ate nat","1 2 4
3 5","5
eat tea tan ate nat","1 2 4
3 5","1
solo","1","2
ab ba","1 2","2
ab cd","1
2","4
aa aa aa aa","1 2 3 4","6
abc bca cab xy yx z","1 2 3
4 5
6","8
a b c d a b c d","1 5
2 6
3 7
4 8","3
listen silent enlist","1 2 3","1
ca","1","3
b ac a","1
2
3","5
b ba ac b a","1 4
2
3
5","8
ab b bab bcb bc c a bc","1
2
3
4
5 8
6
7"
"S-005-2","Repeated Rune Signatures","Silver","Hash Maps","A rune's signature is its letters written in nondecreasing order, so 'cab' and 'bac' both give 'abc'. Signatures shared by two or more runes are the interesting ones. Each such signature is reported once, no matter how many runes carry it.","Read M rune strings and print every distinct sorted signature that occurs at least twice, one per line, in lexicographic order. If none occur twice, print nothing.","Line 1: M.
Line 2: M space-separated strings using only letters a-f.","M: 1-100
rune strings: 1-15 characters from a-f","5
abc cba def fed aab","abc
def","5
abc cba def fed aab","abc
def","1
abc","","2
ab ba","ab","2
ab cd","","4
aa aa aa aa","aa","6
abc bca cab def fed a","abc
def","8
a b c d a b c d","a
b
c
d","3
face cafe faces","acef","1
ab","","3
a bf c","","5
ebe a ec c eda","","8
d a f efe e bde f e","e
f"
"S-005-3","How Many Anagram Classes","Silver","Hash Maps","Words that are rearrangements of each other belong to the same class. Sorting each word's letters produces a signature identical across a class, so counting distinct signatures counts the classes. A word with no partners still counts as its own class.","Read N product tags and print the number of distinct anagram classes present among them.","Line 1: N.
Line 2: N space-separated lowercase words.","N: 1-100
tags: 1-20 lowercase letters","5
eat tea tan ate nat","2","5
eat tea tan ate nat","2","1
solo","1","2
ab ba","1","2
ab cd","2","4
aa aa aa aa","1","6
abc bca cab xy yx z","3","8
a b c d e f g h","8","3
listen silent enlist","1","1
abc","1","3
b ac caa","3","5
aa a b bbc ca","5","8
baa cab caa bbb b ab c acc","8"
"S-005-4","Count Cross-List Anagram Pairs","Silver","Hash Maps","Every label from the first list is checked against every label from the second, and a pair counts when the two are anagrams of each other. Pairs are ordered, meaning one element must come from A and the other from B, so a single word in A can contribute several pairs if B holds several matching labels.","Read two lists A and B of lowercase labels. Print the number of ordered pairs (i, j) such that A[i] and B[j] are anagrams of each other.","Line 1: N.
Line 2: N space-separated words (list A).
Line 3: M.
Line 4: M space-separated words (list B).","N, M: 1-100
words: 1-20 lowercase letters","3
abc bca xy
3
cab yx zz","3","3
abc bca xy
3
cab yx zz","3","1
a
1
a","1","1
a
1
b","0","2
aa aa
2
aa aa","4","3
ab cd ef
3
gh ij kl","0","4
abc abc abc abc
1
cba","4","1
listen
3
silent enlist tinsel","3","3
a b c
3
c b a","3","1
cba
1
b","0","2
acb cba
2
cba bac","4","3
cab cb ba
3
c a cba","1","4
ab abc c bca
3
b bc a","0"
"S-005-5","Biggest Anagram Class","Silver","Hash Maps","Codes that are rearrangements of one another form a class, and the largest class wins. When several classes tie for largest, the one whose earliest member appears first in the input is chosen, and that earliest member is printed as the representative.","Read K license codes. Print the size of the largest anagram class followed by a representative from it, separated by a space. If several classes tie for largest, choose the one containing the earliest word in the input and print that word.","Line 1: K.
Line 2: K space-separated lowercase words.","K: 1-100
codes: 1-20 lowercase letters","5
eat tea tan ate nat","3 eat","5
eat tea tan ate nat","3 eat","1
solo","1 solo","2
ab ba","2 ab","2
ab cd","1 ab","4
aa aa aa aa","4 aa","6
xy yx abc bca cab z","3 abc","8
a b c d e f g h","1 a","3
listen silent xy","2 listen","1
ca","1 ca","3
ca c cb","1 ca","5
b aba b ba bca","2 b","8
a ac bac bba c cbc baa c","2 c"
"S-006-1","How Many Distinct Words","Silver","Hash Sets","A distinct count asks how many DIFFERENT values appear, ignoring repeats entirely. A word occurring fifty times still contributes just one to the total. Matching is exact and case-sensitive.","Read N words and print how many distinct words appear in the whole sequence.","Line 1: N.
Line 2: N space-separated words.","N: 1-100
words: 1-20 letters, case-sensitive","6
the cat sat on the mat","5","6
the cat sat on the mat","5","1
solo","1","2
same same","1","2
this that","2","4
a a a a","1","6
A a B b C c","6","8
q w e r t y u i","8","5
x y x y x","2","1
ab","1","3
Ca a C","3","5
bb b ab b ab","3","8
Ca Ca aa aa aa C C C","3"
"S-006-2","How Many Distinct Colours","Silver","Hash Sets","Only the variety of colours matters, not how many tiles carry each one. A colour painted on twenty tiles counts exactly once toward the total.","Read N tile colours and print how many distinct colours appear among the tiles.","Line 1: N.
Line 2: N space-separated colour names.","N: 1-100
colours: 1-15 lowercase letters","6
red blue red green blue red","3","6
red blue red green blue red","3","1
red","1","2
red red","1","2
red blue","2","4
teal teal teal teal","1","6
a b c d e f","6","8
x y x y x y x y","2","5
mauve mauve puce puce jade","3","1
C","1","3
CC b C","3","5
CC b a CC C","4","8
Ca b b a a ab ab a","4"
"S-006-3","How Many Distinct Devices","Silver","Hash Sets","Repeated recordings of the same device do not increase the variety. The answer counts how many different device IDs occur anywhere in the list, each ID contributing exactly one.","Read N device IDs and print how many distinct IDs occur in the list.","Line 1: N.
Line 2: N space-separated integers.","N: 1-100
IDs: -1000000 to 1000000","6
10 20 10 30 20 10","3","6
10 20 10 30 20 10","3","1
5","1","2
5 5","1","2
5 6","2","4
0 0 0 0","1","6
-1 1 -2 2 -3 3","6","8
7 7 7 7 7 7 7 8","2","5
1000000 -1000000 1000000 0 0","3","1
0","1","3
1 -4 4","3","6
0 2 -1 -1 -1 -4","4","9
-5 5 -1 1 4 2 1 3 5","7"
"S-006-4","Guests Across Both Lists","Silver","Hash Sets","The union of two collections holds every value appearing in at least one of them. A guest listed on both lists still counts once, and so does a guest listed twice on the same list. The answer is the size of that union.","Read two guest ID lists and print how many distinct IDs appear in at least one of them.","Line 1: A.
Line 2: A space-separated integers (first list).
Line 3: B.
Line 4: B space-separated integers (second list).","A, B: 1-100
IDs: -1000000 to 1000000","4
1 2 3 4
3
3 4 5","5","4
1 2 3 4
3
3 4 5","5","1
7
1
7","1","1
7
1
8","2","3
1 1 1
3
1 1 1","1","4
1 2 3 4
4
5 6 7 8","8","5
0 0 0 0 0
5
0 0 0 0 1","2","2
-1000000 1000000
2
1000000 -1000000","2","6
1 2 3 4 5 6
1
3","6","1
-1
1
4","2","2
-4 3
2
1 -1","4","3
-4 -3 -2
3
0 -1 -4","5","4
3 2 4 3
3
-4 -4 3","4"
"S-006-5","Bead Colours Across Both Jars","Silver","Hash Sets","The union counts every colour present in at least one jar. A colour found in both jars is counted once, and repeats within a single jar add nothing.","Read two lists of bead colours and print how many distinct colours are present across both jars.","Line 1: P.
Line 2: P space-separated colour names (first jar).
Line 3: Q.
Line 4: Q space-separated colour names (second jar).","P, Q: 1-100
colours: 1-15 lowercase letters","4
red blue green red
3
blue teal jade","5","4
red blue green red
3
blue teal jade","5","1
red
1
red","1","1
red
1
blue","2","3
red red red
3
red red red","1","4
a b c d
4
e f g h","8","5
x x x x x
5
x x x x y","2","2
mauve puce
2
puce mauve","2","6
a b c d e f
1
c","6","1
jade
1
puce","2","2
red puce
2
blue jade","4","3
blue jade puce
3
puce puce puce","3","4
red blue puce puce
3
blue red puce","3"
"S-007-1","First Character Seen Only Once","Silver","Strings","Frequencies must be tallied across the WHOLE string before any decision is made, since a character that looks unique early on may reappear later. Only then is the string scanned again to find the earliest character with a total count of 1. Positions start at 0.","Read a string S and print the 0-based index of the first character whose total count in S is exactly 1, or -1 if no such character exists.","Line 1: the string S.","length of S: 1-100
S contains lowercase letters only","swiss","1","swiss","1","a","0","aa","-1","aabb","-1","abab","-1","aabbc","4","zzzzzzzzzq","9","abcabc","-1","b","0","abb","0","abaca","1","ccbbacac","-1"
"S-007-2","Earliest One-Off Customer","Silver","Hash Maps","Counts are taken across the whole array first, then the array is scanned again from the left to find the earliest value whose total count is exactly 1. It is the VALUE that gets printed, not its position.","Read N customer IDs and print the earliest ID that occurs exactly once in the whole array, or -1 if none exists.","Line 1: N.
Line 2: N space-separated integers.","N: 1-100
IDs: 0-1000000","6
4 5 1 2 5 4","1","6
4 5 1 2 5 4","1","1
7","7","2
7 7","-1","2
7 8","7","4
1 1 2 2","-1","5
9 9 9 9 9","-1","8
1 2 3 1 2 3 4 5","4","3
1000000 0 1000000","0","1
3","3","3
2 4 2","4","6
4 4 1 2 4 5","1","9
4 2 1 4 3 2 5 3 4","1"
"S-007-3","Earliest Word with Exact Count","Silver","Hash Maps","Word counts are taken across the entire sequence first. The answer is the earliest word in the original order whose total count is exactly K, so a word appearing more or fewer times than K does not qualify. A single dash marks the case where nothing matches.","Read N words and an integer K. Print the earliest word in original order whose global frequency equals K, or a single dash (-) if no word has that frequency.","Line 1: N, K (space-separated).
Line 2: N space-separated words.","N: 1-100
K: 1-100
words: 1-20 lowercase letters","7 2
red blue red green blue teal jade","red","7 2
red blue red green blue teal jade","red","1 1
red","red","1 2
red","-","4 4
a a a a","a","4 2
a a b b","a","6 3
x x y y y z","y","8 1
q q w w e e r t","r","5 5
p p p p p","p","1 1
b","b","3 3
ab aa ba","-","5 2
b b bb a b","-","8 1
b b a ab ba a bb aa","ab"
"S-007-4","First Colour Appearing Twice","Silver","Hash Maps","Counts are taken across the whole list first, then the list is rescanned to find the earliest colour whose total is exactly 2. A colour appearing three or more times does not qualify. Positions start at 1, leaving 0 free to mean 'none found'.","Read N colour names and print the 1-based position of the first colour that appears exactly twice in the whole list, or 0 if no colour does.","Line 1: N.
Line 2: N space-separated colour names.","N: 1-100
colours: 1-15 lowercase letters","7
red blue green blue red red teal","2","7
red blue green blue red red teal","2","1
red","0","2
red red","1","2
red blue","0","4
a a a a","0","6
x y x y z z","1","8
p q r s t u v w","0","5
m m m n n","4","1
b","0","3
ab ab b","1","5
b bb b ab bb","1","8
ba b ba b ba b bb ba","0"
"S-007-5","Earliest Byte Seen Three Times","Silver","Hash Maps","Byte counts are tallied across the whole array first. The answer is the value of the earliest byte whose total count is exactly 3, so bytes appearing twice or four times do not qualify. The value is printed rather than the position.","Read N byte values and print the value of the earliest byte that occurs exactly three times in the array, or -1 if none exists.","Line 1: N.
Line 2: N space-separated integers.","N: 1-100
byte values: 0-255","8
5 7 5 9 7 5 7 1","5","8
5 7 5 9 7 5 7 1","5","1
5","-1","3
5 5 5","5","3
5 5 6","-1","4
1 1 1 1","-1","6
2 2 3 3 3 2","2","9
0 0 0 255 255 255 1 2 3","0","6
9 9 8 8 8 9","9","1
1","-1","3
1 3 2","-1","6
2 1 0 2 0 0","0","9
2 1 0 3 3 2 1 1 0","1"
"S-008-1","Values in Both Arrays","Silver","Hash Sets","Each array is treated as a set, so repeats inside one array are ignored completely. A value belongs to the answer when it appears at least once in each array, and it is reported only once no matter how often it occurred.","Read two integer arrays A and B. Print all distinct values appearing in both, in ascending order. If there are none, print an empty line.","Line 1: N.
Line 2: N space-separated integers (array A).
Line 3: M.
Line 4: M space-separated integers (array B).","N, M: 1-100
values: -1000 to 1000","5
1 2 2 3 5
4
2 3 4 9","2 3","5
1 2 2 3 5
4
2 3 4 9","2 3","1
7
1
7","7","1
7
1
8","","3
1 1 1
3
1 1 1","1","4
1 2 3 4
4
5 6 7 8","","5
-3 -2 -1 0 1
5
1 0 -1 -2 -3","-3 -2 -1 0 1","6
1000 -1000 0 1000 -1000 0
2
0 1000","0 1000","4
5 5 5 5
4
5 6 7 8","5","1
-1
1
1","","2
-1 1
2
3 0","","3
-4 -4 -1
3
-1 0 0","-1","4
-1 -1 4 0
3
-1 2 -3","-1"
"S-008-2","Shared Products with Shared Counts","Silver","Hash Maps","This is a multiset intersection: a product qualifies only if it appears in both stores, and the number reported is the SMALLER of its two counts. So a product sold 5 times in one store and twice in the other contributes a count of 2.","Read two lists of product IDs. For every product appearing in both, print the ID and the smaller of its two occurrence counts, one pair per line, in ascending ID order. If no product is shared, print nothing.","Line 1: N.
Line 2: N space-separated integers (Store1).
Line 3: M.
Line 4: M space-separated integers (Store2).","N, M: 1-100
product IDs: 0-1000","6
1 1 2 3 3 3
5
1 3 3 4 5","1 1
3 2","6
1 1 2 3 3 3
5
1 3 3 4 5","1 1
3 2","1
7
1
7","7 1","1
7
1
8","","3
1 1 1
3
1 1 1","1 3","4
1 2 3 4
4
5 6 7 8","","5
9 9 9 9 9
2
9 9","9 2","4
0 1000 0 1000
4
1000 0 1000 0","0 2
1000 2","6
1 2 3 4 5 6
3
2 4 6","2 1
4 1
6 1","1
4
1
3","","2
3 0
2
3 0","0 1
3 1","3
3 4 4
3
2 0 4","4 1","4
3 1 4 2
3
2 3 4","2 1
3 1
4 1"
"S-008-3","How Many Shared Colours","Silver","Hash Sets","Each neighbourhood's list is treated as a set, so duplicates within one neighbourhood are ignored. The answer counts the colour names that appear in both lists at least once.","Read two lists of colour names and print how many distinct colours appear in both lists.","Line 1: N.
Line 2: N space-separated colour names (NeighborhoodX).
Line 3: M.
Line 4: M space-separated colour names (NeighborhoodY).","N, M: 1-100
colours: 1-15 lowercase letters","5
red blue blue green teal
4
blue green jade puce","2","5
red blue blue green teal
4
blue green jade puce","2","1
red
1
red","1","1
red
1
blue","0","3
red red red
3
red red red","1","4
a b c d
4
e f g h","0","5
x x x x x
2
x x","1","6
a b c d e f
6
f e d c b a","6","4
mauve puce mauve puce
2
jade teal","0","2
blue red
2
red puce","1","3
red red puce
3
red red red","1","4
blue jade blue red
3
red red red","1","1
puce
1
puce","1"
"S-008-4","First Element of A Found in B","Silver","Hash Sets","Array A is scanned from the left and each value is tested for membership in B. Membership treats B as a set, so repeats in B make no difference. The first value of A that is present in B is printed; -1 marks the case where none is.","Read arrays A and B. Print the first element of A (smallest index) that also appears anywhere in B, or -1 if no element of A appears in B.","Line 1: N.
Line 2: N space-separated integers (array A).
Line 3: M.
Line 4: M space-separated integers (array B).","N, M: 1-100
values: 0-1000","5
9 4 7 2 5
4
5 2 8 3","2","5
9 4 7 2 5
4
5 2 8 3","2","1
7
1
7","7","1
7
1
8","-1","3
1 1 1
3
1 1 1","1","4
1 2 3 4
4
5 6 7 8","-1","5
5 4 3 2 1
5
1 2 3 4 5","5","6
0 1000 0 1000 0 1000
1
1000","1000","4
9 8 7 6
2
6 9","9","1
4
1
0","-1","2
4 1
2
1 1","1","3
5 0 2
3
6 4 5","5","4
5 1 1 4
3
5 2 3","5"
"S-008-5","Shared Tags with Combined Counts","Silver","Hash Maps","A tag qualifies only if both photos carry it. For qualifying tags the number reported is the TOTAL across both photos, adding the two counts together rather than taking the smaller one.","Read two tag lists. For every tag appearing in both, print the tag and the sum of its counts from both lists, one pair per line, in ascending tag order. If no tag is shared, print nothing.","Line 1: N.
Line 2: N space-separated tags (Photo1).
Line 3: M.
Line 4: M space-separated tags (Photo2).","N, M: 1-100
tags: 1-15 lowercase letters","5
sun sky sun sea tree
4
sun sea sea moon","sea 3
sun 3","5
sun sky sun sea tree
4
sun sea sea moon","sea 3
sun 3","1
sun
1
sun","sun 2","1
sun
1
sky","","3
a a a
3
a a a","a 6","4
a b c d
4
e f g h","","5
z z z z z
1
z","z 6","6
a b c a b c
6
c b a c b a","a 4
b 4
c 4","4
q w e r
2
r q","q 2
r 2","1
sky
1
sun","","2
sky moon
2
sea sea","","3
sun moon sun
3
sun sun moon","moon 2
sun 4","4
sea sun sky sky
3
sun sky sun","sky 3
sun 3"
"S-009-1","Product Price Lookup","Silver","Hash Maps","A map stores one value per key, so writing the same key twice keeps only the newer value. Here later records overwrite earlier ones for the same product code. Queries then read straight out of that map, and a missing code produces a fixed message.","Read N product records (code and price), where a repeated code overwrites the earlier price. Then answer Q code queries, printing the stored price or NOT FOUND if the code was never listed.","Line 1: N.
Next N lines: a product code and an integer price, separated by a space.
Next line: Q.
Next Q lines: one product code each.","N, Q: 1-50
codes: 1-15 characters, no spaces, case-sensitive
prices: 0-1000000","3
apple 100
bread 250
apple 120
3
apple
bread
milk","120
250
NOT FOUND","3
apple 100
bread 250
apple 120
3
apple
bread
milk","120
250
NOT FOUND","1
a 0
1
a","0","1
a 0
1
b","NOT FOUND","2
x 1
x 2
1
x","2","3
p 5
q 6
r 7
3
r
q
p","7
6
5","2
A 1
a 2
2
A
a","1
2","1
k 1000000
2
k
K","1000000
NOT FOUND","4
z 1
z 2
z 3
z 4
1
z","4","1
a 379
1
b","NOT FOUND","2
A 248
A 109
2
b
z","NOT FOUND
NOT FOUND","3
A 282
b 270
b 2
2
q
A","NOT FOUND
282","4
a 56
z 159
a 344
z 238
3
q
A
z","NOT FOUND
NOT FOUND
238"
"S-009-2","Player Score Lookup","Silver","Hash Maps","Each player name appears exactly once in the records, so there is no overwriting to worry about. Queries read directly from the stored pairs, and a name that was never recorded answers -1.","Read N unique player-name and score pairs, then answer Q name queries by printing that player's score, or -1 if the name is not in the list.","Line 1: N.
Next N lines: a player name and an integer score, separated by a space.
Next line: Q.
Next Q lines: one player name each.","N, Q: 1-50
names are unique, 1-15 characters, no spaces, case-sensitive
scores: -1000000 to 1000000","3
anna 50
bob 70
carl 65
3
bob
carl
dave","70
65
-1","3
anna 50
bob 70
carl 65
3
bob
carl
dave","70
65
-1","1
a 0
1
a","0","1
a 0
1
b","-1","2
x 1
y 2
2
y
x","2
1","3
p -5
q 0
r 5
3
p
q
r","-5
0
5","2
A 1
a 2
2
A
a","1
2","1
k 1000000
2
k
z","1000000
-1","4
w 1
x 2
y 3
z 4
1
z","4","1
b -496
1
b","-496","2
a -133
z -165
2
A
q","-1
-1","3
a 222
b 474
b -96
2
A
q","-1
-1","4
b -240
A 341
a 31
A -72
3
q
q
q","-1
-1
-1"
"S-009-3","Latest Submission Lookup","Silver","Hash Maps","A student may submit many times, and only the most recent version is kept, so later entries overwrite earlier ones for the same student. Queries read the surviving value, and a student with no records at all gets a fixed message.","Read N submission records (student ID and version string), where later entries override earlier ones. Then answer Q student ID queries, printing the most recent version or NO SUBMISSION.","Line 1: N.
Next N lines: a student ID and a version string, separated by a space.
Next line: Q.
Next Q lines: one student ID each.","N, Q: 1-50
IDs and versions: 1-15 characters, no spaces, case-sensitive","4
s1 v1
s2 v1
s1 v2
s1 v3
3
s1
s2
s3","v3
v1
NO SUBMISSION","4
s1 v1
s2 v1
s1 v2
s1 v3
3
s1
s2
s3","v3
v1
NO SUBMISSION","1
a v
1
a","v","1
a v
1
b","NO SUBMISSION","2
x v1
x v2
1
x","v2","3
p a
q b
r c
3
r
q
p","c
b
a","2
S1 v1
s1 v2
2
S1
s1","v1
v2","1
k final
2
k
z","final
NO SUBMISSION","4
z v1
z v2
z v3
z v4
1
z","v4","1
z v1
1
a","NO SUBMISSION","2
A v2
a v1
2
b
A","NO SUBMISSION
v2","3
A v4
b v3
a v2
2
a
b","v2
v3","4
a v3
a v1
z v3
z v3
3
b
q
A","NO SUBMISSION
NO SUBMISSION
NO SUBMISSION"
"S-009-4","Stock Availability Lookup","Silver","Hash Maps","Later feed entries overwrite earlier quantities for the same SKU, so only the final quantity counts. A SKU is in stock only when it exists AND its final quantity is strictly above zero, so a quantity of exactly 0 reads as out of stock, just like an unknown SKU.","Read N SKU records (SKU and integer quantity), where later entries overwrite earlier ones. Then answer Q SKU queries, printing 'In stock' if the SKU exists with quantity above 0, otherwise 'Out of stock'.","Line 1: N.
Next N lines: a SKU and an integer quantity, separated by a space.
Next line: Q.
Next Q lines: one SKU each.","N, Q: 1-50
SKUs: 1-15 characters, no spaces, case-sensitive
quantities: 0-1000000","3
sku1 5
sku2 0
sku1 0
3
sku1
sku2
sku3","Out of stock
Out of stock
Out of stock","3
sku1 5
sku2 0
sku1 0
3
sku1
sku2
sku3","Out of stock
Out of stock
Out of stock","1
a 1
1
a","In stock","1
a 0
1
a","Out of stock","2
x 0
x 9
1
x","In stock","3
p 1
q 2
r 3
3
p
q
r","In stock
In stock
In stock","2
A 5
a 0
2
A
a","In stock
Out of stock","1
k 1000000
2
k
z","In stock
Out of stock","4
z 9
z 8
z 7
z 0
1
z","Out of stock","1
z 9
1
b","Out of stock","2
A 1
a 9
2
A
A","In stock
In stock","3
z 9
A 1
a 0
2
q
b","Out of stock
Out of stock","4
A 9
A 1
A 9
a 9
3
z
A
z","Out of stock
In stock
Out of stock"
"S-009-5","Postal Population Lookup","Silver","Hash Maps","Postal codes are unique in the records, so each maps to exactly one population figure. Queries read that figure directly, and a code that was never listed answers 0.","Read N unique postal-code and population pairs, then answer Q postal-code queries by printing the stored population, or 0 if the code is not present.","Line 1: N.
Next N lines: a postal code and an integer population, separated by a space.
Next line: Q.
Next Q lines: one postal code each.","N, Q: 1-50
postal codes are unique, 1-10 characters, no spaces, case-sensitive
populations: 0-1000000","3
90210 21000
10001 45000
60601 33000
3
10001
60601
99999","45000
33000
0","3
90210 21000
10001 45000
60601 33000
3
10001
60601
99999","45000
33000
0","1
a 0
1
a","0","1
a 5
1
b","0","2
x 1
y 2
2
y
x","2
1","3
p 0
q 0
r 0
3
p
q
r","0
0
0","2
AB 1
ab 2
2
AB
ab","1
2","1
k 1000000
2
k
z","1000000
0","4
w 1
x 2
y 3
z 4
1
w","1","1
A 344
1
A","344","2
z 224
A 351
2
A
z","351
224","3
b 778
z 821
a 464
2
q
q","0
0","4
a 31
z 455
A 176
b 388
3
A
z
b","176
455
388"
"S-010-1","Two Coins Summing to Target","Silver","Two Pointers","Because the coin values are already sorted, two pointers starting at the ends can walk toward each other: if the current sum is too small the left pointer moves right, and if too large the right pointer moves left. Ties are settled by the smallest first index, then the smallest second.","Read N coin values in nondecreasing order and a target T. Print the 1-based indices i and j (i < j) of a pair summing to T, choosing the smallest i and then the smallest j. Print '-1 -1' if no such pair exists.","Line 1: N, T (space-separated).
Line 2: N space-separated integers in nondecreasing order.","N: 2-100
T: -20000 to 20000
coin values: -10000 to 10000","5 9
1 2 4 5 7","2 5","5 9
1 2 4 5 7","2 5","2 0
0 0","1 2","2 5
1 2","-1 -1","4 4
2 2 2 2","1 2","4 -3
-5 -2 -1 4","2 3","6 0
-3 -2 -1 1 2 3","1 6","8 15
1 2 3 4 5 6 7 8","7 8","3 20000
0 10000 10000","2 3","2 -8
-9 2","-1 -1","3 16
-6 1 5","-1 -1","5 8
-4 0 0 6 7","-1 -1","8 -18
-8 -7 -2 2 2 4 6 6","-1 -1"
"S-010-2","Two Timestamps a Fixed Gap Apart","Silver","Two Pointers","The list is already nondecreasing, so a later index never holds a smaller timestamp. The search wants a pair whose later value exceeds the earlier one by exactly D; note that D may be 0, which asks for two equal timestamps. Ties go to the smallest first index, then the smallest second.","Read N timestamps in nondecreasing order and a gap D. Print the 1-based indices i and j (i < j) such that timestamp[j] - timestamp[i] = D, choosing the smallest i and then the smallest j. Print NONE if no such pair exists.","Line 1: N, D (space-separated).
Line 2: N space-separated integers in nondecreasing order.","N: 2-100
D: 0-20000
timestamps: 0-10000","5 3
1 4 6 7 10","1 2","5 3
1 4 6 7 10","1 2","2 0
5 5","1 2","2 0
5 6","NONE","4 0
1 2 3 4","NONE","4 1
1 2 3 4","1 2","6 5
0 1 2 3 4 5","1 6","8 100
1 2 3 4 5 6 7 8","NONE","3 10000
0 5000 10000","1 3","2 5
0 2","NONE","3 1
0 9 12","NONE","5 0
0 3 4 7 7","4 5","8 2
0 1 2 4 7 8 9 9","1 3"
"S-010-3","Two Weights Closest to Target","Silver","Two Pointers","No pair need hit the target exactly; the goal is the pair whose sum is nearest to it, measured as the absolute distance from T. A sum may overshoot or undershoot, and a sum 3 above T is just as good as one 3 below. Ties are settled by the smallest first index, then the smallest second.","Read N weights and a target T. Find the pair of distinct positions whose sum is closest to T, breaking ties by smallest first index then smallest second. Print the two 1-based indices followed by the achieved sum.","Line 1: N, T (space-separated).
Line 2: N space-separated integers.","N: 2-100
T: -20000 to 20000
weights: -10000 to 10000","5 10
1 3 8 2 6","3 4 10","5 10
1 3 8 2 6","3 4 10","2 0
0 0","1 2 0","2 100
1 2","1 2 3","4 4
2 2 2 2","1 2 4","4 0
-5 -3 3 5","1 4 0","6 7
1 2 3 4 5 6","1 6 7","8 -20000
-10000 -10000 1 2 3 4 5 6","1 2 -20000","3 5
1 4 9","1 2 5","2 9
-2 -9","1 2 -11","3 18
-5 9 6","2 3 15","5 -16
5 0 -2 5 -8","3 5 -10","8 8
-6 0 9 -5 3 2 -2 -5","2 3 9"
"S-010-4","Count Pairs at a Fixed Distance","Silver","Two Pointers","Every unordered pair of positions is considered once, with the earlier index first. A pair counts when the later value exceeds the earlier by exactly K. Since the list is sorted, duplicates can create many qualifying pairs when K is 0.","Read N page counts in nondecreasing order and a gap K. Print how many index pairs (i < j) satisfy pages[j] - pages[i] = K.","Line 1: N, K (space-separated).
Line 2: N space-separated integers in nondecreasing order.","N: 2-100
K: 0-20000
page counts: 0-10000","6 2
1 2 3 4 5 6","4","6 2
1 2 3 4 5 6","4","2 0
5 5","1","2 0
5 6","0","4 0
7 7 7 7","6","4 1
1 2 3 4","3","6 3
0 0 3 3 6 6","8","8 100
1 2 3 4 5 6 7 8","0","5 5
0 5 10 15 20","4","2 0
0 2","0","3 7
4 4 7","0","5 4
0 1 4 5 7","2","8 7
0 3 4 4 4 6 7 8","1"
"S-010-5","Largest Pair Sum Under a Cap","Silver","Two Pointers","Among all pairs whose sum does not exceed T, the largest such sum is wanted. The cap is inclusive, so a sum exactly equal to T is allowed and would be the best possible. If every pair overshoots the cap, the answer is NONE.","Read N heights in nondecreasing order and a cap T. Print the largest sum of two distinct heights that is at most T, or NONE if every pair exceeds T.","Line 1: N, T (space-separated).
Line 2: N space-separated integers in nondecreasing order.","N: 2-100
T: -20000 to 20000
heights: -10000 to 10000","5 10
1 3 5 7 9","10","5 10
1 3 5 7 9","10","2 0
0 0","0","2 1
1 2","NONE","4 4
2 2 2 2","4","4 -20000
1 2 3 4","NONE","6 0
-5 -4 -3 3 4 5","0","8 15
1 2 3 4 5 6 7 8","15","3 20000
0 10000 10000","20000","2 6
-1 8","NONE","3 7
-7 -1 6","5","5 -6
-9 -8 1 4 5","-7","8 -18
-9 -4 -3 0 1 2 8 9","NONE"
"S-011-1","Merge Two Sorted Arrays","Silver","Two Pointers","Both inputs are already in nondecreasing order, so the merged result can be built by repeatedly taking whichever front element is smaller. Every duplicate is kept, so the output length is always the two lengths added together.","Read two nondecreasing integer arrays A and B and print a single nondecreasing array containing all their elements, keeping every duplicate.","Line 1: N.
Line 2: N space-separated integers in nondecreasing order (array A).
Line 3: M.
Line 4: M space-separated integers in nondecreasing order (array B).","N, M: 1-100
values: -10000 to 10000","3
1 4 7
4
2 3 5 8","1 2 3 4 5 7 8","3
1 4 7
4
2 3 5 8","1 2 3 4 5 7 8","1
0
1
0","0 0","1
5
1
1","1 5","3
1 1 1
3
1 1 1","1 1 1 1 1 1","4
1 2 3 4
4
5 6 7 8","1 2 3 4 5 6 7 8","4
5 6 7 8
4
1 2 3 4","1 2 3 4 5 6 7 8","2
-10000 10000
2
-10000 10000","-10000 -10000 10000 10000","5
2 2 2 2 2
1
2","2 2 2 2 2 2","1
-5
1
5","-5 5","2
-2 0
2
-9 -1","-9 -2 -1 0","3
-7 -7 8
2
-4 3","-7 -7 -4 3 8","4
-1 -1 0 6
3
-7 -5 -3","-7 -5 -3 -1 -1 0 6"
"S-011-2","Merge Two Event Logs","Silver","Two Pointers","Timestamps are written as HH:MM:SS, and because every field is zero-padded to two digits they can be compared as plain text. Both logs are already in order. When two events share a timestamp, the one from Log1 is placed first.","Read two chronologically sorted lists of HH:MM:SS timestamps and merge them into one chronological timeline, placing Log1's events before Log2's when timestamps tie. Print the merged timestamps separated by spaces.","Line 1: N.
Line 2: N space-separated timestamps (Log1).
Line 3: M.
Line 4: M space-separated timestamps (Log2).","N, M: 1-100
timestamps use the form HH:MM:SS with two digits per field","3
01:00:00 03:00:00 05:00:00
3
02:00:00 03:00:00 04:00:00","01:00:00 02:00:00 03:00:00 03:00:00 04:00:00 05:00:00","3
01:00:00 03:00:00 05:00:00
3
02:00:00 03:00:00 04:00:00","01:00:00 02:00:00 03:00:00 03:00:00 04:00:00 05:00:00","1
00:00:00
1
00:00:00","00:00:00 00:00:00","1
23:59:59
1
00:00:00","00:00:00 23:59:59","2
01:00:00 01:00:00
2
01:00:00 01:00:00","01:00:00 01:00:00 01:00:00 01:00:00","3
01:00:00 02:00:00 03:00:00
3
04:00:00 05:00:00 06:00:00","01:00:00 02:00:00 03:00:00 04:00:00 05:00:00 06:00:00","3
10:00:00 11:00:00 12:00:00
1
09:59:59","09:59:59 10:00:00 11:00:00 12:00:00","2
12:30:45 12:30:46
2
12:30:45 12:30:47","12:30:45 12:30:45 12:30:46 12:30:47","4
00:00:01 00:00:02 00:00:03 00:00:04
1
00:00:00","00:00:00 00:00:01 00:00:02 00:00:03 00:00:04","1
23:10:59
1
07:33:10","07:33:10 23:10:59","2
05:59:39 09:44:04
2
03:40:34 06:31:14","03:40:34 05:59:39 06:31:14 09:44:04","3
03:59:12 09:36:28 22:13:10
2
12:49:43 14:34:16","03:59:12 09:36:28 12:49:43 14:34:16 22:13:10","4
18:08:23 18:12:17 23:15:32 23:30:30
3
00:06:17 17:48:11 22:08:16","00:06:17 17:48:11 18:08:23 18:12:17 22:08:16 23:15:32 23:30:30"
"S-011-3","Sorted Union of Two Word Lists","Silver","Two Pointers","Both lists are already in lexicographic order. The result holds every word appearing in either list, but each word appears exactly once even if it was present in both or repeated within one.","Read two lexicographically sorted word lists S and T and print the sorted union: every distinct word from either list, each appearing once, in lexicographic order.","Line 1: N.
Line 2: N space-separated words in lexicographic order (list S).
Line 3: M.
Line 4: M space-separated words in lexicographic order (list T).","N, M: 1-100
words: 1-20 lowercase letters","3
apple cherry mango
3
banana cherry date","apple banana cherry date mango","3
apple cherry mango
3
banana cherry date","apple banana cherry date mango","1
a
1
a","a","1
a
1
b","a b","3
a a a
3
a a a","a","4
a b c d
4
e f g h","a b c d e f g h","2
zebra zebra
2
ant ant","ant zebra","5
a b c d e
1
c","a b c d e","3
kiwi lime mango
3
kiwi lime mango","kiwi lime mango","1
ac
1
ab","ab ac","2
ab bb
2
bc cb","ab bb bc cb","3
ab cb cb
2
ac bc","ab ac bc cb","4
ba bc cb cb
3
ac bc cb","ac ba bc cb"
"S-011-4","Merge Two Sensor Streams","Silver","Two Pointers","Both streams are already nondecreasing, and the merged output records where each reading came from. When two readings are numerically equal, the one from Sensor A is emitted first. Readings are printed exactly as they were given.","Read two nondecreasing lists of decimal readings from Sensor A and Sensor B. Merge them into one nondecreasing sequence, preferring A when readings tie. Print one 'reading source' pair per line, where source is A or B.","Line 1: N.
Line 2: N space-separated decimals (Sensor A).
Line 3: M.
Line 4: M space-separated decimals (Sensor B).","N, M: 1-50
readings: -1000.0 to 1000.0, given with one decimal place","3
1.0 2.5 4.0
3
2.0 2.5 3.5","1.0 A
2.0 B
2.5 A
2.5 B
3.5 B
4.0 A","3
1.0 2.5 4.0
3
2.0 2.5 3.5","1.0 A
2.0 B
2.5 A
2.5 B
3.5 B
4.0 A","1
0.0
1
0.0","0.0 A
0.0 B","1
5.0
1
1.0","1.0 B
5.0 A","2
1.0 1.0
2
1.0 1.0","1.0 A
1.0 A
1.0 B
1.0 B","3
1.0 2.0 3.0
3
4.0 5.0 6.0","1.0 A
2.0 A
3.0 A
4.0 B
5.0 B
6.0 B","3
4.0 5.0 6.0
3
1.0 2.0 3.0","1.0 B
2.0 B
3.0 B
4.0 A
5.0 A
6.0 A","2
-1000.0 1000.0
2
-1000.0 1000.0","-1000.0 A
-1000.0 B
1000.0 A
1000.0 B","4
0.1 0.2 0.3 0.4
1
0.25","0.1 A
0.2 A
0.25 B
0.3 A
0.4 A","1
-1.3
1
-0.3","-1.3 A
-0.3 B","2
-0.7 0.4
2
0.9 1.5","-0.7 A
0.4 A
0.9 B
1.5 B","3
-2.7 1.9 2.0
2
2.7 3.7","-2.7 A
1.9 A
2.0 A
2.7 B
3.7 B","4
-3.0 -2.6 -0.2 1.8
3
-0.5 2.4 3.6","-3.0 A
-2.6 A
-0.5 B
-0.2 A
1.8 A
2.4 B
3.6 B"
"S-011-5","Merge Users and Report Runs","Silver","Two Pointers","Both lists are sorted and contain no repeats within themselves, though the same name may appear in both. After merging, the result is examined for runs: maximal stretches of consecutive entries that all came from the same source list. When a name is in both lists, U's copy is placed first.","Read two sorted username lists U and V. Print the merged sorted list on the first line, then on the second line the lengths of the maximal consecutive runs of entries coming from the same source list, in order.","Line 1: N.
Line 2: N space-separated usernames in lexicographic order (list U).
Line 3: M.
Line 4: M space-separated usernames in lexicographic order (list V).","N, M: 1-50
usernames: 1-15 lowercase letters, no repeats within a list","3
ann carl eve
3
bob dan frank","ann bob carl dan eve frank
1 1 1 1 1 1","3
ann carl eve
3
bob dan frank","ann bob carl dan eve frank
1 1 1 1 1 1","1
a
1
b","a b
1 1","1
b
1
a","a b
1 1","1
a
1
a","a a
1 1","3
a b c
3
d e f","a b c d e f
3 3","3
d e f
3
a b c","a b c d e f
3 3","4
a c e g
4
b d f h","a b c d e f g h
1 1 1 1 1 1 1 1","2
mid zoo
3
ant bee cat","ant bee cat mid zoo
3 2","1
ann
1
eve","ann eve
1 1","2
ann dee
2
eve fay","ann dee eve fay
2 2","3
cid dee eve
2
ann bob","ann bob cid dee eve
2 3","4
bob eve fay gus
3
ann cid hal","ann bob cid eve fay gus hal
1 1 1 3 1"
"S-012-1","Squeeze Out Duplicates","Silver","Two Pointers","Because the array is already sorted, equal values sit next to each other, so a duplicate can be spotted by comparing each element only with the one before it. Every distinct value is kept exactly once, in the same nondecreasing order.","Read N integers in nondecreasing order. Remove duplicates so each distinct value appears once, then print the new length on one line and the resulting values on the next.","Line 1: N.
Line 2: N space-separated integers in nondecreasing order.","N: 1-100
values: -10000 to 10000","7
1 1 2 3 3 3 5","4
1 2 3 5","7
1 1 2 3 3 3 5","4
1 2 3 5","1
0","1
0","2
5 5","1
5","2
5 6","2
5 6","4
1 2 3 4","4
1 2 3 4","5
7 7 7 7 7","1
7","8
-2 -2 -1 0 0 1 2 2","5
-2 -1 0 1 2","3
-10000 0 10000","3
-10000 0 10000","1
-1","1
-1","3
-1 3 3","2
-1 3","5
-3 0 1 4 4","4
-3 0 1 4","8
-4 -3 -3 -1 0 0 1 1","5
-4 -3 -1 0 1"
"S-012-2","Keep at Most Two","Silver","Two Pointers","The list is sorted, so equal timestamps are adjacent. Each distinct timestamp may survive at most twice; any third or later copy is dropped. A value present only once still survives once, and the kept entries stay in their original sorted order.","Read N timestamps in nondecreasing order. Keep at most two copies of each identical timestamp, then print the new length on one line and the resulting prefix on the next.","Line 1: N.
Line 2: N space-separated integers in nondecreasing order.","N: 1-100
timestamps: 0-1000000","8
1 1 1 2 3 3 3 3","5
1 1 2 3 3","8
1 1 1 2 3 3 3 3","5
1 1 2 3 3","1
0","1
0","2
5 5","2
5 5","3
5 5 5","2
5 5","4
1 2 3 4","4
1 2 3 4","6
7 7 7 7 7 7","2
7 7","8
0 0 1 1 2 2 3 3","8
0 0 1 1 2 2 3 3","5
1000000 1000000 1000000 1000000 1000000","2
1000000 1000000","1
2","1
2","3
1 2 4","3
1 2 4","5
2 2 3 4 4","5
2 2 3 4 4","8
1 1 2 2 3 3 3 4","7
1 1 2 2 3 3 4"
"S-012-3","Count Distinct in a Sorted Array","Silver","Two Pointers","Since the array is sorted, equal values are always adjacent, so counting distinct values is just counting how many times the value changes as you scan, plus one for the first element.","Read N non-negative integers in nondecreasing order and print how many distinct values are present.","Line 1: N.
Line 2: N space-separated integers in nondecreasing order.","N: 1-100
values: 0-1000000","7
1 1 2 3 3 3 5","4","7
1 1 2 3 3 3 5","4","1
0","1","2
5 5","1","2
5 6","2","4
1 2 3 4","4","5
7 7 7 7 7","1","8
0 0 0 0 0 0 0 1","2","3
0 500000 1000000","3","1
3","1","3
2 3 3","2","5
1 1 2 4 5","4","8
0 1 2 3 4 4 5 5","6"
"S-012-4","Keep at Most Three","Silver","Two Pointers","The usernames are already in nondecreasing order, so equal names are adjacent. Each distinct name may survive at most three times; further copies are dropped. Names appearing fewer than three times are untouched.","Read N usernames in nondecreasing order. Keep at most three copies of each name, then print the new length on one line and the resulting prefix on the next.","Line 1: N.
Line 2: N space-separated usernames in nondecreasing order.","N: 1-100
usernames: 1-15 lowercase letters","8
ann ann ann ann bob cid cid cid","7
ann ann ann bob cid cid cid","8
ann ann ann ann bob cid cid cid","7
ann ann ann bob cid cid cid","1
ann","1
ann","3
ann ann ann","3
ann ann ann","4
ann ann ann ann","3
ann ann ann","4
a b c d","4
a b c d","6
zed zed zed zed zed zed","3
zed zed zed","8
a a b b c c d d","8
a a b b c c d d","5
kim kim kim kim kim","3
kim kim kim","1
aa","1
aa","3
ba ca cc","3
ba ca cc","5
ab bb bc cb cc","5
ab bb bc cb cc","8
aa ab ab ac ac bb ca ca","8
aa ab ab ac ac bb ca ca"
"S-012-5","Compact Equal Readings","Silver","Two Pointers","The readings are already in nondecreasing order, so equal readings form contiguous runs. Each run collapses to a single representative, and readings are printed exactly as they were given.","Read N decimal sensor readings in nondecreasing order. Keep one representative per run of equal readings, then print the length of the compacted prefix on one line and those readings on the next.","Line 1: N.
Line 2: N space-separated decimals in nondecreasing order.","N: 1-100
readings: -1000.0 to 1000.0, given with one decimal place","7
1.0 1.0 2.5 3.5 3.5 3.5 4.0","4
1.0 2.5 3.5 4.0","7
1.0 1.0 2.5 3.5 3.5 3.5 4.0","4
1.0 2.5 3.5 4.0","1
0.0","1
0.0","2
5.0 5.0","1
5.0","2
5.0 5.1","2
5.0 5.1","4
1.0 2.0 3.0 4.0","4
1.0 2.0 3.0 4.0","5
7.7 7.7 7.7 7.7 7.7","1
7.7","8
-1000.0 -1000.0 0.0 0.0 0.0 1000.0 1000.0 1000.0","3
-1000.0 0.0 1000.0","3
0.1 0.2 0.3","3
0.1 0.2 0.3","1
-0.4","1
-0.4","3
-1.7 -0.7 1.4","3
-1.7 -0.7 1.4","5
-0.4 -0.1 0.1 0.1 1.0","4
-0.4 -0.1 0.1 1.0","8
-1.4 -0.3 0.6 1.2 1.3 1.4 1.4 1.9","7
-1.4 -0.3 0.6 1.2 1.3 1.4 1.9"
"S-013-1","Do Any Windows Clash","Silver","Intervals","A half-open window [s, e) includes its start but excludes its end, so a window ending at 10 and one starting at 10 do NOT clash: they merely touch. Two half-open windows overlap exactly when each one starts before the other ends.","Read N maintenance windows given as half-open intervals [start, end), sorted by start. Print YES if any two of them overlap, otherwise NO.","Line 1: N.
Next N lines: start and end, separated by a space.","N: 1-50
intervals are sorted by start and satisfy start < end
times: 0-100000","3
0 10
5 15
20 30","YES","3
0 10
5 15
20 30","YES","1
0 5","NO","2
0 10
10 20","NO","2
0 10
9 20","YES","3
0 1
1 2
2 3","NO","4
0 100
1 2
3 4
5 6","YES","5
0 1
2 3
4 5
6 7
8 9","NO","2
0 100000
99999 100000","YES","1
20 24","NO","2
7 8
12 17","NO","3
15 16
15 17
19 22","YES","5
4 5
4 7
4 8
12 13
18 20","YES"
"S-013-2","Do the Two Calendars Clash","Silver","Intervals","A closed interval [s, e] includes BOTH endpoints, so an appointment ending at 10 and one starting at 10 do clash: they share the instant 10. Only cross-calendar pairs matter here, so two appointments within the same calendar overlapping is irrelevant.","Read two doctors' calendars, each a sorted list of closed intervals [start, end]. Print YES if any appointment from calendar A overlaps any appointment from calendar B, otherwise NO.","Line 1: N.
Next N lines: start and end for calendar A.
Next line: M.
Next M lines: start and end for calendar B.","N, M: 1-50
intervals are sorted by start and satisfy start <= end
times: 0-100000","2
0 10
30 40
2
15 20
35 50","YES","2
0 10
30 40
2
15 20
35 50","YES","1
0 5
1
5 10","YES","1
0 5
1
6 10","NO","1
0 0
1
0 0","YES","2
0 1
2 3
2
4 5
6 7","NO","3
10 20
30 40
50 60
1
45 45","NO","2
0 100000
0 1
1
100000 100000","YES","3
1 2
3 4
5 6
3
2 2
7 8
9 10","YES","1
10 12
1
18 22","NO","2
9 10
17 18
2
0 2
7 9","YES","3
0 1
2 5
19 24
2
4 8
20 24","YES","3
3 4
7 8
14 19
4
2 3
7 8
7 9
10 11","YES"
"S-013-3","First Clashing Segment Pair","Silver","Intervals","Half-open segments [s, e) exclude their end, so segments that merely touch do not clash. Only cross-playlist pairs are considered. When several pairs clash, the answer is pinned down by the smallest index in Playlist A, then the smallest in Playlist B.","Read two sorted lists of half-open video segments [s, e). Print the 1-based indices i and j of an overlapping pair, choosing the smallest i and then the smallest j. Print '-1 -1' if no pair overlaps.","Line 1: N.
Next N lines: start and end for Playlist A.
Next line: M.
Next M lines: start and end for Playlist B.","N, M: 1-50
intervals are sorted by start and satisfy start < end
times: 0-100000","2
0 10
30 40
2
5 20
35 50","1 1","2
0 10
30 40
2
5 20
35 50","1 1","1
0 5
1
5 10","-1 -1","1
0 5
1
4 10","1 1","2
0 1
2 3
2
4 5
6 7","-1 -1","3
0 10
10 20
20 30
1
15 16","2 1","2
0 100
0 100
2
50 60
70 80","1 1","4
0 1
1 2
2 3
3 4
1
0 100","1 1","2
0 100000
1 2
1
99999 100000","1 1","1
0 5
1
18 21","-1 -1","2
3 6
20 24
2
8 11
13 16","-1 -1","3
5 8
11 16
14 18
2
0 3
16 18","3 2","3
4 7
11 16
18 19
4
5 9
7 10
8 9
15 17","1 1"
"S-013-4","All Reservation Overlaps","Silver","Intervals","The intersection of two closed intervals runs from the later of the two starts to the earlier of the two ends, and it is non-empty only when that start does not exceed that end. A pair touching at a single point yields a one-instant intersection, which still counts.","Read two logs of sorted closed intervals [s, e]. Print every non-empty intersection between a reservation from log1 and one from log2, one 'start end' pair per line, sorted by start then end. Print nothing if there are no intersections.","Line 1: N.
Next N lines: start and end for log1.
Next line: M.
Next M lines: start and end for log2.","N, M: 1-30
intervals are sorted by start and satisfy start <= end
times: 0-100000","2
0 10
20 30
2
5 25
28 40","5 10
20 25
28 30","2
0 10
20 30
2
5 25
28 40","5 10
20 25
28 30","1
0 5
1
5 10","5 5","1
0 5
1
6 10","","1
0 0
1
0 0","0 0","2
0 1
2 3
2
4 5
6 7","","2
0 100
0 100
2
10 20
30 40","10 20
10 20
30 40
30 40","3
1 2
3 4
5 6
1
0 100","1 2
3 4
5 6","2
0 100000
1 1
2
1 1
99999 100000","1 1
1 1
99999 100000","1
17 17
1
14 14","","2
12 16
14 18
2
8 9
9 13","12 13","3
7 8
15 16
17 20
2
7 9
14 15","7 8
15 15","3
7 11
9 12
17 17
4
1 1
1 1
7 11
19 20","7 11
9 11"
"S-013-5","Do Any Track Occupancies Clash","Silver","Intervals","An open interval (s, e) excludes BOTH endpoints, so it covers only the points strictly between them. Two open intervals overlap when the later start is strictly less than the earlier end, which means intervals that merely touch, or even share one endpoint, do not clash.","Read N track occupancies given as open intervals (s, e), sorted by start. Print YES if any two of them overlap, otherwise NO.","Line 1: N.
Next N lines: start and end, separated by a space.","N: 1-50
intervals are sorted by start and satisfy start < end
times: 0-100000","3
0 10
5 15
20 30","YES","3
0 10
5 15
20 30","YES","1
0 5","NO","2
0 10
10 20","NO","2
0 10
9 20","YES","3
0 1
1 2
2 3","NO","4
0 100
1 2
3 4
5 6","YES","5
0 2
2 4
4 6
6 8
8 10","NO","2
0 100000
99999 100000","YES","1
14 16","NO","2
4 9
16 20","NO","3
11 15
11 16
14 17","YES","5
5 8
6 7
14 19
17 18
20 23","YES"
"S-014-1","Push the Zeros Back","Silver","Two Pointers","The array is split into two groups without sorting: everything non-zero moves to the front and every zero to the back. Within each group the elements keep the relative order they had in the input, so this is a stable partition rather than a shuffle.","Read N integers and rearrange them so every non-zero element appears before every zero, keeping the original relative order within each group. Print the resulting array.","Line 1: N.
Line 2: N space-separated integers.","N: 1-100
values: -10000 to 10000","6
0 3 0 -5 7 0","3 -5 7 0 0 0","6
0 3 0 -5 7 0","3 -5 7 0 0 0","1
0","0","1
5","5","4
0 0 0 0","0 0 0 0","4
1 2 3 4","1 2 3 4","6
1 0 2 0 3 0","1 2 3 0 0 0","8
0 0 0 0 1 2 3 4","1 2 3 4 0 0 0 0","3
-10000 0 10000","-10000 10000 0","1
-2","-2","3
-1 1 1","-1 1 1","6
-1 1 0 -3 2 1","-1 1 -3 2 1 0","9
-2 1 0 -3 -2 1 3 0 -2","-2 1 -3 -2 1 3 -2 0 0"
"S-014-2","Evens Left, Odds Right","Silver","Two Pointers","The array is split into two groups: even numbers to the left and odd numbers to the right. Negative numbers follow the same rule, so -4 is even and -3 is odd, and zero is even. Within each group the original relative order is preserved.","Read N integers and rearrange them so all even numbers come before all odd numbers, keeping the original relative order within each group. Print the resulting list.","Line 1: N.
Line 2: N space-separated integers.","N: 1-100
values: -10000 to 10000","6
3 8 5 2 7 4","8 2 4 3 5 7","6
3 8 5 2 7 4","8 2 4 3 5 7","1
0","0","1
1","1","4
2 4 6 8","2 4 6 8","4
1 3 5 7","1 3 5 7","6
-3 -2 -1 0 1 2","-2 0 2 -3 -1 1","8
1 2 3 4 5 6 7 8","2 4 6 8 1 3 5 7","3
-10000 -9999 0","-10000 0 -9999","1
-1","-1","3
-3 6 -2","6 -2 -3","6
2 1 0 0 6 3","2 0 0 6 1 3","9
3 -4 -4 -5 6 -2 0 -1 5","-4 -4 6 -2 0 3 -5 -1 5"
"S-014-3","Negatives First","Silver","Two Pointers","The array is split into two groups: strictly negative values on the left and everything else (zero and positives) on the right. Zero counts as non-negative. Within each group the original relative order is preserved.","Read N integers and partition them so all negative values come before all non-negative values, keeping the original relative order within each group. Print the rearranged array.","Line 1: N.
Line 2: N space-separated integers.","N: 1-100
values: -10000 to 10000","6
3 -1 0 -7 5 -2","-1 -7 -2 3 0 5","6
3 -1 0 -7 5 -2","-1 -7 -2 3 0 5","1
0","0","1
-1","-1","4
-1 -2 -3 -4","-1 -2 -3 -4","4
1 2 3 4","1 2 3 4","6
0 0 0 0 0 0","0 0 0 0 0 0","8
-1 1 -2 2 -3 3 -4 4","-1 -2 -3 -4 1 2 3 4","3
-10000 0 10000","-10000 0 10000","1
-4","-4","3
2 -2 1","-2 2 1","6
-2 1 -6 4 0 1","-2 -6 1 4 0 1","9
5 3 -1 -5 2 -2 2 -5 6","-1 -5 -2 -5 5 3 2 2 6"
"S-014-4","False Left, True Right","Silver","Two Pointers","The flags are split into two groups: all the false values (0) on the left and all the true values (1) on the right. Since there are only two possible values, this amounts to counting the zeros and writing them out first.","Read N boolean flags given as 0 or 1 and compact them so all 0s are on the left and all 1s on the right. Print the resulting array.","Line 1: N.
Line 2: N space-separated values, each 0 or 1.","N: 1-100
flags: 0 or 1","6
1 0 1 1 0 0","0 0 0 1 1 1","6
1 0 1 1 0 0","0 0 0 1 1 1","1
0","0","1
1","1","4
0 0 0 0","0 0 0 0","4
1 1 1 1","1 1 1 1","6
0 1 0 1 0 1","0 0 0 1 1 1","8
1 1 1 1 0 0 0 0","0 0 0 0 1 1 1 1","3
1 0 1","0 1 1","3
1 0 0","0 0 1","6
1 1 1 0 1 1","0 1 1 1 1 1","9
1 0 0 0 1 0 1 1 1","0 0 0 0 1 1 1 1 1","6
0 0 1 1 1 1","0 0 1 1 1 1"
"S-014-5","Gather the Target Value","Silver","Two Pointers","The array is split into two groups: every element equal to T on the left and everything else on the right. If T does not occur at all, the array is left effectively unchanged. Within each group the original relative order is preserved.","Read N integers and a target T, then rearrange the array so every element equal to T appears before all other elements, keeping the original relative order within each group. Print the transformed array.","Line 1: N, T (space-separated).
Line 2: N space-separated integers.","N: 1-100
T: -10000 to 10000
values: -10000 to 10000","6 3
1 3 5 3 2 3","3 3 3 1 5 2","6 3
1 3 5 3 2 3","3 3 3 1 5 2","1 0
0","0","1 0
1","1","4 7
7 7 7 7","7 7 7 7","4 7
1 2 3 4","1 2 3 4","6 0
0 1 0 1 0 1","0 0 0 1 1 1","8 -5
1 -5 2 -5 3 -5 4 -5","-5 -5 -5 -5 1 2 3 4","3 10000
10000 -10000 10000","10000 10000 -10000","1 2
0","0","3 0
0 2 2","0 2 2","6 1
0 0 2 3 2 1","1 0 0 2 3 2","9 3
1 1 0 1 3 1 1 3 3","3 3 3 1 1 0 1 1 1"
"S-015-1","Visitors in a Day Range","Silver","Prefix Sums","The array given is already CUMULATIVE: entry i holds the running total from day 1 up to day i, not that single day's figure. To recover the total for days l..r, subtract the running total just before l from the running total at r. When l is 1 there is nothing to subtract.","Read a cumulative visitor array C of length N and Q queries. For each query (l, r) print the number of visitors arriving on days l through r inclusive, one answer per line.","Line 1: N, Q (space-separated).
Line 2: N space-separated integers (the cumulative array).
Next Q lines: l and r, separated by a space.","N, Q: 1-50
1 <= l <= r <= N
cumulative values are nondecreasing, 0-1000000","5 3
2 5 11 11 20
1 5
2 3
4 4","20
9
0","5 3
2 5 11 11 20
1 5
2 3
4 4","20
9
0","1 1
0
1 1","0","1 1
100
1 1","100","3 3
1 2 3
1 1
2 2
3 3","1
1
1","4 2
0 0 0 0
1 4
2 3","0
0","5 1
10 20 30 40 50
1 5","50","6 3
1 1 1 1 1 1
1 6
3 3
2 5","1
0
0","3 2
1000000 1000000 1000000
1 3
2 3","1000000
0","1 1
9
1 1","9","3 2
0 3 6
2 2
1 2","3
3","5 3
9 9 18 25 34
2 2
5 5
5 5","0
9
9","6 3
9 17 18 19 19 23
3 3
6 6
1 2","1
4
17"
"S-015-2","Rainfall Between Positions","Silver","Prefix Sums","The array holds CUMULATIVE rainfall: entry i is the total collected from position 1 through i. A range total is recovered by subtracting the cumulative value just before the range start from the cumulative value at the range end.","Read a cumulative rainfall array P of length N and Q queries. For each query (l, r) print the total rainfall between positions l and r inclusive, one answer per line.","Line 1: N, Q (space-separated).
Line 2: N space-separated integers (the cumulative array).
Next Q lines: l and r, separated by a space.","N, Q: 1-50
1 <= l <= r <= N
cumulative values are nondecreasing, 0-1000000","5 3
3 3 9 14 14
1 5
3 4
2 2","14
11
0","5 3
3 3 9 14 14
1 5
3 4
2 2","14
11
0","1 1
7
1 1","7","1 1
0
1 1","0","4 4
1 3 6 10
1 1
2 2
3 3
4 4","1
2
3
4","4 2
0 0 0 0
1 4
2 3","0
0","5 1
5 10 15 20 25
2 4","15","6 3
2 4 6 8 10 12
1 6
6 6
3 5","12
2
6","3 2
1000000 1000000 1000000
1 3
2 2","1000000
0","3 2
9 9 11
2 2
1 1","0
9","5 3
5 11 20 28 32
5 5
2 3
4 4","4
15
8","6 3
2 6 9 10 10 14
5 6
3 6
1 4","4
8
10","1 1
5
1 1","5"
"S-015-3","Coin Weight in a Box Range","Silver","Prefix Sums","Entry i of the array is the combined weight of boxes 1 through i, a running total rather than a single box's weight. Subtracting the running total just before box l from the total at box r leaves exactly the weight of boxes l..r.","Read a cumulative weight array S of length N and Q queries. For each query (l, r) print the total coin weight in boxes l through r inclusive, one answer per line.","Line 1: N, Q (space-separated).
Line 2: N space-separated integers (the cumulative array).
Next Q lines: l and r, separated by a space.","N, Q: 1-50
1 <= l <= r <= N
cumulative values are nondecreasing, 0-1000000","5 3
4 9 9 16 25
1 5
2 4
5 5","25
12
9","5 3
4 9 9 16 25
1 5
2 4
5 5","25
12
9","1 1
1
1 1","1","1 1
0
1 1","0","3 3
5 10 15
1 3
1 2
2 3","15
10
10","4 2
0 0 0 0
1 4
3 3","0
0","5 1
1 2 3 4 5
1 5","5","6 3
0 0 5 5 5 9
1 6
3 3
4 6","9
5
4","3 2
999999 1000000 1000000
1 1
2 3","999999
1","1 1
5
1 1","5","3 2
3 9 9
2 3
2 3","6
6","5 3
7 10 18 19 23
1 2
4 4
3 4","10
1
9","6 3
2 11 15 18 24 32
6 6
3 6
6 6","8
21
8"
"S-015-4","Marked Cells in a Column Range","Silver","Prefix Sums","The array is in prefix form: entry i counts the marked cells among columns 1 through i. Because each cell is either marked or not, the array grows by at most one per step. A range count comes from subtracting the prefix just before l from the prefix at r.","Read a prefix count array M of length N and Q queries. For each query (l, r) print how many marked cells lie in columns l through r inclusive, one answer per line.","Line 1: N, Q (space-separated).
Line 2: N space-separated integers (the prefix array).
Next Q lines: l and r, separated by a space.","N, Q: 1-50
1 <= l <= r <= N
the prefix array is nondecreasing and grows by at most 1 per step","6 3
1 1 2 3 3 4
1 6
2 4
5 5","4
2
0","6 3
1 1 2 3 3 4
1 6
2 4
5 5","4
2
0","1 1
0
1 1","0","1 1
1
1 1","1","4 4
1 2 3 4
1 1
2 2
3 3
4 4","1
1
1
1","5 2
0 0 0 0 0
1 5
2 3","0
0","5 1
1 2 3 4 5
1 5","5","6 3
0 1 1 2 2 3
1 6
1 3
4 6","3
1
2","3 2
1 1 1
1 3
2 3","1
0","3 2
0 0 0
3 3
2 2","0
0","5 3
1 2 3 4 5
3 3
2 2
3 3","1
1
1","6 3
1 2 2 3 4 5
5 5
4 4
3 4","1
1
1","3 2
0 1 2
1 3
2 3","2
2"
"S-015-5","Brightness Across Columns","Silver","Prefix Sums","Entry i of the array is the cumulative brightness from column 1 up to column i. To get the brightness across columns l..r, subtract the cumulative value just before l from the value at r; when l is 1, nothing is subtracted.","Read a cumulative brightness array R of length N and Q queries. For each query (l, r) print the total brightness across columns l through r inclusive, one answer per line.","Line 1: N, Q (space-separated).
Line 2: N space-separated integers (the cumulative array).
Next Q lines: l and r, separated by a space.","N, Q: 1-50
1 <= l <= r <= N
cumulative values are nondecreasing, 0-1000000","5 3
10 25 25 40 60
1 5
2 4
3 3","60
30
0","5 3
10 25 25 40 60
1 5
2 4
3 3","60
30
0","1 1
255
1 1","255","1 1
0
1 1","0","3 3
1 2 3
1 3
1 2
3 3","3
2
1","4 2
0 0 0 0
1 4
2 2","0
0","5 1
100 200 300 400 500
2 5","400","6 3
7 7 7 7 7 7
1 6
2 5
6 6","7
0
0","3 2
1000000 1000000 1000000
1 2
3 3","1000000
0","1 1
5
1 1","5","3 2
9 16 25
3 3
3 3","9
9","5 3
0 9 9 10 17
5 5
2 5
2 5","7
17
17","6 3
1 10 12 21 24 33
3 5
2 2
3 6","14
9
23"
"S-016-1","Compost Every Plot","Silver","Prefix Sums","Applying each range update plot by plot would be slow when ranges are long. A difference array instead records only where a change STARTS and where it STOPS, then one running total at the end reconstructs every plot's value. Ranges are inclusive at both ends.","Read N garden plots starting at zero and Q operations, each 'l r x' adding x to every plot from l to r inclusive. Print the final amount for each of the N plots.","Line 1: N, Q (space-separated).
Next Q lines: l, r and x, separated by spaces.","N: 1-100
Q: 1-50
1 <= l <= r <= N
x: -1000 to 1000","5 3
1 3 2
2 5 1
4 4 10","2 3 3 11 1","5 3
1 3 2
2 5 1
4 4 10","2 3 3 11 1","1 1
1 1 5","5","1 1
1 1 0","0","4 1
1 4 -3","-3 -3 -3 -3","4 2
1 2 1
3 4 1","1 1 1 1","6 3
1 6 1
1 6 1
1 6 1","3 3 3 3 3 3","8 2
1 1 1000
8 8 -1000","1000 0 0 0 0 0 0 -1000","3 3
1 1 1
2 2 2
3 3 3","1 2 3","1 1
1 1 -2","-2","4 2
2 4 -1
3 3 -2","0 -1 -3 -1","6 3
4 6 -2
3 6 0
2 5 4","0 4 4 2 2 -2","8 4
8 8 2
4 7 1
3 3 0
2 6 -5","0 -5 -5 -4 -4 -4 1 2"
"S-016-2","Bookings Per Day","Silver","Prefix Sums","Each booking adds one to every day in its inclusive range. Rather than touching every day, a difference array marks a +1 where the range begins and a -1 just past where it ends, and a single running total then reveals each day's count.","Read N days starting at zero bookings and Q bookings, each 'l r' incrementing every day from l to r inclusive. Print the booking count for each of the N days.","Line 1: N, Q (space-separated).
Next Q lines: l and r, separated by a space.","N: 1-100
Q: 1-50
1 <= l <= r <= N","5 3
1 3
2 5
4 4","1 2 2 2 1","5 3
1 3
2 5
4 4","1 2 2 2 1","1 1
1 1","1","2 1
1 2","1 1","4 1
2 3","0 1 1 0","4 4
1 4
1 4
1 4
1 4","4 4 4 4","6 3
1 2
3 4
5 6","1 1 1 1 1 1","8 2
1 1
8 8","1 0 0 0 0 0 0 1","3 3
1 1
1 2
1 3","3 2 1","4 2
4 4
3 3","0 0 1 1","6 3
4 6
6 6
6 6","0 0 0 1 1 3","8 4
1 5
5 7
1 1
7 8","2 1 1 1 2 1 2 1","4 2
4 4
4 4","0 0 0 2"
"S-016-3","Paint Thickness Per Panel","Silver","Prefix Sums","Each stroke adds a thickness to every panel in an inclusive range, and that amount may be negative, which thins the paint instead. A difference array records only the boundaries of each stroke, and one running total recovers every panel's final thickness. Negative results are possible.","Read N panels starting at zero thickness and Q strokes, each 'l r d' adding d (possibly negative) to every panel from l to r inclusive. Print the final thickness of each panel.","Line 1: N, Q (space-separated).
Next Q lines: l, r and d, separated by spaces.","N: 1-100
Q: 1-50
1 <= l <= r <= N
d: -1000 to 1000","5 3
1 5 4
2 3 -2
5 5 7","4 2 2 4 11","5 3
1 5 4
2 3 -2
5 5 7","4 2 2 4 11","1 1
1 1 -5","-5","1 1
1 1 0","0","4 1
1 4 -1","-1 -1 -1 -1","4 2
1 4 5
1 4 -5","0 0 0 0","6 3
1 2 -1
3 4 -2
5 6 -3","-1 -1 -2 -2 -3 -3","8 2
1 8 1000
1 8 -1000","0 0 0 0 0 0 0 0","3 3
1 3 1
2 3 -1
3 3 -1","1 0 -1","1 1
1 1 5","5","4 2
2 3 -5
1 4 1","1 -4 -4 1","6 3
1 2 -5
3 4 0
1 4 1","-4 -4 1 1 0 0","8 4
3 7 5
3 7 -1
2 6 -2
6 7 -2","0 -2 2 2 2 0 2 0"
"S-016-4","Priciest Toll Booth","Silver","Prefix Sums","Each regulation adds a delta to every booth in an inclusive range, and deltas may be negative. After all regulations are applied, the booth with the highest final fee is reported; if several booths tie at that maximum, the one with the smallest index wins. Booth indices start at 1.","Read N toll booths starting at fee 0 and Q regulations, each 'l r delta' adding delta to every booth from l to r inclusive. Print the 1-based index of the booth with the maximum final fee (smallest index on ties) followed by that maximum fee.","Line 1: N, Q (space-separated).
Next Q lines: l, r and delta, separated by spaces.","N: 1-100
Q: 1-50
1 <= l <= r <= N
delta: -1000 to 1000","5 3
1 3 2
2 5 1
4 4 10","4 11","5 3
1 3 2
2 5 1
4 4 10","4 11","1 1
1 1 5","1 5","1 1
1 1 -5","1 -5","4 1
1 4 3","1 3","4 2
3 4 1
1 2 1","1 1","6 2
1 6 -1
6 6 -1","1 -1","8 2
1 1 1000
8 8 1000","1 1000","3 3
1 1 1
2 2 2
3 3 3","3 3","1 1
1 1 -4","1 -4","4 2
1 2 5
4 4 3","1 5","6 3
5 6 0
5 6 -3
3 5 3","3 3","8 4
5 6 -5
7 8 0
7 7 0
5 6 4","1 0"
"S-016-5","Well-Covered Points","Silver","Prefix Sums","Each camera adds one to the coverage of every point in its inclusive range. After all cameras are installed, a point counts as well covered when its coverage is at least K, so exactly K qualifies. Points covered by no camera have coverage 0.","Read N points starting uncovered, Q camera ranges each 'l r', and a threshold K. Print how many of the N points end up with coverage at least K.","Line 1: N, Q, K (space-separated).
Next Q lines: l and r, separated by a space.","N: 1-100
Q: 1-50
K: 1-50
1 <= l <= r <= N","6 3 2
1 4
2 6
3 3","3","6 3 2
1 4
2 6
3 3","3","1 1 1
1 1","1","1 1 2
1 1","0","4 2 2
1 4
1 4","4","4 2 3
1 4
1 4","0","6 3 1
1 2
3 4
5 6","6","8 2 1
1 1
8 8","2","5 3 3
1 5
1 3
2 4","2","4 2 1
3 3
4 4","2","6 3 2
3 3
3 6
5 6","3","8 4 2
8 8
5 6
7 8
3 5","2","6 3 3
2 4
2 5
6 6","0"
"S-017-1","Simple Parenthesis Check","Silver","Stacks","A stack tracks the openings that are still waiting to be closed: each '(' is pushed and each ')' pops the most recent one. Two things can go wrong: a ')' arriving when nothing is waiting, or the string ending with openings still on the stack. In the first case the offending closer is reported, in the second the earliest unmatched opener.","Read a string of '(' and ')'. Print YES if it is properly nested. If a closing bracket arrives with nothing to close, print its 1-based index. If the string ends with unmatched openings, print the 1-based index of the first unmatched opening.","Line 1: the string S (characters '(' and ')' only).","length of S: 1-100","(())()","YES","(())()","YES","(","1",")","1","()","YES",")(","1","(()","1","())(","3","((((()))))","YES","((()","1",")(()))","1","((","1",")())))","1"
"S-017-2","Typed Bracket Check","Silver","Stacks","Three kinds of brackets must nest properly AND match by type, so ']' can only close '['. The stack holds openings still waiting. A closer is invalid if the stack is empty or if the top opening is the wrong type. If the string ends with openings left over, the earliest of those is reported.","Read a string of the six characters ( ) [ ] { }. Print VALID if the delimiters are properly nested with matching types. If a closing bracket mismatches or closes nothing, print its 1-based index. If the string ends with leftover openings, print the 1-based index of the first unmatched opening.","Line 1: the string S (characters ( ) [ ] { } only).","length of S: 1-100","{[()]}","VALID","{[()]}","VALID","(","1",")","1","([)]","3","[]{}()","VALID","{[}","3","((([[[","1","{[()]}}","7","[","1","(}","2","((()","1","](({]]","1"
"S-017-3","Brackets Outside Quotes","Silver","Stacks","Anything sitting between a pair of double quotes is a quoted token, and delimiters inside it are literal text that must be ignored entirely. Only the brackets outside quotes are checked, with '(' matching ')' and '<' matching '>'. Quotes are guaranteed to come in pairs.","Read a string of ( ) < > and double-quote characters, where delimiters inside a quoted section are ignored. Print OK if the unquoted delimiters nest properly, otherwise print the 1-based index of the first invalid character. If openings are left over, print the index of the first unmatched opening.","Line 1: the string S (characters ( ) < > and "" only).","length of S: 1-100
double quotes always come in matched pairs","(<>)""()""","OK","(<>)""()""","OK","(","1",")","1","""())(""","OK","(<)>","3","<("")"")>","OK","""""","OK","(<><>)(","7","<","1","""))""","OK",")>><","1","""((<(><""","OK"
"S-017-4","Brackets Outside Single Quotes","Silver","Stacks","Text between a pair of single quotes is a quoted token whose brackets are literal and must be ignored. Only unquoted delimiters are validated, with '[' matching ']' and '<' matching '>'. Since positions start at 1, the value 0 is free to mean 'balanced'. Quotes always come in pairs.","Read a string of [ ] < > and single-quote characters, where delimiters inside a quoted section are ignored. Print 0 if the unquoted delimiters nest properly, otherwise print the 1-based position of the first violating character. If openings are left over, print the position of the first unmatched opening.","Line 1: the string S (characters [ ] < > and ' only).","length of S: 1-100
single quotes always come in matched pairs","[<>]'[]'","0","[<>]'[]'","0","[","1","]","1","'][['","0","[<]>","3","<[']']>","0","''","0","[<><>][","7","']>'","0","'>[<<>>'","0","'>>'","0","<[]<","1"
"S-017-5","Full Bracket Validation","Silver","Stacks","Brackets must close in reverse order of opening and must match by type, so '}' only closes '{'. An early closing is invalid when nothing is waiting or when the waiting opener is the wrong type. Leftover openings at the end are reported by the earliest one.","Read a string of the six characters ( ) [ ] { }. Print Matched if the string is balanced. If a closing is invalid, print its 1-based index. If the string finishes with unmatched openings, print the 1-based index of the first unmatched opening.","Line 1: the string S (characters ( ) [ ] { } only).","length of S: 1-100","([]{})","Matched","([]{})","Matched","{","1","}","1","{]","2","[({})]","Matched","([]","1","()]","3","{{{}}}{","7","]","1","]]","1","))}}","1","(]{}[[","2"
"S-018-1","Magnet Annihilation","Silver","Stacks","Magnets are pushed onto a pile one at a time. If the incoming magnet is the OPPOSITE pole to the one on top, both are destroyed; otherwise the incoming one is added to the pile. Because a removal can expose a new top, cancellations can cascade, so only same-pole magnets can survive together.","Read N magnets labelled N or S. Scanning left to right, whenever the next magnet is the opposite pole to the top of the pile, both are removed; otherwise it is pushed. Print the remaining sequence, or an empty line if nothing remains.","Line 1: N.
Line 2: a string of exactly N characters, each 'N' or 'S'.","N: 1-100","6
NSSNNS","","6
NSSNNS","","1
N","N","2
NS","","2
NN","NN","4
NSNS","","5
NNNNN","NNNNN","8
NSNSNSNS","","7
SSSNNNN","N","1
S","S","2
SN","","5
NNSNS","N","8
SSSNSSSS","SSSSSS"
"S-018-2","Polymer Collapse","Silver","Stacks","Characters are pushed onto a stack one at a time. If the incoming character EQUALS the one on top, both annihilate; otherwise it is pushed. Removing a pair can bring two new characters together, so collapses can cascade and the string may vanish entirely.","Read a polymer string of N lowercase letters. Scanning left to right, whenever the next character equals the top of the stack both are removed; otherwise it is pushed. Print the final polymer, or an empty line if nothing remains.","Line 1: N.
Line 2: a string of exactly N lowercase letters.","N: 1-100","6
abbaca","ca","6
abbaca","ca","1
a","a","2
aa","","2
ab","ab","4
aabb","","5
abcba","abcba","8
abccbaab","ab","7
aaaaaaa","a","1
c","c","2
cc","","5
bccac","bac","8
baacbcbc","bcbcbc"
"S-018-3","Backspace Editing","Silver","Stacks","The hash character acts as a backspace: it deletes the most recent surviving character, and both the deleted character and the hash disappear. A hash with nothing before it simply vanishes with no effect. Several hashes in a row delete several characters.","Read a string containing printable characters and the backspace marker '#'. Process it left to right, where each '#' cancels the most recent surviving character. Print the resulting string, or an empty line if nothing remains.","Line 1: the string S (letters, digits and '#' only).","length of S: 1-100","abc#d##e","ae","abc#d##e","ae","a","a","#","","###","","ab##","","abc###d","d","a#b#c#d","d","xyz","xyz","bb#a#","b","#b#####a","a","b","b","#b#",""
"S-018-4","Bead Reactions","Silver","Stacks","A reaction table lists unordered pairs of colours that destroy each other. Beads are pushed onto a pile one at a time; if the incoming bead reacts with the bead on top, BOTH are discarded, otherwise the incoming bead is pushed. Removing a pair can expose a new top and trigger further reactions.","Read N beads and a reaction table of M unordered colour pairs. Traverse the beads left to right; when the next bead forms a reacting pair with the top of the pile, remove the top and discard the incoming bead, otherwise push it. Print the remaining beads, or an empty line.","Line 1: N.
Line 2: N space-separated colour names.
Next line: M.
Next M lines: two colour names that cancel each other.","N: 1-100
M: 1-20
colours: 1-10 lowercase letters","6
red blue red green blue red
1
red blue","red green","6
red blue red green blue red
1
red blue","red green","1
red
1
red blue","red","2
red blue
1
red blue","","2
red red
1
red blue","red red","4
red blue blue red
1
red blue","","5
a b c b a
2
a b
b c","a","8
x y x y x y x y
1
x y","","3
p q r
1
s t","p q r","1
green
1
red red","green","2
green green
2
blue red
red red","green green","5
blue blue blue red blue
1
red green","blue blue blue red blue","8
green green blue green blue blue green green
1
green red","green green blue green blue blue green green"
"S-018-5","Charge Cancellation Count","Silver","Stacks","Each incoming value is either +1 or -1. If it has the OPPOSITE sign to the value on top of the pile, both are removed; otherwise it is pushed. Cancellations can cascade as removals expose new tops, so the survivors all share a single sign. Only the count of survivors is reported.","Read N values, each +1 or -1. Process left to right, cancelling an incoming value against the top of the pile whenever their signs are opposite. Print how many values remain at the end.","Line 1: N.
Line 2: N space-separated values, each 1 or -1.","N: 1-100
values: 1 or -1","6
1 -1 -1 1 1 -1","0","6
1 -1 -1 1 1 -1","0","1
1","1","2
1 -1","0","2
1 1","2","4
1 -1 1 -1","0","5
-1 -1 -1 -1 -1","5","8
1 1 1 1 -1 -1 -1 -1","0","7
-1 1 -1 1 -1 1 -1","1","1
-1","1","2
-1 1","0","5
-1 1 -1 1 -1","1","8
-1 -1 1 1 1 1 1 -1","2"
"S-019-1","Waiting Times at the Counter","Silver","Simulation","One server handles customers strictly in arrival order. A customer's service starts either the moment they arrive, if the server is already idle, or the moment the previous customer finishes, whichever is later. Their waiting time is the gap between arriving and starting, which is 0 when they are served immediately.","Read N customers with nondecreasing arrival times and service durations, served first-come first-served by one barista. Print each customer's waiting time in input order.","Line 1: N.
Next N lines: arrival time and service duration, separated by a space.","N: 1-50
arrival times are nondecreasing, 0-100000
durations: 1-1000","4
0 5
1 3
2 4
20 1","0 4 6 0","4
0 5
1 3
2 4
20 1","0 4 6 0","1
0 5","0","1
100 1","0","2
0 10
0 10","0 10","3
0 1
5 1
10 1","0 0 0","4
0 100
0 100
0 100
0 100","0 100 200 300","5
0 2
1 2
2 2
3 2
4 2","0 1 2 3 4","3
0 1000
1 1
2 1","0 999 999","1
3 6","0","2
1 6
2 6","0 5","4
0 2
1 2
3 4
3 1","0 1 1 5","5
3 4
6 4
9 3
9 6
10 3","0 1 2 5 10"
"S-019-2","Packet Departure Times","Silver","Simulation","A single processor handles packets in arrival order. Each packet begins at the later of its own arrival and the previous packet's finish, then occupies the processor for its processing time. The departure time is when that processing completes.","Read N packets with nondecreasing arrival times and processing times, handled first-come first-served by one processor. Print the departure time of each packet in input order.","Line 1: N.
Next N lines: arrival time and processing time, separated by a space.","N: 1-50
arrival times are nondecreasing, 0-100000
processing times: 1-1000","4
0 5
1 3
2 4
20 1","5 8 12 21","4
0 5
1 3
2 4
20 1","5 8 12 21","1
0 5","5","1
100 1","101","2
0 10
0 10","10 20","3
0 1
5 1
10 1","1 6 11","4
0 100
0 100
0 100
0 100","100 200 300 400","5
0 2
1 2
2 2
3 2
4 2","2 4 6 8 10","3
0 1000
1 1
2 1","1000 1001 1002","1
3 4","7","2
0 6
2 3","6 9","4
3 5
5 2
8 1
9 2","8 10 11 13","5
0 3
0 4
0 1
2 6
4 6","3 7 8 14 20"
"S-019-3","Fixed-Duration Start Times","Silver","Simulation","Every item takes the same fixed time T on a single machine, and items are served in arrival order. An item starts at the later of its arrival time and the moment the machine becomes free.","Read N arrival times in nondecreasing order and a fixed processing time T, served first-come first-served by one machine. Print the service start time of every item in arrival order.","Line 1: N, T (space-separated).
Line 2: N space-separated arrival times in nondecreasing order.","N: 1-50
T: 1-1000
arrival times: 0-100000","5 3
0 1 2 10 11","0 3 6 10 13","5 3
0 1 2 10 11","0 3 6 10 13","1 5
0","0","1 5
100","100","3 10
0 0 0","0 10 20","4 1
0 5 10 15","0 5 10 15","4 100
0 1 2 3","0 100 200 300","6 2
0 2 4 6 8 10","0 2 4 6 8 10","3 1000
0 1 2","0 1000 2000","1 6
12","12","3 6
2 8 8","2 8 14","5 3
5 10 3 5 10","3 6 9 12 15","6 6
12 3 6 2 2 0","0 6 12 18 24 30"
"S-019-4","Worst Print Delay","Silver","Simulation","Jobs are printed in arrival order on one printer. A job waits from its arrival until the printer is free, which is 0 if the printer was already idle. Only the single largest wait across all jobs is reported.","Read N print jobs with nondecreasing arrival times and durations, processed first-come first-served by one printer. Print the maximum waiting time experienced by any job.","Line 1: N.
Next N lines: arrival time and duration, separated by a space.","N: 1-50
arrival times are nondecreasing, 0-100000
durations: 1-1000","4
0 5
1 3
2 4
20 1","6","4
0 5
1 3
2 4
20 1","6","1
0 5","0","1
100 1","0","2
0 10
0 10","10","3
0 1
5 1
10 1","0","4
0 100
0 100
0 100
0 100","300","5
0 2
1 2
2 2
3 2
4 2","4","3
0 1000
1 1
2 1","999","1
3 3","0","2
3 2
3 4","2","4
1 6
4 3
4 4
4 4","10","5
0 3
0 5
1 3
2 1
4 6","9"
"S-019-5","How Many Patients Waited","Silver","Simulation","Patients are seen in arrival order by one doctor. A patient counts as having waited only if their consultation started STRICTLY after they arrived; starting at the exact moment of arrival counts as no wait at all.","Read N patients with nondecreasing arrival times and consultation durations, served first-come first-served by one doctor. Print how many patients started strictly after their arrival time.","Line 1: N.
Next N lines: arrival time and consultation duration, separated by a space.","N: 1-50
arrival times are nondecreasing, 0-100000
durations: 1-1000","4
0 5
1 3
2 4
20 1","2","4
0 5
1 3
2 4
20 1","2","1
0 5","0","1
100 1","0","2
0 10
0 10","1","3
0 1
5 1
10 1","0","4
0 100
0 100
0 100
0 100","3","5
0 2
1 2
2 2
3 2
4 2","4","3
0 1000
1 1
2 1","2","1
3 1","0","2
1 5
4 5","1","4
3 3
5 3
7 2
9 3","3","5
1 5
1 1
2 2
2 5
2 5","4"
"S-020-1","Discard and Rotate","Silver","Queues","The deck is a queue: cards are taken from the front and added to the back. Each round discards the front card and then moves the NEW front card to the back, so the deck steadily shrinks. The process stops when nothing is left.","Read N card labels in queue order. Repeatedly discard the front card (recording it) and then move the new front card to the back, until the queue is empty. Print the discarded labels in order.","Line 1: N.
Line 2: N space-separated integers.","N: 1-50
labels: 1-1000","5
1 2 3 4 5","1 3 5 4 2","5
1 2 3 4 5","1 3 5 4 2","1
7","7","2
1 2","1 2","3
1 2 3","1 3 2","4
1 2 3 4","1 3 2 4","6
10 20 30 40 50 60","10 30 50 20 60 40","8
1 2 3 4 5 6 7 8","1 3 5 7 2 6 4 8","7
7 7 7 7 7 7 7","7 7 7 7 7 7 7","1
24","24","2
2 2","2 2","4
14 10 4 5","14 4 10 5","6
7 11 21 29 21 6","7 21 21 11 6 29"
"S-020-2","Rotate and Peek","Silver","Queues","Each operation first rotates the queue R times, where one rotation moves the front element to the back, then reports whichever element is now at the front WITHOUT removing it. The queue therefore keeps all its members throughout, and rotations accumulate across operations.","Read N customer IDs in arrival order and M operations, each an integer R meaning rotate the front to the back R times and then report the current front without removing it. Print the reported IDs in order.","Line 1: N, M (space-separated).
Line 2: N space-separated integers.
Line 3: M space-separated non-negative integers.","N, M: 1-50
IDs: 1-1000
rotation counts: 0-100","4 3
10 20 30 40
1 2 0","20 40 40","4 3
10 20 30 40
1 2 0","20 40 40","1 1
7
0","7","1 1
7
5","7","3 3
1 2 3
0 0 0","1 1 1","3 3
1 2 3
3 3 3","1 1 1","5 2
1 2 3 4 5
4 4","5 4","2 4
9 8
1 1 1 1","8 9 8 9","6 3
1 2 3 4 5 6
100 1 1","5 6 1","1 1
2
8","2","2 2
16 14
2 2","16 16","4 3
23 10 22 29
1 8 2","10 10 29","5 3
23 7 30 21 25
6 8 3","7 25 30"
"S-020-3","Elimination Circle","Silver","Queues","Players sit in a circle numbered 1 to N. Each round rotates the queue K-1 times, moving that many players from front to back, and then eliminates whoever is now at the front. With K equal to 1 nothing rotates and players are eliminated in their original order.","Read N players labelled 1 to N and a step K. Repeatedly rotate the queue K-1 times and then remove and record the front player, until everyone is eliminated. Print the elimination order.","Line 1: N, K (space-separated).","N: 1-50
K: 1-50","5 3","3 1 5 2 4","5 3","3 1 5 2 4","1 1","1","1 5","1","4 1","1 2 3 4","4 2","2 4 3 1","6 3","3 6 4 2 5 1","7 7","7 1 3 6 2 4 5","5 10","5 2 3 1 4","1 3","1","2 6","2 1","4 5","1 3 4 2","6 4","4 2 1 3 6 5"
"S-020-4","Conveyor Commands","Silver","Queues","The conveyor is a queue. A ROTATE command moves the front item to the back the stated number of times, leaving the contents unchanged. A TAKE command removes the front item permanently and records it, so the conveyor shrinks. Commands are executed strictly in order.","Read N conveyor labels and a list of commands, each either 'ROTATE t' (move the front item to the back t times) or 'TAKE' (remove and record the front item). Print the recorded labels in the order they were taken.","Line 1: N.
Line 2: N space-separated labels.
Next line: C, the number of commands.
Next C lines: either 'ROTATE t' or 'TAKE'.","N: 1-50
C: 1-50
labels: 1-10 characters, no spaces
t: 0-100
TAKE is never issued on an empty conveyor","4
a b c d
4
ROTATE 1
TAKE
ROTATE 2
TAKE","b a","4
a b c d
4
ROTATE 1
TAKE
ROTATE 2
TAKE","b a","1
a
1
TAKE","a","1
a
2
ROTATE 5
TAKE","a","3
x y z
3
TAKE
TAKE
TAKE","x y z","3
x y z
3
ROTATE 0
ROTATE 0
TAKE","x","5
1 2 3 4 5
2
ROTATE 4
TAKE","5","4
p q r s
5
ROTATE 1
TAKE
TAKE
ROTATE 1
TAKE","q r p","2
up down
4
ROTATE 1
TAKE
ROTATE 3
TAKE","down up","1
b1
1
ROTATE 6","","3
a1 c2 e3
3
ROTATE 3
TAKE
ROTATE 2","a1","4
e1 d2 d3 e4
4
ROTATE 0
ROTATE 6
ROTATE 2
ROTATE 0","","5
c1 b2 d3 c4 c5
5
ROTATE 3
ROTATE 6
TAKE
TAKE
ROTATE 5","c5 c1"
"S-020-5","Flashcard Review Order","Silver","Queues","Each step first rotates the deck R times, moving that many cards from front to back, then removes and records the card now at the front. Because a card is removed every step, the deck shrinks as the process goes on, and rotations apply to whatever is left.","Read N flashcards in order and Q steps, each a non-negative integer R meaning rotate the front to the back R times and then remove and record the front card. Print the recorded review sequence.","Line 1: N, Q (space-separated).
Line 2: N space-separated card labels.
Line 3: Q space-separated non-negative integers.","N: 1-50
Q: 1 to N
card labels: 1-10 characters, no spaces
rotation counts: 0-100","5 3
a b c d e
1 0 2","b c a","5 3
a b c d e
1 0 2","b c a","1 1
a
0","a","1 1
a
7","a","3 3
x y z
0 0 0","x y z","3 3
x y z
1 1 1","y x z","4 2
p q r s
3 3","s p","6 6
1 2 3 4 5 6
0 1 2 3 4 5","1 3 6 2 4 5","4 4
w x y z
100 100 100 100","w y z x","1 1
a
2","a","2 1
d e
7","e","4 4
d a b c
6 5 0 0","b a c d","6 6
f b f b e b
5 7 0 2 3 0","b f b b f e"
"S-021-1","Fit the Most Meetings","Silver","Greedy","Half-open meetings [s, e) let one meeting start exactly when another ends. The classic greedy rule is to always take the compatible meeting that FINISHES earliest, which leaves the most room for what follows. Ties on finish time are settled by earlier start, then smaller index.","Read N meeting requests as half-open intervals [s, e). Using the greedy earliest-finishing rule (ties broken by earlier start, then smaller index), select a maximum-size set of non-overlapping meetings and print their 1-based indices in the order chosen.","Line 1: N.
Next N lines: start and end, separated by a space.","N: 1-50
intervals satisfy start < end
times: 0-100000","4
1 3
2 5
4 7
6 8","1 3","4
1 3
2 5
4 7
6 8","1 3","1
0 1","1","2
0 10
10 20","1 2","2
0 10
5 15","1","3
0 100
1 2
3 4","2 3","4
1 2
1 2
1 2
1 2","1","6
0 1
1 2
2 3
3 4
4 5
5 6","1 2 3 4 5 6","5
0 10
1 2
2 3
3 4
9 11","2 3 4 5","2
0 3
11 14","1 2","4
3 4
6 10
5 7
1 3","4 1 3","5
4 6
2 4
0 3
6 8
8 11","3 1 4 5","1
7 8","1"
"S-021-2","Most Broadcast Segments","Silver","Greedy","Closed segments [s, e] include both endpoints, so a segment ending at 10 CONFLICTS with one starting at 10: they share that instant. The next segment must therefore start strictly after the previous one ends. Only the count of selected segments is reported.","Read N radio segments as closed intervals [s, e], where touching segments conflict. Print the maximum number of segments that can be aired on one frequency without conflict.","Line 1: N.
Next N lines: start and end, separated by a space.","N: 1-50
intervals satisfy start <= end
times: 0-100000","4
1 3
2 5
4 7
6 8","2","4
1 3
2 5
4 7
6 8","2","1
0 1","1","2
0 10
10 20","1","2
0 10
11 20","2","3
0 100
1 2
3 4","2","4
1 1
2 2
3 3
4 4","4","6
0 1
1 2
2 3
3 4
4 5
5 6","3","5
0 10
1 2
3 4
5 6
7 8","4","1
0 2","1","2
3 4
5 9","2","4
7 10
9 11
0 0
1 5","3","5
2 6
6 9
4 7
12 12
7 9","3"
"S-021-3","Schedule the Most Tasks","Silver","Greedy","Intervals of the form (s, e] exclude the start and include the end, which means a task may begin at exactly the moment another finishes. The greedy rule takes the compatible task that finishes earliest, so the chosen tasks come out in increasing finish-time order.","Read N tasks with decimal start and end times, treated as (s, e] so a task may start exactly when another ends. Using the greedy earliest-finishing rule (ties broken by earlier start, then smaller index), print the 1-based indices of a maximum-size selection in increasing finish order.","Line 1: N.
Next N lines: start and end as decimals, separated by a space.","N: 1-50
intervals satisfy start < end
times: 0.0-1000.0, given with one decimal place","4
1.0 3.0
2.0 5.0
4.0 7.0
6.0 8.0","1 3","4
1.0 3.0
2.0 5.0
4.0 7.0
6.0 8.0","1 3","1
0.0 1.0","1","2
0.0 1.0
1.0 2.0","1 2","2
0.0 1.5
1.0 2.0","1","3
0.0 100.0
1.0 2.0
3.0 4.0","2 3","4
1.5 2.5
1.5 2.5
1.5 2.5
1.5 2.5","1","5
0.0 0.5
0.5 1.0
1.0 1.5
1.5 2.0
0.0 2.0","1 2 3 4","3
0.1 0.2
0.2 0.3
0.15 0.25","1 2","1
0.2 0.6","1","2
1.1 1.2
0.6 0.7","2 1","4
0.2 0.4
0.9 1.2
1.2 1.3
1.1 1.4","1 2 3","5
1.0 1.2
0.9 1.1
0.4 0.6
0.7 0.9
0.3 0.5","5 4 2"
"S-021-4","Talks in One Hall","Silver","Greedy","Half-open talks [s, e) are compatible when one starts exactly as another ends. The greedy rule repeatedly takes the compatible talk finishing soonest, which yields a maximum-size schedule listed in the order the talks actually occur.","Read N talk proposals as half-open intervals [s, e). Using the greedy earliest-finishing rule (ties broken by earlier start, then smaller index), print the number of talks scheduled on the first line and their 1-based indices in chronological order on the second.","Line 1: N.
Next N lines: start and end, separated by a space.","N: 1-50
intervals satisfy start < end
times: 0-100000","4
1 3
2 5
4 7
6 8","2
1 3","4
1 3
2 5
4 7
6 8","2
1 3","1
0 1","1
1","2
0 10
10 20","2
1 2","2
0 10
5 15","1
1","3
0 100
1 2
3 4","2
2 3","4
5 6
1 2
3 4
7 8","4
2 3 1 4","6
0 1
1 2
2 3
3 4
4 5
5 6","6
1 2 3 4 5 6","5
0 10
0 10
0 10
0 10
0 10","1
1","1
7 8","1
1","2
9 11
2 6","2
2 1","4
6 7
3 6
5 8
12 14","3
2 1 4","5
6 9
4 7
0 4
7 8
4 6","3
3 5 4"
"S-021-5","Fit the Most Surgeries","Silver","Greedy","Closed appointments [s, e] include both endpoints, so touching appointments overlap and cannot both be chosen: the next surgery must start strictly after the previous one ends. The greedy rule takes the compatible appointment that finishes earliest.","Read N surgery appointments as closed intervals [s, e], where touching appointments overlap. Using the greedy earliest-finishing rule (ties broken by earlier start, then smaller index), print the 1-based indices of a maximum-size selection in the order chosen.","Line 1: N.
Next N lines: start and end, separated by a space.","N: 1-50
intervals satisfy start <= end
times: 0-100000","4
1 3
2 5
4 7
8 9","1 3 4","4
1 3
2 5
4 7
8 9","1 3 4","1
0 1","1","2
0 10
10 20","1","2
0 10
11 20","1 2","3
0 100
1 2
3 4","2 3","4
1 1
1 1
1 1
1 1","1","6
0 0
1 1
2 2
3 3
4 4
5 5","1 2 3 4 5 6","5
0 100000
1 2
4 5
7 8
10 11","2 3 4 5","1
10 10","1","2
12 14
10 10","2 1","4
4 6
10 11
0 0
6 7","3 1 2","5
8 8
6 10
7 10
3 4
4 4","4 1"
"S-022-1","Fewest Coins","Silver","Greedy","Because each denomination is a multiple of the one below it, the denominations form a 'canonical' system where simple greed is provably optimal: repeatedly take as many of the largest coin as fit, then move down. Since the smallest coin is 1, every target is reachable.","Read K coin denominations in increasing order (the smallest is 1 and each divides the next) and a target T. Print the minimum number of coins summing to exactly T.","Line 1: K, T (space-separated).
Line 2: K space-separated denominations in increasing order.","K: 1-10
T: 0-1000000
denominations start at 1 and each divides the next","4 87
1 5 10 25","6","4 87
1 5 10 25","6","1 0
1","0","1 7
1","7","3 100
1 10 100","1","3 99
1 10 100","18","4 0
1 2 4 8","0","5 1000000
1 10 100 1000 10000","100","3 63
1 2 4","17","1 57
1","57","2 177
1 5","37","3 71
1 5 10","8","4 155
1 2 10 50","6"
"S-022-2","Fewest Packs","Silver","Greedy","Each pack size divides the next, so taking as many of the largest pack as possible and working downward gives the fewest packs. The smallest pack may be larger than 1, which means some targets cannot be made at all: the target must be a multiple of the smallest pack size.","Read K pack sizes in increasing order (each divides the next) and a target N. If N cannot be made exactly, print -1. Otherwise print K integers: the counts of each pack size in increasing size order, using the fewest packs.","Line 1: K, N (space-separated).
Line 2: K space-separated pack sizes in increasing order.","K: 1-10
N: 0-1000000
each pack size divides the next","3 26
2 6 12","1 0 2","3 26
2 6 12","1 0 2","1 0
5","0","1 7
5","-1","1 10
5","2","3 100
1 10 100","0 0 1","3 7
2 4 8","-1","4 240
2 4 8 16","0 0 0 15","2 1000000
10 1000","0 1000","1 122
2","61","2 42
2 4","1 10","3 1
2 4 20","-1","4 145
2 6 18 54","-1"
"S-022-3","Token Counts, Largest First","Silver","Greedy","Each scoring value divides the next, so greedily taking as many of the largest value as fit is optimal. The smallest value is 1, so any score is reachable. Note the counts are reported starting from the LARGEST denomination and working down.","Read K scoring values in increasing order (the smallest is 1 and each divides the next) and a target S. Print K integers giving the token counts in DESCENDING denomination order, using the fewest tokens.","Line 1: K, S (space-separated).
Line 2: K space-separated scoring values in increasing order.","K: 1-10
S: 0-1000000
values start at 1 and each divides the next","4 87
1 5 10 25","3 1 0 2","4 87
1 5 10 25","3 1 0 2","1 0
1","0","1 7
1","7","3 100
1 10 100","1 0 0","3 99
1 10 100","0 9 9","4 0
1 2 4 8","0 0 0 0","5 1000000
1 10 100 1000 10000","100 0 0 0 0","3 63
1 2 4","15 1 1","1 70
1","70","2 35
1 2","17 1","3 140
1 5 10","14 0 0","4 109
1 3 9 45","2 2 0 1"
"S-022-4","Stamp Counts, Smallest First","Silver","Greedy","Each stamp value divides the next and the smallest is 1, so greedily taking as many of the largest stamp as fit minimises the total. The counts are reported starting from the SMALLEST denomination and working up.","Read K stamp values in increasing order (the smallest is 1 and each divides the next) and an amount A. Print K integers giving the stamp counts in INCREASING denomination order, using the fewest stamps.","Line 1: K, A (space-separated).
Line 2: K space-separated stamp values in increasing order.","K: 1-10
A: 0-1000000
values start at 1 and each divides the next","4 87
1 5 10 25","2 0 1 3","4 87
1 5 10 25","2 0 1 3","1 0
1","0","1 7
1","7","3 100
1 10 100","0 0 1","3 99
1 10 100","9 9 0","4 0
1 2 4 8","0 0 0 0","5 1000000
1 10 100 1000 10000","0 0 0 0 100","3 63
1 2 4","1 1 15","1 20
1","20","2 115
1 2","1 57","3 114
1 3 15","0 3 7","4 109
1 5 10 50","4 1 0 2"
"S-022-5","Powers of a Base","Silver","Greedy","The denominations are the powers 1, b, b squared and so on up to b to the power K-1, so each divides the next and greed is optimal. Since 1 is always available, every target is reachable. Note the largest denomination may be used many times when the target is big.","Read a base b, a count K and a target M. Using the K denominations 1, b, b^2, ..., b^(K-1), print the minimum number of tokens summing to exactly M, followed by how many tokens of the largest denomination b^(K-1) are used.","Line 1: b, K, M (space-separated).","b: 2-10
K: 1-10
M: 0-1000000","10 3 342","9 3","10 3 342","9 3","2 1 0","0 0","2 1 7","7 7","10 3 100","1 1","2 4 15","4 1","3 3 26","6 2","10 7 1000000","1 1","2 5 31","5 1","4 1 219","219 219","8 2 159","26 19","9 3 264","8 3","8 4 111","13 0"
"S-023-1","Score Distribution","Silver","Sorting","Records sharing the same score form a group, and each group contributes one output line naming the score and how many students achieved it. Groups are reported in increasing score order regardless of the order the records arrived in.","Read N student scores, group them by identical score, and print each distinct score with its count, one pair per line, in increasing score order.","Line 1: N.
Line 2: N space-separated integers.","N: 1-100
scores: 0-100","6
90 75 90 60 75 90","60 1
75 2
90 3","6
90 75 90 60 75 90","60 1
75 2
90 3","1
0","0 1","2
50 50","50 2","2
50 60","50 1
60 1","4
1 2 3 4","1 1
2 1
3 1
4 1","5
100 100 100 100 100","100 5","8
0 100 0 100 0 100 50 50","0 3
50 2
100 3","3
7 7 8","7 2
8 1","1
5","5 1","3
1 3 2","1 1
2 1
3 1","6
2 4 2 2 3 0","0 1
2 3
3 1
4 1","9
1 1 6 6 0 3 5 6 1","0 1
1 3
3 1
5 1
6 3"
"S-023-2","Sales Per Product","Silver","Sorting","Entries sharing a product code form a group, and the amounts within a group are added together. Each product produces one output line, and the products are listed in lexicographic order by code rather than input order.","Read N sales entries, each a product code and an amount. Print each product code with its total summed amount, one pair per line, ordered lexicographically by product code.","Line 1: N.
Next N lines: a product code and an integer amount, separated by a space.","N: 1-50
codes: 1-15 characters, no spaces
amounts: -10000 to 10000","5
b 10
a 5
b 20
c 1
a 5","a 10
b 30
c 1","5
b 10
a 5
b 20
c 1
a 5","a 10
b 30
c 1","1
a 0","a 0","2
a 1
a -1","a 0","2
a 1
b 2","a 1
b 2","3
zz 1
yy 2
xx 3","xx 3
yy 2
zz 1","4
p 10000
p 10000
p -10000
p -10000","p 0","6
k1 1
k2 2
k1 3
k3 4
k2 5
k1 6","k1 10
k2 7
k3 4","3
A 1
a 2
A 3","A 4
a 2","1
b 3","b 3","2
b 1
a 19","a 19
b 1","4
zz 9
A 3
A 11
a -1","A 14
a -1
zz 9","6
a 10
a 13
A 8
a 11
A -6
A -11","A -9
a 34"
"S-023-3","Earliest Time Per Event Type","Silver","Sorting","Entries sharing an event type form a group, and each group reports the SMALLEST timestamp it contains, which is the earliest that event ever occurred. Event types are listed in ascending character order, not the order they first appeared.","Read N log entries, each an event type character and a timestamp. Print each event type with the earliest timestamp it occurred, one pair per line, in ascending character order.","Line 1: N.
Next N lines: an event type character and an integer timestamp, separated by a space.","N: 1-50
event types are single characters
timestamps: 0-1000000","5
b 30
a 50
b 10
c 99
a 20","a 20
b 10
c 99","5
b 30
a 50
b 10
c 99
a 20","a 20
b 10
c 99","1
a 0","a 0","2
a 5
a 3","a 3","2
a 1
b 2","a 1
b 2","3
z 1
y 2
x 3","x 3
y 2
z 1","4
k 4
k 3
k 2
k 1","k 1","6
A 5
a 6
B 7
b 8
A 1
a 2","A 1
B 7
a 2
b 8","3
p 1000000
p 0
q 500000","p 0
q 500000","1
a 69","a 69","2
A 392
b 147","A 392
b 147","4
b 60
z 395
b 172
a 13","a 13
b 60
z 395","6
b 198
A 25
a 90
A 140
A 494
z 375","A 25
a 90
b 198
z 375"
"S-023-4","Bead Colour Counts","Silver","Sorting","Beads sharing a colour form a group, and each group reports how many beads it holds. Colours are listed in lexicographic order rather than the order they appeared in the input.","Read N bead colour names, group them by colour, and print each colour with its frequency, one pair per line, in lexicographic order.","Line 1: N.
Line 2: N space-separated colour names.","N: 1-100
colours: 1-15 lowercase letters","6
red blue red green blue red","blue 2
green 1
red 3","6
red blue red green blue red","blue 2
green 1
red 3","1
red","red 1","2
red red","red 2","2
red blue","blue 1
red 1","4
a b c d","a 1
b 1
c 1
d 1","5
teal teal teal teal teal","teal 5","8
z y x w v u t s","s 1
t 1
u 1
v 1
w 1
x 1
y 1
z 1","3
mauve mauve puce","mauve 2
puce 1","1
b","b 1","3
a ab a","a 2
ab 1","5
bc b aa aa aa","aa 3
b 1
bc 1","8
b ac ac c a ba c aa","a 1
aa 1
ac 2
b 1
ba 1
c 2"
"S-023-5","Pages Per Author","Silver","Sorting","Books sharing an author form a group, and their page counts are added together. Each author produces one output line, and authors are listed in ascending name order rather than input order.","Read N book records, each an author name and a page count. Print each author with the total pages across their books, one pair per line, ordered by author name.","Line 1: N.
Next N lines: an author name and an integer page count, separated by a space.","N: 1-50
author names: 1-20 characters, no spaces
page counts: 1-10000","5
brown 300
adams 150
brown 200
clark 90
adams 50","adams 200
brown 500
clark 90","5
brown 300
adams 150
brown 200
clark 90
adams 50","adams 200
brown 500
clark 90","1
solo 1","solo 1","2
a 1
a 2","a 3","2
a 1
b 2","a 1
b 2","3
zed 1
yan 2
xu 3","xu 3
yan 2
zed 1","4
k 10000
k 10000
k 10000
k 10000","k 40000","6
w 1
x 2
w 3
y 4
x 5
w 6","w 10
x 7
y 4","3
Abe 1
abe 2
Abe 3","Abe 4
abe 2","1
zz 14","zz 14","2
b 103
A 137","A 137
b 103","4
a 120
a 302
zz 397
a 350","a 772
zz 397","6
zz 102
b 222
a 390
b 123
A 78
A 312","A 390
a 390
b 345
zz 102"
"S-024-1","Any Repeated String","Silver","Sorting","Sorting brings identical strings next to each other, so a single pass over neighbouring pairs reveals any duplicate. Because the scan runs over the sorted order, the duplicate reported is the lexicographically smallest one.","Read N strings. If any string appears more than once, print the lexicographically smallest duplicated string; otherwise print NONE.","Line 1: N.
Line 2: N space-separated strings.","N: 1-100
strings: 1-20 lowercase letters","5
pear apple pear fig apple","apple","5
pear apple pear fig apple","apple","1
solo","NONE","2
same same","same","2
this that","NONE","4
a b c d","NONE","4
zz zz aa aa","aa","6
q w e r t q","q","3
ab abc ab","ab","1
a","NONE","3
b a aa","NONE","5
a ba aa bb b","NONE","8
b ba b a a bb ab ab","a"
"S-024-2","Closest Neighbours by Prefix","Silver","Sorting","In sorted order the strings sharing the longest opening run of characters end up adjacent, so only neighbouring pairs need checking. The common prefix length is how many leading characters two strings share before differing. If several adjacent pairs tie, the earliest in sorted order wins.","Read N distinct strings, sort them lexicographically, and find the adjacent pair sharing the longest common prefix (earliest such pair on ties). Print the two ORIGINAL 1-based indices of that pair, in sorted order.","Line 1: N.
Line 2: N space-separated strings, all distinct.","N: 2-100
strings: 1-20 lowercase letters, all distinct","4
flower flow apple apricot","2 1","4
flower flow apple apricot","2 1","2
ab cd","1 2","2
abc abd","1 2","3
a ab abc","2 3","4
cat car card dog","2 3","5
zz zy zx zw zv","5 4","6
aaa aab aac bbb bbc bbd","1 2","3
xyz xya b","2 1","2
ba abc","2 1","3
abc b cab","1 2","4
bc c a ab","3 4","6
bc b cab abc zz ca","6 3"
"S-024-3","Closest Neighbours by Length","Silver","Sorting","The strings are first sorted lexicographically, then only ADJACENT pairs in that order are examined. For each such pair the difference in lengths is measured, and the smallest difference wins. Ties go to the earliest pair in sorted order.","Read N strings, sort them lexicographically, and find the adjacent pair whose lengths differ least (earliest such pair on ties). Print that minimal difference followed by the two strings.","Line 1: N.
Line 2: N space-separated strings.","N: 2-100
strings: 1-20 lowercase letters","4
apple fig banana kiwi","1 apple banana","4
apple fig banana kiwi","1 apple banana","2
ab cd","0 ab cd","2
a abc","2 a abc","3
a ab abc","1 a ab","4
aaaa bbbb cccc dddd","0 aaaa bbbb","5
z yy xxx wwww vvvvv","1 vvvvv wwww","6
aa ab ac ad ae af","0 aa ab","3
long longer x","2 long longer","2
bbaa bc","2 bbaa bc","3
cccc aca cbc","0 aca cbc","4
aa a cc bac","1 a aa","6
aac aaac a b cc baa","1 aaac aac"
"S-024-4","First Prefix Pair","Silver","Sorting","When one string is a prefix of another, sorting places them next to each other with the shorter one first. So scanning adjacent pairs in sorted order and asking whether the later string starts with the earlier one finds every such relationship.","Read N distinct strings, sort them lexicographically, and find the first adjacent pair where one string is a prefix of the other. Print the prefix string followed by the longer string, or NONE if no such pair exists.","Line 1: N.
Line 2: N space-separated strings, all distinct.","N: 2-100
strings: 1-20 lowercase letters, all distinct","4
car card dog cat","car card","4
car card dog cat","car card","2
ab cd","NONE","2
a ab","a ab","3
a ab abc","a ab","4
abc abd abe abf","NONE","5
zz zy zx zw zv","NONE","6
q w e r t y","NONE","3
xy xyz b","xy xyz","2
zz ab","NONE","3
zz b a","NONE","4
zz ba bc b","b ba","6
ba zz b ca ab abc","ab abc"
"S-024-5","Least Similar Neighbours","Silver","Sorting","After sorting, only adjacent pairs are examined, and each is measured by how many leading characters the two strings share before differing. This time the SMALLEST such length wins, marking the biggest jump in the sorted order. Ties go to the earliest pair.","Read N strings, sort them lexicographically, and find the adjacent pair with the shortest common prefix (earliest such pair on ties). Print the two strings followed by that common-prefix length.","Line 1: N.
Line 2: N space-separated strings.","N: 2-100
strings: 1-20 lowercase letters","4
apple apricot banana band","apricot banana 0","4
apple apricot banana band","apricot banana 0","2
ab cd","ab cd 0","2
abc abd","abc abd 2","3
a ab abc","a ab 1","4
aaa aab bbb bbc","aab bbb 0","5
zz zy zx zw zv","zv zw 1","6
aa ab ba bb ca cb","ab ba 0","3
same same other","other same 0","2
ba a","a ba 0","3
baa cb aca","aca baa 0","4
ac a c bc","ac bc 0","6
aab a bc c b cca","aab b 0"
"S-025-1","Words by Popularity","Silver","Sorting","Every distinct word is counted, then the words are ordered from most frequent to least. When two words share a count, the tie is broken alphabetically, with the lexicographically smaller word placed first. Each word appears once in the output.","Read N words and print all distinct words sorted by decreasing frequency, breaking ties by placing the lexicographically smaller word first.","Line 1: N.
Line 2: N space-separated words.","N: 1-100
words: 1-20 lowercase letters","7
pear fig pear apple fig pear kiwi","pear fig apple kiwi","7
pear fig pear apple fig pear kiwi","pear fig apple kiwi","1
solo","solo","2
b a","a b","2
a a","a","4
d c b a","a b c d","6
x x y y z z","x y z","8
q q q w w e r t","q w e r t","5
zebra ant zebra ant mole","ant zebra mole","1
b","b","3
b ba bb","b ba bb","5
b a a a aa","a aa b","8
ba ab b ab bb aa b ba","ab b ba aa bb"
"S-025-2","Top Selling Product","Silver","Hash Maps","Every product ID is counted and the highest count wins. When several products tie at the top, the smallest numeric ID among them is chosen, so the tie-break is by value rather than by order of appearance.","Read N product sale IDs and print the ID that appears most often. If several tie, print the smallest numeric ID among them.","Line 1: N.
Line 2: N space-separated integers.","N: 1-100
product IDs: 0-1000000","7
5 3 5 9 3 5 1","5","7
5 3 5 9 3 5 1","5","1
7","7","2
9 4","4","2
4 4","4","4
1 1 2 2","1","6
10 10 20 20 30 30","10","8
0 0 0 1000000 1000000 1 2 3","0","5
8 8 8 9 9","8","1
1","1","3
6 6 4","6","5
5 2 2 6 4","2","8
6 4 6 1 5 0 1 1","1"
"S-025-3","Colours by Popularity","Silver","Sorting","Colours are counted across the whole row and listed from most frequent to least. When counts tie, the colour whose FIRST appearance came earlier in the input wins, so the tie-break depends on input order rather than the alphabet.","Read N tile colours and print each distinct colour once, sorted from most frequent to least, breaking ties by which colour appears earlier in the input.","Line 1: N.
Line 2: N space-separated colour names.","N: 1-100
colours: 1-15 lowercase letters","7
red blue red green blue red teal","red blue green teal","7
red blue red green blue red teal","red blue green teal","1
red","red","2
blue red","blue red","2
red red","red","4
d c b a","d c b a","6
zebra zebra ant ant mole mole","zebra ant mole","8
x x x y y z w v","x y z w v","5
teal jade teal jade puce","teal jade puce","1
a","a","3
a ab b","a ab b","5
c bc bc b b","bc b c","8
bc cb a b ac ac ab a","a ac bc cb b ab"
"S-025-4","Error Codes by Frequency","Silver","Sorting","Error codes are counted and listed from most frequent to least. When counts are equal, the LARGER numeric code is placed first, which is the reverse of the usual tie-break.","Read N error codes and print every distinct code ordered by decreasing frequency, breaking ties by placing the larger numeric code first.","Line 1: N.
Line 2: N space-separated integers.","N: 1-100
error codes: 0-1000","7
404 500 404 301 500 404 200","404 500 301 200","7
404 500 404 301 500 404 200","404 500 301 200","1
500","500","2
1 2","2 1","2
7 7","7","4
1 1 2 2","2 1","6
10 10 20 20 30 30","30 20 10","8
0 0 0 1000 1000 1 2 3","0 1000 3 2 1","5
5 5 9 9 1","9 5 1","1
3","3","3
4 6 3","6 4 3","5
2 3 0 3 4","3 4 2 0","8
1 1 1 3 6 2 1 3","1 3 6 2"
"S-025-5","Rarest Categories First","Silver","Sorting","Categories are counted and listed from RAREST to most common, which is the reverse of the usual ordering. When counts are equal, the tie is broken alphabetically with the smaller name first.","Read N survey category labels and print each category once, sorted by increasing frequency (rarest first), breaking ties alphabetically.","Line 1: N.
Line 2: N space-separated category labels.","N: 1-100
labels: 1-15 lowercase letters","7
food food tech art food tech music","art music tech food","7
food food tech art food tech music","art music tech food","1
solo","solo","2
b a","a b","2
a a","a","4
d c b a","a b c d","6
x x y y z z","x y z","8
q q q w w e r t","e r t w q","5
zebra ant zebra ant mole","mole ant zebra","1
aa","aa","3
ab b ba","ab b ba","5
aa bb aa a b","a b bb aa","8
a bb b b aa b a b","aa bb a b"
"S-026-1","XOR Over a Range","Silver","Bitwise","XOR compares numbers bit by bit and keeps a 1 wherever exactly one side had a 1. Its key property is that XORing a value twice cancels it out, so a running prefix of XORs can answer any range by XORing the prefix at the range end with the prefix just before the start.","Read an array A of N non-negative integers and Q queries. For each query (l, r) print the XOR of A[l] through A[r] inclusive, one answer per line.","Line 1: N, Q (space-separated).
Line 2: N space-separated non-negative integers.
Next Q lines: l and r, separated by a space.","N, Q: 1-50
1 <= l <= r <= N
values: 0-1000000","5 3
1 2 3 4 5
1 5
2 3
4 4","1
1
4","5 3
1 2 3 4 5
1 5
2 3
4 4","1
1
4","1 1
0
1 1","0","1 1
7
1 1","7","4 2
5 5 5 5
1 4
1 3","0
5","4 4
1 2 4 8
1 1
1 2
1 3
1 4","1
3
7
15","6 2
0 0 0 0 0 0
1 6
3 4","0
0","8 3
1 1 2 2 3 3 4 4
1 8
1 4
5 8","0
0
0","3 2
1000000 1000000 1000000
1 2
1 3","0
1000000","1 1
183
1 1","183","3 2
676 155 551
1 1
1 3","676
24","5 3
115 899 59 557 477
4 4
5 5
1 5","557
477
59","6 3
286 297 719 77 402 695
3 4
5 5
6 6","642
402
695"
"S-026-2","XOR of Bitmasks Over a Range","Silver","Bitwise","Each value is a bitmask, and XORing masks together records which bits were flipped an odd number of times. Because XORing the same mask twice cancels it, a prefix of running XORs lets any range be answered with a single XOR of two prefixes.","Read a sequence S of N bitmasks and Q inclusive queries. For each query (l, r) print the parity mask obtained by XORing all S[i] for i in [l, r], as a non-negative integer, one per line.","Line 1: N, Q (space-separated).
Line 2: N space-separated non-negative integers.
Next Q lines: l and r, separated by a space.","N, Q: 1-50
1 <= l <= r <= N
masks: 0-4294967295","5 3
15 240 15 240 1
1 5
1 4
3 3","1
0
15","5 3
15 240 15 240 1
1 5
1 4
3 3","1
0
15","1 1
0
1 1","0","1 1
4294967295
1 1","4294967295","4 2
255 255 255 255
1 4
1 3","0
255","4 4
1 2 4 8
1 1
1 2
1 3
1 4","1
3
7
15","6 2
0 0 0 0 0 0
1 6
2 5","0
0","8 3
1 1 2 2 4 4 8 8
1 8
1 4
5 8","0
0
0","3 2
4294967295 4294967295 1
1 2
1 3","0
1","1 1
600
1 1","600","3 2
135 464 621
3 3
3 3","621
621","5 3
512 68 574 516 352
4 5
3 5
2 5","868
346
286","6 3
476 290 99 508 980 238
5 6
3 3
1 5","826
99
693"
"S-026-3","Odd Toggle Check","Silver","Bitwise","Each lamp records 0 or 1 for whether it was toggled. XORing a range of these bits gives 1 exactly when an ODD number of toggles happened in that range, since pairs of toggles cancel. A prefix of running XORs answers any range instantly.","Read N toggle records T[i] in {0, 1} and Q queries. For each query (l, r) print 1 if the XOR of T[l..r] is 1 (an odd number of toggles), otherwise 0, one answer per line.","Line 1: N, Q (space-separated).
Line 2: N space-separated bits, each 0 or 1.
Next Q lines: l and r, separated by a space.","N, Q: 1-50
1 <= l <= r <= N
bits: 0 or 1","6 3
1 0 1 1 0 1
1 6
1 3
2 2","0
0
0","6 3
1 0 1 1 0 1
1 6
1 3
2 2","0
0
0","1 1
0
1 1","0","1 1
1
1 1","1","4 2
1 1 1 1
1 4
1 3","0
1","4 4
0 0 0 0
1 1
1 2
1 3
1 4","0
0
0
0","6 2
1 1 1 1 1 1
1 6
2 5","0
0","8 3
1 0 1 0 1 0 1 0
1 8
1 4
5 8","0
0
0","3 2
0 1 0
1 3
2 2","1
1","3 2
1 1 1
2 2
2 2","1
1","5 3
1 1 0 1 1
1 3
3 3
2 4","0
0
0","6 3
1 0 0 0 0 0
6 6
2 2
1 4","0
0
1","3 2
1 0 1
2 2
3 3","0
1"
"S-026-4","XOR of Transaction IDs","Silver","Bitwise","XOR is its own inverse: applying the same value twice returns you to where you started. That means a running prefix of XORs over the log can answer any inclusive range by combining just two stored prefixes.","Read a log of N non-negative transaction identifiers and Q reports. For each report (l, r) print the XOR of all identifiers in the inclusive range, one answer per line.","Line 1: N, Q (space-separated).
Line 2: N space-separated non-negative integers.
Next Q lines: l and r, separated by a space.","N, Q: 1-50
1 <= l <= r <= N
identifiers: 0-1000000","5 3
7 7 9 9 2
1 5
1 4
5 5","2
0
2","5 3
7 7 9 9 2
1 5
1 4
5 5","2
0
2","1 1
0
1 1","0","1 1
123456
1 1","123456","4 2
3 3 3 3
1 4
2 4","0
3","4 4
1 2 4 8
1 1
2 2
3 3
4 4","1
2
4
8","6 2
0 0 0 0 0 0
1 6
1 1","0
0","8 3
5 5 6 6 7 7 8 8
1 8
1 4
3 6","0
0
0","3 2
1000000 999999 1
1 3
2 3","126
999998","1 1
777
1 1","777","3 2
897 820 345
1 2
2 3","181
621","5 3
942 687 663 508 334
3 4
3 3
2 2","875
663
687","6 3
526 249 21 154 947 246
4 5
4 5
2 6","809
809
819"
"S-026-5","Masked XOR Over a Range","Silver","Bitwise","Each query carries an extra mask that is XORed into the result alongside the range. Since XOR is associative and order does not matter, the mask can simply be combined with the range XOR at the end. A prefix of running XORs handles the range part.","Read an array V of N integers and Q queries, each giving l, r and a mask m. For each query print m XOR V[l] XOR ... XOR V[r], one answer per line.","Line 1: N, Q (space-separated).
Line 2: N space-separated non-negative integers.
Next Q lines: l, r and m, separated by spaces.","N, Q: 1-50
1 <= l <= r <= N
values and masks: 0-1000000","5 3
1 2 3 4 5
1 5 0
2 3 1
4 4 15","1
0
11","5 3
1 2 3 4 5
1 5 0
2 3 1
4 4 15","1
0
11","1 1
0
1 1 0","0","1 1
7
1 1 7","0","4 2
5 5 5 5
1 4 0
1 4 1","0
1","4 4
1 2 4 8
1 1 0
1 2 0
1 3 0
1 4 0","1
3
7
15","6 2
0 0 0 0 0 0
1 6 255
3 4 0","255
0","8 2
1 1 2 2 3 3 4 4
1 8 1000000
1 4 0","1000000
0","3 2
1000000 1000000 1
1 2 1
1 3 1","1
0","1 1
10
1 1 177","187","3 2
539 496 885
1 3 624
2 3 532","750
145","5 3
800 988 495 32 313
4 5 109
5 5 563
4 4 629","372
778
597","6 3
847 669 385 322 655 543
2 5 326
6 6 400
5 5 429","407
911
802"
"S-027-1","Is P a Subsequence","Silver","Two Pointers","A subsequence keeps the original order but allows gaps, so 'ace' is a subsequence of 'abcde' even though those letters are not adjacent. This differs from a substring, which must be contiguous. A greedy left-to-right scan taking the earliest possible match always works.","Read two strings P and T. Print YES if P appears as a subsequence of T (same order, gaps allowed), otherwise NO.","Line 1: the string P.
Line 2: the string T.","length of P and T: 1-100
both strings contain lowercase letters only","ace
abcde","YES","ace
abcde","YES","a
a","YES","a
b","NO","abc
cba","NO","aaa
aa","NO","aaa
aaaa","YES","abc
aabbcc","YES","xyz
abcdefghij","NO","b
c","NO","ca
baa","NO","ccc
cbcab","NO","acca
bccccc","NO"
"S-027-2","Trace the Matched Commands","Silver","Two Pointers","The command pattern must be readable from the log in order, with gaps allowed. Scanning the log left to right and grabbing each needed character at the earliest opportunity always succeeds if any match exists, and it produces the earliest possible positions.","Read a command pattern C and a robot log L. If C can be read from L as a subsequence, print the 1-based positions in L of each matched command, taking the earliest possible match. Otherwise print -1.","Line 1: the string C.
Line 2: the string L.","length of C and L: 1-100
both strings contain lowercase letters only","ace
abcde","1 3 5","ace
abcde","1 3 5","a
a","1","a
b","-1","abc
cba","-1","aaa
aa","-1","aaa
aaaa","1 2 3","abc
aabbcc","1 3 5","ab
baab","2 4","a
c","-1","ab
caa","-1","cbb
ccccb","-1","bccc
bbcaac","-1"
"S-027-3","Where the Pattern Finishes","Silver","Two Pointers","The pattern must appear inside the source in order but not necessarily consecutively. Matching greedily from the left takes each element at the earliest chance, which also makes the final matched position as early as possible. Positions start at 1, leaving 0 to mean 'no match'.","Read a pattern sequence A and a source sequence B. If A occurs as a subsequence of B, print the 1-based index in B of the last matched element under earliest-possible matching. Otherwise print 0.","Line 1: N.
Line 2: N space-separated integers (pattern A).
Line 3: M.
Line 4: M space-separated integers (source B).","N, M: 1-100
values: -1000 to 1000","3
1 3 5
5
1 2 3 4 5","5","3
1 3 5
5
1 2 3 4 5","5","1
7
1
7","1","1
7
1
8","0","3
1 2 3
3
3 2 1","0","3
1 1 1
2
1 1","0","3
1 1 1
4
1 1 1 1","3","2
5 5
5
5 1 2 3 5","5","4
1 2 3 4
4
1 2 3 4","4","1
3
1
1","0","2
1 2
3
2 2 4","0","3
3 3 3
5
1 4 4 2 4","0","4
4 2 1 2
6
3 3 2 3 2 3","0"
"S-027-4","Where the Motif Starts","Silver","Two Pointers","The motif must appear in order within the genome, with gaps allowed. Greedy matching from the left grabs each base at the earliest opportunity, which yields the earliest possible starting position for a complete match. If the motif cannot be matched at all, -1 is reported.","Read a DNA motif P and a genomic string G. If P is a subsequence of G, print the smallest 1-based index in G where the first character of a valid match occurs. Otherwise print -1.","Line 1: the motif P.
Line 2: the genome G.","length of P and G: 1-100
both strings use only the characters A, C, G, T","ACG
TTACCG","3","ACG
TTACCG","3","A
A","1","A
T","-1","ACG
GCA","-1","AAA
AA","-1","AAA
AAAA","1","ACGT
AACCGGTT","1","GGG
ACGTACGT","-1","AT
AAA","-1","CGG
TGTCA","-1","CGCA
ACCACA","-1","C
A","-1"
"S-027-5","Find the Melody in the Song","Silver","Two Pointers","The melody must occur within the song in order, though other notes may sit between its notes. Matching greedily from the left finds the earliest possible positions whenever a match exists. An empty melody is trivially present and answers 0.","Read a melody M of m note labels and a song S of n note labels. If m is 0, print 0. Otherwise, if M is a subsequence of S, print the 1-based positions in S of each melody note under earliest-possible matching; if not, print NO.","Line 1: m.
Line 2: m space-separated note labels (this line is empty when m is 0).
Line 3: n.
Line 4: n space-separated note labels.","m: 0-100
n: 1-100
note labels: 1-5 characters, no spaces","3
do mi so
5
do re mi fa so","1 3 5","3
do mi so
5
do re mi fa so","1 3 5","0

3
do re mi","0","1
do
1
do","1","1
do
1
re","NO","3
do re mi
3
mi re do","NO","3
do do do
2
do do","NO","2
la la
5
la ti la ti la","1 3","4
do re mi fa
4
do re mi fa","1 2 3 4","0

1
fa","0","1
fa
2
so mi","NO","2
re do
4
re fa so so","NO","3
so mi so
5
so so re so so","NO"
"S-028-1","Is B a Rotation of A","Silver","Strings","A cyclic rotation shifts every character around a circle, so 'cdab' is a rotation of 'abcd'. A neat trick: B is a rotation of A exactly when B appears somewhere inside A joined to itself, since that doubled string contains every rotation as a contiguous stretch.","Read two equal-length lowercase strings A and B. Print YES if B is a cyclic rotation of A, otherwise NO.","Line 1: the string A.
Line 2: the string B.","length of A and B: 1-100, always equal
both strings contain lowercase letters only","abcde
cdeab","YES","abcde
cdeab","YES","a
a","YES","ab
ba","YES","ab
ab","YES","abc
acb","NO","aaaa
aaaa","YES","abab
baba","YES","abcd
dcba","NO","b
a","NO","ac
ca","YES","ccab
bcab","NO","bbbbbb
bbbbbb","YES"
"S-028-2","Dial Rotation Check","Silver","Arrays","A cyclic shift moves every entry the same number of steps around the dial, with entries falling off one end reappearing at the other. Checking every possible shift amount is enough, since there are only as many rotations as there are positions.","Read two equal-length arrays of digits representing circular dial positions. Print True if the second is a cyclic shift of the first, otherwise False.","Line 1: N.
Line 2: N space-separated digits.
Line 3: M.
Line 4: M space-separated digits.","N, M: 1-100
digits: 0-9","5
1 2 3 4 5
5
3 4 5 1 2","True","5
1 2 3 4 5
5
3 4 5 1 2","True","1
7
1
7","True","2
1 2
2
2 1","True","2
1 2
2
1 2","True","3
1 2 3
3
1 3 2","False","4
0 0 0 0
4
0 0 0 0","True","4
1 2 1 2
4
2 1 2 1","True","4
1 2 3 4
4
4 3 2 1","False","1
0
1
2","False","2
1 1
2
1 1","True","4
0 2 4 0
4
1 3 1 4","False","6
2 4 1 4 3 0
6
4 3 0 2 4 1","True"
"S-028-3","Necklace Rotation Check","Silver","Strings","Two necklaces match if one can be turned around until it lines up with the other. Reflections are NOT allowed, so reversing the sequence does not count as a match. Every rotation of a string appears inside that string joined to itself.","Read two equal-length necklaces encoded as sequences of colour letters. Print 1 if one can be rotated to match the other exactly, otherwise 0.","Line 1: the first necklace.
Line 2: the second necklace.","length of both: 1-100, always equal
necklaces contain lowercase letters only","rgbry
bryrg","1","rgbry
bryrg","1","r
r","1","rg
gr","1","rg
rg","1","rgb
rbg","0","rrrr
rrrr","1","rgrg
grgr","1","rgby
ybgr","0","b
g","0","bb
bb","1","rgbr
rrbr","0","brrbrr
brrbrr","1"
"S-028-4","Schedule Rotation Check","Silver","Arrays","Schedules run in a circle, so shifting every task the same number of slots forward, with tasks wrapping past the end back to the start, produces a rotation. Trying each possible shift amount settles the question.","Read two equal-length schedules given as sequences of uppercase task codes in circular order. Print Possible if the second is a rotation of the first, otherwise Impossible.","Line 1: N.
Line 2: N space-separated task codes.
Line 3: M.
Line 4: M space-separated task codes.","N, M: 1-100
task codes: 1-5 uppercase letters","4
AA BB CC DD
4
CC DD AA BB","Possible","4
AA BB CC DD
4
CC DD AA BB","Possible","1
AA
1
AA","Possible","2
AA BB
2
BB AA","Possible","2
AA BB
2
AA BB","Possible","3
AA BB CC
3
AA CC BB","Impossible","4
XX XX XX XX
4
XX XX XX XX","Possible","4
AA BB AA BB
4
BB AA BB AA","Possible","4
AA BB CC DD
4
DD CC BB AA","Impossible","1
AA
1
BB","Impossible","4
BB AA BB AA
4
BB AA AA BB","Impossible","6
BB CC AA AA AA CC
6
AA AA CC BB CC AA","Possible","1
AA
1
CC","Impossible"
"S-028-5","Conveyor Layout Check","Silver","Arrays","The conveyor loops around, so a layout observed later may simply be the same layout shifted by some number of positions. Testing every possible shift amount decides whether the two observations differ only by such a cyclic shift.","Read two equal-length sequences of tokens representing a conveyor's circular layout at two times. Print yes if one is a cyclic shift of the other, otherwise no.","Line 1: N.
Line 2: N space-separated integers.
Line 3: M.
Line 4: M space-separated integers.","N, M: 1-100
tokens: 0-9","5
0 1 2 3 4
5
2 3 4 0 1","yes","5
0 1 2 3 4
5
2 3 4 0 1","yes","1
7
1
7","yes","2
1 2
2
2 1","yes","2
1 2
2
1 2","yes","3
1 2 3
3
1 3 2","no","4
5 5 5 5
4
5 5 5 5","yes","6
1 2 3 1 2 3
6
3 1 2 3 1 2","yes","4
1 2 3 4
4
4 3 2 1","no","1
4
1
2","no","2
1 4
2
4 1","yes","4
0 1 2 2
4
1 4 1 2","no","6
1 0 2 0 4 4
6
0 4 4 1 0 2","yes"
"S-029-1","Largest Rectangle in the Histogram","Silver","Arrays","A rectangle is drawn across a contiguous run of bars, and its height is limited by the SHORTEST bar in that run, since the rectangle must fit under all of them. Its area is that shortest height times the number of bars. Widening a run can only lower or keep the limiting height.","Read N bar heights and print the maximum area of any rectangle formed by contiguous bars, where area is the number of bars times the minimum height among them.","Line 1: N.
Line 2: N space-separated non-negative integers.","N: 1-100
heights: 0-10000","6
2 1 5 6 2 3","10","6
2 1 5 6 2 3","10","1
0","0","1
7","7","4
1 1 1 1","4","4
4 3 2 1","6","5
0 0 0 0 0","0","8
1 2 3 4 5 6 7 8","20","3
10000 1 10000","10000","1
5","5","3
5 7 0","10","5
6 2 7 3 1","8","7
0 1 9 7 6 4 4","20"
"S-029-2","Largest Rectangle Through a Bar","Silver","Arrays","Every rectangle considered must cover bar K, so the chosen run has to start at or before K and end at or after it. As before the rectangle's height is capped by the shortest bar in the run. Bar indices start at 0.","Read N bar heights and an index K. Print the largest area of any contiguous rectangle that includes bar K, where area is the width times the minimum height in the chosen run.","Line 1: N, K (space-separated).
Line 2: N space-separated non-negative integers.","N: 1-100
K: 0 to N-1, indices are 0-based
heights: 0-10000","6 2
2 1 5 6 2 3","10","6 2
2 1 5 6 2 3","10","1 0
0","0","1 0
7","7","4 0
1 1 1 1","4","4 3
4 3 2 1","4","5 2
0 0 0 0 0","0","8 7
1 2 3 4 5 6 7 8","20","3 1
10000 1 10000","3","1 0
3","3","3 1
2 0 1","0","5 3
1 0 9 7 2","14","7 5
4 3 0 1 9 1 6","4"
"S-029-3","Best Block of Fixed Width","Silver","Arrays","The width is fixed at W bars, so only the placement of the block can change. Each block's height is capped by its shortest bar, and the area is that height times W. The goal is the placement giving the largest area.","Read N bar heights and a width W. Print the maximum area of any contiguous block of exactly W bars, where area is W times the minimum height in that block.","Line 1: N, W (space-separated).
Line 2: N space-separated non-negative integers.","N: 1-100
W: 1 to N
heights: 0-10000","6 3
2 1 5 6 2 3","6","6 3
2 1 5 6 2 3","6","1 1
0","0","1 1
7","7","4 4
1 1 1 1","4","4 1
4 3 2 1","4","5 2
0 0 0 0 0","0","8 2
1 2 3 4 5 6 7 8","14","3 2
10000 1 10000","2","1 1
2","2","3 1
8 5 4","8","5 4
3 4 6 4 6","16","7 1
6 1 6 8 0 6 6","8"
"S-029-4","Count Tall-Enough Segments","Silver","Arrays","A contiguous segment qualifies when EVERY bar in it reaches at least T, which is the same as saying its minimum height is at least T. The bound is inclusive, so a bar of exactly height T is fine. Single-bar segments count too.","Read N bar heights and a threshold T. Print how many contiguous segments have a minimum height of at least T.","Line 1: N, T (space-separated).
Line 2: N space-separated non-negative integers.","N: 1-100
T: 0-10000
heights: 0-10000","5 2
3 1 4 2 5","7","5 2
3 1 4 2 5","7","1 0
0","1","1 1
0","0","4 1
1 1 1 1","10","4 5
1 2 3 4","0","5 0
0 0 0 0 0","15","6 3
5 5 5 1 5 5","9","3 10000
10000 10000 10000","6","1 5
1","0","3 0
9 5 5","6","5 1
1 1 8 8 3","15","7 0
5 9 9 5 5 7 1","28"
"S-029-5","Best Rectangle for Each Bar","Silver","Arrays","For each bar in turn, the rectangle is stretched as far left and right as possible while every bar it covers stays at least as tall as the chosen bar. That makes the chosen bar the limiting height, and the area is its height times the resulting width.","Read N bar heights. For each bar i, print the maximum area of a contiguous rectangle in which bar i is the limiting (minimum-height) bar, computed as the width times h[i]. Print the N values in order.","Line 1: N.
Line 2: N space-separated non-negative integers.","N: 1-100
heights: 0-10000","6
2 1 5 6 2 3","2 6 10 6 8 3","6
2 1 5 6 2 3","2 6 10 6 8 3","1
0","0","1
7","7","4
1 1 1 1","4 4 4 4","4
4 3 2 1","4 6 6 4","5
0 0 0 0 0","0 0 0 0 0","8
1 2 3 4 5 6 7 8","8 14 18 20 20 18 14 8","3
10000 1 10000","10000 3 10000","1
3","3","3
9 8 4","9 16 12","5
9 1 3 8 8","9 5 9 16 16","7
0 4 0 2 9 6 6","0 4 0 8 9 18 18"
"S-030-1","Smallest Missing Tag","Silver","Hash Sets","Only the window from 0 to N matters; any value outside it is ignored entirely, as are repeats. Because there are N+1 candidate labels but only N entries, at least one label in that window is always missing, so an answer always exists.","Read N integer tags and print the smallest non-negative integer in the range 0 to N that does not appear among them. Values outside 0..N are ignored.","Line 1: N.
Line 2: N space-separated integers.","N: 1-100
tags: -1000 to 1000","5
0 1 3 2 7","4","5
0 1 3 2 7","4","1
0","1","1
1","0","4
0 1 2 3","4","4
4 3 2 1","0","6
-5 -1 100 999 -2 -3","0","8
0 0 0 0 0 0 0 0","1","3
1 2 3","0","1
3","0","3
5 1 0","2","5
0 4 8 -2 3","1","8
6 7 -2 3 2 5 -2 1","0"
"S-030-2","Smallest Free Seat","Silver","Hash Sets","Seats are numbered from 1, and only the window 1 to N+1 is considered; anything outside it, along with repeats, is ignored. Since that window holds N+1 candidates but only N entries were reported, a free seat always exists.","Read N occupied seat numbers and print the smallest seat label in the range 1 to N+1 that is unoccupied. Values outside that range are ignored.","Line 1: N.
Line 2: N space-separated integers.","N: 1-100
seat numbers: -1000 to 1000","5
1 2 4 3 9","5","5
1 2 4 3 9","5","1
1","2","1
2","1","4
1 2 3 4","5","4
4 3 2 1","5","6
-5 0 100 999 -2 -3","1","8
1 1 1 1 1 1 1 1","2","3
2 3 4","1","1
0","1","3
-1 -1 0","1","5
5 5 6 7 2","1","8
-1 8 8 3 4 -1 5 -1","1"
"S-030-3","Smallest Free Product Code","Silver","Hash Sets","Codes begin at 1000, and only the window from 1000 to 1000+N is considered; anything outside it, along with repeats, is ignored. That window holds N+1 candidates while only N codes were reported, so a free code always exists.","Read N reported product codes and print the smallest code in the inclusive range 1000 to 1000+N that does not occur. Codes outside that range are ignored.","Line 1: N.
Line 2: N space-separated integers.","N: 1-100
codes: 0-2000","5
1000 1001 1003 1002 1500","1004","5
1000 1001 1003 1002 1500","1004","1
1000","1001","1
1001","1000","4
1000 1001 1002 1003","1004","4
1003 1002 1001 1000","1004","6
0 5 2000 1999 7 9","1000","8
1000 1000 1000 1000 1000 1000 1000 1000","1001","3
1001 1002 1003","1000","1
1003","1000","3
1004 1002 1007","1000","5
1002 1000 1006 999 1002","1001","8
1000 998 1000 1000 1006 1002 1005 998","1001"
"S-030-4","Smallest Missing Firmware Version","Silver","Hash Sets","Versions start at 0, and only the window 0 to N is considered; duplicates and out-of-range values are ignored. With N+1 candidate versions and only N reported entries, some version in the window is always absent.","Read N reported firmware versions and print the smallest non-negative version in the range 0 to N that is not present. Duplicates and values outside 0..N are ignored.","Line 1: N.
Line 2: N space-separated integers.","N: 1-100
versions: -1000 to 1000","5
2 0 1 5 4","3","5
2 0 1 5 4","3","1
0","1","1
5","0","4
0 1 2 3","4","4
3 2 1 0","4","6
-9 -8 500 600 -1 700","0","8
1 1 1 1 1 1 1 1","0","3
0 1 2","3","1
3","0","3
-2 -1 4","0","5
-2 5 5 6 6","0","8
2 0 2 3 3 0 5 0","1"
"S-030-5","Smallest Free Badge ID","Silver","Hash Sets","Badge IDs start at 1, and only the window 1 to N+1 is searched; repeats and out-of-range values are ignored. Since that window contains N+1 candidates and only N badges were assigned, at least one ID is always available.","Read N assigned badge IDs and print the smallest available ID within the range 1 to N+1 that does not appear. Values outside that range are ignored.","Line 1: N.
Line 2: N space-separated integers.","N: 1-100
badge IDs: -1000 to 1000","5
3 1 2 8 5","4","5
3 1 2 8 5","4","1
1","2","1
9","1","4
1 2 3 4","5","4
4 3 2 1","5","6
0 -1 -2 900 800 700","1","8
2 2 2 2 2 2 2 2","1","3
1 3 4","2","1
2","1","3
-2 1 8","2","5
6 5 5 7 4","1","8
4 5 8 5 4 4 6 0","1"
"S-031-1","Evaluate Postfix Arithmetic","Silver","Stacks","In postfix notation the operator comes AFTER its two operands, so '3 4 +' means 3 plus 4. Numbers are pushed onto a stack and each operator pops two values, applies itself and pushes the result. Order matters for subtraction and division: the value pushed first is the left operand. Division truncates toward zero, so -7 divided by 2 gives -3.","Read a valid postfix expression of signed integers and the binary operators + - * / (division truncates toward zero). Print the single integer left on the stack.","Line 1: the whitespace-delimited postfix expression.","tokens: 1-50
operand values: -10000 to 10000
division by zero never occurs","3 4 + 2 *","14","3 4 + 2 *","14","5","5","-5","-5","7 2 /","3","-7 2 /","-3","10 3 -","7","1 2 + 3 + 4 + 5 +","15","10000 10000 * 0 +","100000000","7","7","-4 8 / -7 -","7","5 -4 / 7 * -1 + -8 /","1","2 1 / -6 / 8 + -1 + 8 - 5 -","-6"
"S-031-2","Evaluate Postfix Booleans","Silver","Stacks","Postfix places the operator after its operands, so 'T F AND' means T combined with F using AND. AND yields true only when both operands are true; OR yields true when at least one is. Values are pushed onto a stack and each operator pops two and pushes its result.","Read a postfix stream of the tokens T and F with the binary operators AND and OR. Print the final value as T or F.","Line 1: the whitespace-delimited postfix stream.","tokens: 1-50
operand tokens are T or F","T F AND T OR","T","T F AND T OR","T","T","T","F","F","T F AND","F","T F OR","T","T T AND F OR","T","F F OR F OR F OR","F","T T AND T AND T AND","T","T F AND T AND","F","F T OR F AND T OR T AND","T","F F AND F AND T AND T AND T OR T OR","T","T F OR T OR","T"
"S-031-3","Evaluate Postfix with Modulo","Silver","Stacks","Postfix puts the operator after its operands, and each operator pops two values with the earlier-pushed one acting as the left operand. The modulo here takes the sign of the DIVIDEND, so -7 mod 3 gives -1 rather than 2. This matches the remainder left by division that truncates toward zero.","Read a valid postfix program of signed integers and the binary operators + - * % (the remainder takes the sign of the dividend). Print the single integer result.","Line 1: the whitespace-delimited postfix program.","tokens: 1-50
operand values: -10000 to 10000
modulo by zero never occurs","17 5 %","2","17 5 %","2","5","5","-5","-5","-17 5 %","-2","17 -5 %","2","10 3 % 4 *","4","1 2 + 3 * 4 %","1","10000 7 % 1 +","5","-9","-9","4 -7 - 7 *","77","-6 -3 - -4 * 8 * 6 -","90","-7 -8 + -9 - 7 * -6 % 6 + 3 %","0"
"S-031-4","Evaluate Postfix Max and Min","Silver","Stacks","Postfix places each operator after the two values it works on. Here 'max' pops two shipment sizes and pushes the larger, while 'min' pushes the smaller. Since both operations are symmetric, the order of the two operands does not affect the result.","Read a postfix sequence of non-negative integers and the binary operators max and min. Print the final integer remaining.","Line 1: the whitespace-delimited postfix sequence.","tokens: 1-50
operand values: 0-1000000","3 9 max 5 min","5","3 9 max 5 min","5","5","5","0","0","3 9 max","9","3 9 min","3","1 2 max 3 max 4 max","4","1000000 0 min 7 max","7","5 5 max 5 min 5 max","5","17","17","25 29 max 25 max","29","19 1 max 8 max 14 max 10 max","19","17 22 max 3 max 5 min 24 max 7 min 19 max","19"
"S-031-5","Evaluate Postfix with Comparison","Silver","Stacks","Postfix places the operator after its operands. The '>' operator pops two values, treating the one pushed FIRST as the left side, and pushes 1 if that left side is strictly greater than the right, otherwise 0. The result is an ordinary number that later operators can use.","Read a valid postfix expression of signed integers using the binary operators + and >, where '>' pops b then a and pushes 1 if a > b else 0. Print the single final integer.","Line 1: the whitespace-delimited postfix expression.","tokens: 1-50
operand values: -10000 to 10000","5 3 > 10 +","11","5 3 > 10 +","11","5","5","-5","-5","3 5 >","0","5 3 >","1","5 5 >","0","1 2 + 2 1 + >","0","10000 -10000 > 1 +","2","1","1","-7 6 + 9 >","0","1 -4 + 6 > -2 + -4 >","1","1 4 + 6 > -3 > -3 + -2 + 2 >","0"
"S-032-1","Merge Touching Meetings","Silver","Intervals","Sorting the bookings by start time means each one only ever needs comparing against the block currently being built. Since intervals are closed and touching counts as merging, a booking joins the current block whenever its start is at most the block's current end.","Read N meeting bookings as closed intervals [start, end], where touching intervals merge. Print the minimal list of non-overlapping intervals sorted by start, one 'start end' per line.","Line 1: N.
Next N lines: start and end, separated by a space.","N: 1-50
intervals satisfy start <= end
times: 0-100000","4
1 3
2 6
8 10
15 18","1 6
8 10
15 18","4
1 3
2 6
8 10
15 18","1 6
8 10
15 18","1
0 5","0 5","2
0 5
5 10","0 10","2
0 5
6 10","0 5
6 10","3
1 10
2 3
4 5","1 10","4
5 6
1 2
3 4
7 8","1 2
3 4
5 6
7 8","5
0 0
1 1
2 2
3 3
4 4","0 0
1 1
2 2
3 3
4 4","3
0 100000
1 2
3 4","0 100000","1
10 11","10 11","2
1 6
5 8","1 8","3
10 14
14 19
16 21","10 21","5
4 5
6 11
8 10
12 13
17 22","4 5
6 11
12 13
17 22"
"S-032-2","Consolidate IP Ranges","Silver","Intervals","These ranges hold whole integers, so two ranges are ADJACENT when one ends exactly where the next begins minus one, leaving no gap between them. Adjacent ranges merge just like overlapping ones, which means the merge test allows a start one past the current end.","Read N IP ranges as inclusive integer intervals [L, R], where adjacent ranges (R+1 equals the next L) also merge. Print the sorted list of merged ranges, one 'L R' per line.","Line 1: N.
Next N lines: L and R, separated by a space.","N: 1-50
intervals satisfy L <= R
values: 0-100000","4
1 3
4 6
10 12
20 20","1 6
10 12
20 20","4
1 3
4 6
10 12
20 20","1 6
10 12
20 20","1
0 5","0 5","2
0 5
6 10","0 10","2
0 5
7 10","0 5
7 10","3
1 10
2 3
11 12","1 12","4
5 6
1 2
3 4
7 8","1 8","5
0 0
2 2
4 4
6 6
8 8","0 0
2 2
4 4
6 6
8 8","3
0 100000
1 2
3 4","0 100000","1
17 21","17 21","2
8 10
11 12","8 12","3
8 13
15 15
17 17","8 13
15 15
17 17","5
5 9
8 12
11 15
13 15
16 16","5 16"
"S-032-3","Union of Half-Open Windows","Silver","Intervals","Half-open windows [start, end) exclude their end, so a window ending at 10 and one starting at 10 share no time at all and stay separate. Only windows that genuinely overlap are merged, meaning the next start must be strictly less than the current end.","Read N sensor windows as half-open intervals [start, end), where touching windows are NOT merged. Print the minimal sorted list of non-overlapping half-open intervals, one per line.","Line 1: N.
Next N lines: start and end, separated by a space.","N: 1-50
intervals satisfy start < end
times: 0-100000","4
1 3
2 6
8 10
15 18","1 6
8 10
15 18","4
1 3
2 6
8 10
15 18","1 6
8 10
15 18","1
0 5","0 5","2
0 5
5 10","0 5
5 10","2
0 5
4 10","0 10","3
1 10
2 3
4 5","1 10","4
5 6
1 2
3 4
7 8","1 2
3 4
5 6
7 8","5
0 1
1 2
2 3
3 4
4 5","0 1
1 2
2 3
3 4
4 5","3
0 100000
1 2
3 4","0 100000","1
2 4","2 4","2
0 1
1 3","0 1
1 3","3
8 11
17 18
19 21","8 11
17 18
19 21","5
0 3
5 8
6 10
10 15
20 23","0 3
5 10
10 15
20 23"
"S-032-4","Total Covered Seat Length","Silver","Intervals","Segments that overlap or merely touch are fused into one, so a point covered by several segments is still counted only once. After merging, each block contributes its own length, and those lengths are added up.","Read N seat segments as intervals [a, b] with one decimal place, where touching intervals merge. Print the total covered length after merging, with one decimal place.","Line 1: N.
Next N lines: a and b as decimals, separated by a space.","N: 1-50
intervals satisfy a <= b
values: 0.0-1000.0, given with one decimal place","3
1.0 3.0
2.5 5.0
7.0 8.5","5.5","3
1.0 3.0
2.5 5.0
7.0 8.5","5.5","1
0.0 0.0","0.0","1
0.0 1.0","1.0","2
0.0 1.0
1.0 2.0","2.0","2
0.0 1.0
2.0 3.0","2.0","3
0.0 10.0
1.0 2.0
3.0 4.0","10.0","4
0.5 1.5
1.5 2.5
2.5 3.5
3.5 4.5","4.0","2
0.0 1000.0
500.0 600.0","1000.0","1
3.3 5.1","1.8","2
2.4 2.5
0.6 2.5","1.9","3
0.4 0.4
1.0 2.4
5.1 5.6","1.9","4
4.5 4.7
1.1 1.8
0.3 0.5
2.8 2.8","1.1"
"S-032-5","Count Disjoint Coverage Blocks","Silver","Intervals","Segments merge only when they genuinely overlap; segments that merely touch at a single endpoint stay separate, so the merge test requires the next start to be strictly less than the current end. The answer counts how many separate blocks survive.","Read N coverage segments as intervals [s, e], where touching endpoints do NOT merge. Print the number of disjoint segments remaining after merging genuine overlaps.","Line 1: N.
Next N lines: s and e, separated by a space.","N: 1-50
intervals satisfy s <= e
values: 0-100000","4
1 5
3 8
10 12
20 25","3","4
1 5
3 8
10 12
20 25","3","1
0 5","1","2
0 5
5 10","2","2
0 5
4 10","1","3
1 10
2 3
4 5","1","4
5 6
1 2
3 4
7 8","4","5
0 0
1 1
2 2
3 3
4 4","5","3
0 100000
1 2
3 4","1","1
5 7","1","2
1 3
17 21","2","3
0 1
12 12
12 17","3","5
6 8
9 11
10 13
20 20
20 25","4"
"S-033-1","Pattern Fits the Words","Silver","Hash Maps","A bijection pairs each pattern letter with exactly one word AND each word with exactly one letter, so no two letters may share a word and no word may serve two letters. The pattern and the word sequence must also be the same length. 'abba' fits 'dog cat cat dog' but not 'dog dog dog dog'.","Read a pattern string of letters and a sequence of words. Print YES if each letter can be mapped one-to-one to a distinct word so the pattern reproduces the sequence, otherwise NO.","Line 1: the pattern string (lowercase letters, no spaces).
Line 2: space-separated words.","pattern length: 1-50
words: 1-20 lowercase letters","abba
dog cat cat dog","YES","abba
dog cat cat dog","YES","a
dog","YES","aa
dog dog","YES","aa
dog cat","NO","ab
dog dog","NO","abba
dog cat cat fish","NO","abc
dog cat","NO","abab
x y x y","YES","b
cat","YES","bb
cat cat","YES","aaa
fish dog cat","NO","baaa
fish dog fish fish","NO"
"S-033-2","Labels Map to Categories","Silver","Hash Maps","The mapping must work in BOTH directions: every label always corresponds to the same category, and every category is claimed by only one label. If either direction breaks at any position, or the two sequences differ in length, the mapping is invalid.","Read a sequence of labels and a sequence of category names. Print Valid if a one-to-one mapping from labels to categories is consistent at every position, otherwise Invalid.","Line 1: space-separated labels.
Line 2: space-separated category names.","each sequence has 1-50 tokens
tokens: 1-20 characters, no spaces","A B A C
red blue red green","Valid","A B A C
red blue red green","Valid","A
red","Valid","A A
red red","Valid","A A
red blue","Invalid","A B
red red","Invalid","A B A C
red blue red blue","Invalid","A B C
red blue","Invalid","X Y X Y
p q p q","Valid","B
green","Valid","C B
blue green","Valid","B C C
red red red","Invalid","B C B A
red blue blue blue","Invalid"
"S-033-3","Template Expands to Data","Silver","Hash Maps","Each placeholder must always expand to the same token, and no two different placeholders may expand to the same token. Both conditions together make the correspondence a bijection. The template and the data line must also hold the same number of tokens.","Read a template of placeholders and a data line of tokens. Print 1 if an exact one-to-one mapping between placeholders and tokens makes the template expand to the data, otherwise 0.","Line 1: space-separated placeholders.
Line 2: space-separated data tokens.","each line has 1-50 tokens
tokens: 1-20 characters, no spaces","p1 p2 p1
cat dog cat","1","p1 p2 p1
cat dog cat","1","p1
cat","1","p1 p1
cat cat","1","p1 p1
cat dog","0","p1 p2
cat cat","0","p1 p2 p3
cat dog cat","0","p1 p2
cat","0","p1 p2 p1 p2
a b a b","1","p1
emu","1","p3 p1 p2
dog emu dog","0","p3 p2 p1 p3
cat emu cat emu","0","p1 p3
cat dog","1"
"S-033-4","Symbols Match Items","Silver","Hash Maps","Each symbol must map to exactly one item and each item back to exactly one symbol, checked at every position. A single position where a symbol reuses a different item, or where two symbols share an item, breaks the match.","Read a pattern of digit symbols and a list of item names. Print MATCH if each symbol maps to exactly one item and each item to exactly one symbol across all positions, otherwise NO MATCH.","Line 1: space-separated digit symbols.
Line 2: space-separated item names.","each line has 1-50 tokens
item names: 1-20 characters, no spaces","1 2 1 3
apple pear apple plum","MATCH","1 2 1 3
apple pear apple plum","MATCH","1
apple","MATCH","1 1
apple apple","MATCH","1 1
apple pear","NO MATCH","1 2
apple apple","NO MATCH","1 2 1 3
apple pear apple pear","NO MATCH","1 2 3
apple pear","NO MATCH","7 8 7 8
x y x y","MATCH","1
pear","MATCH","2 1
pear apple","MATCH","1 2 1
plum pear plum","MATCH","2 2 1 3
plum apple plum apple","NO MATCH"
"S-033-5","Tags Map to Log Fields","Silver","Hash Maps","The correspondence must be bidirectional: a tag always pairs with the same field, and a field is never claimed by two different tags. Both sequences must also be the same length for a position-by-position mapping to exist at all.","Read a sequence of tag tokens and a sequence of log-field tokens. Print true if a bidirectional one-to-one mapping from tags to fields matches every position, otherwise false.","Line 1: space-separated tag tokens.
Line 2: space-separated log-field tokens.","each line has 1-50 tokens
tokens: 1-20 characters, no spaces","t1 t2 t1
host port host","true","t1 t2 t1
host port host","true","t1
host","true","t1 t1
host host","true","t1 t1
host port","false","t1 t2
host host","false","t1 t2 t3 t1
a b c b","false","t1 t2 t3
a b","false","a b a b
1 2 1 2","true","t3
path","true","t3 t1
host host","false","t3 t3 t3
path port host","false","t2 t2 t3 t1
host host path port","true"
"S-034-1","Closest Two Values","Silver","Sorting","Sorting the values first means the two closest ones must end up next to each other, so only neighbouring pairs in the sorted order need checking rather than every possible pair. Duplicate values give a gap of 0, which is the smallest possible.","Read N integers and print the minimum absolute difference between any two of them.","Line 1: N.
Line 2: N space-separated integers.","N: 2-100
values: -10000 to 10000","5
3 8 15 1 9","1","5
3 8 15 1 9","1","2
0 0","0","2
-10000 10000","20000","4
1 2 3 4","1","4
7 7 7 7","0","6
-5 -3 -1 1 3 5","2","8
100 200 300 400 500 600 700 701","1","3
0 -1 1","1","2
5 -19","24","3
14 18 20","2","5
-2 1 10 -6 -2","0","8
5 9 -4 -1 -11 5 -10 9","0"
"S-034-2","Indices of the Closest Timestamps","Silver","Sorting","The two timestamps with the smallest gap are wanted, but the ORIGINAL positions must be reported, not their positions after any sorting. Where several pairs tie at the same smallest gap, the pair with the smallest first index wins, then the smallest second.","Read N timestamps and find two distinct ones with the smallest absolute gap. Print their original 1-based indices (smaller index first), breaking ties by smallest first index then smallest second.","Line 1: N.
Line 2: N space-separated integers.","N: 2-100
timestamps: 0-1000000","5
30 80 150 10 90","2 5","5
30 80 150 10 90","2 5","2
0 0","1 2","2
0 1000000","1 2","4
1 2 3 4","1 2","4
7 7 7 7","1 2","6
10 20 30 40 50 51","5 6","8
1 100 2 200 3 300 4 400","1 3","3
5 9 5","1 3","2
29 6","1 2","3
17 1 14","1 3","5
12 29 8 5 16","3 4","8
20 13 19 8 20 4 28 3","1 5"
"S-034-3","The Two Closest Scores","Silver","Sorting","Two different players whose scores are nearest to each other are wanted, and it is their SCORES that get printed rather than their positions. The two scores are printed in nondecreasing order, so the smaller comes first.","Read N player scores and find two different players whose scores differ least. Print the two scores in nondecreasing order. If several pairs tie, use the pair with the smallest first index then smallest second.","Line 1: N.
Line 2: N space-separated integers.","N: 2-100
scores: -10000 to 10000","5
30 80 15 90 88","88 90","5
30 80 15 90 88","88 90","2
0 0","0 0","2
-10000 10000","-10000 10000","4
1 2 3 4","1 2","4
7 7 7 7","7 7","6
-5 -3 -1 1 3 5","-5 -3","8
100 200 300 400 500 600 700 701","700 701","3
0 -1 1","-1 0","2
-3 -11","-11 -3","3
-12 -15 12","-15 -12","5
-8 8 -18 -1 14","8 14","8
-17 12 12 4 16 20 5 12","12 12"
"S-034-4","Closest Gap and How Often","Silver","Sorting","First the smallest gap between any two elements is found, then every unordered pair achieving exactly that gap is counted. Repeated values push the smallest gap to 0 and can create many qualifying pairs at once.","Read N integers and print two values: the minimum absolute difference between any pair, and the number of unordered pairs achieving that minimum.","Line 1: N.
Line 2: N space-separated integers.","N: 2-100
values: -10000 to 10000","5
1 3 5 7 9","2 4","5
1 3 5 7 9","2 4","2
0 0","0 1","2
-10000 10000","20000 1","4
1 2 3 4","1 3","4
7 7 7 7","0 6","6
1 1 2 2 3 3","0 3","8
10 20 30 40 50 60 70 71","1 1","3
0 -1 1","1 2","2
-5 2","7 1","3
-2 1 8","3 1","5
2 0 -9 -6 5","2 1","8
8 7 9 -4 -8 -9 6 -4","0 1"
"S-034-5","Earliest Closest Pair","Silver","Sorting","Among all pairs of positions with i less than j, the one whose values are nearest is wanted. When several pairs share that smallest difference, the answer is the lexicographically smallest index pair, meaning the smallest i, and among those the smallest j.","Read N integers and find the pair of indices (i < j) whose values differ least. If several pairs tie, print the lexicographically smallest index pair. Print the two 1-based indices.","Line 1: N.
Line 2: N space-separated integers.","N: 2-100
values: -10000 to 10000","5
4 9 1 32 13","1 3","5
4 9 1 32 13","1 3","2
0 0","1 2","2
-10000 10000","1 2","4
1 2 3 4","1 2","4
7 7 7 7","1 2","6
5 5 5 100 200 300","1 2","8
1 100 2 200 3 300 4 400","1 3","3
0 -1 1","1 2","2
4 18","1 2","3
24 4 22","1 3","5
19 21 14 22 12","2 4","8
24 6 18 13 9 13 23 4","4 6"
"S-035-1","Text Editor with Undo","Silver","Stacks","The typed characters form a stack: each TYPE pushes a character on top, and each UNDO removes whatever is currently on top. An UNDO with nothing to remove simply does nothing. What survives is read from oldest to newest.","Read N editor commands, each either 'TYPE c' (append character c) or 'UNDO' (remove the most recently appended character still present). Print the final text, or an empty line if no text remains.","Line 1: N.
Next N lines: either 'TYPE c' or 'UNDO'.","N: 1-50
c is a single lowercase letter","5
TYPE a
TYPE b
UNDO
TYPE c
TYPE d","acd","5
TYPE a
TYPE b
UNDO
TYPE c
TYPE d","acd","1
TYPE a","a","1
UNDO","","3
UNDO
UNDO
UNDO","","4
TYPE a
TYPE b
UNDO
UNDO","","4
TYPE a
UNDO
UNDO
TYPE b","b","6
TYPE x
TYPE y
TYPE z
UNDO
UNDO
UNDO","","5
TYPE a
TYPE a
TYPE a
UNDO
TYPE b","aab","1
TYPE b","b","3
UNDO
TYPE b
TYPE b","bb","4
TYPE b
TYPE c
UNDO
UNDO","","6
UNDO
UNDO
TYPE c
TYPE b
UNDO
UNDO",""
"S-035-2","Drawing with Erase","Silver","Stacks","Strokes stack up, with each DRAW placing a new stroke on top and each ERASE removing the most recent surviving one. An ERASE on an empty canvas does nothing. Survivors are listed from the oldest at the bottom to the newest on top.","Read N drawing commands, each either 'DRAW id' (add a stroke on top) or 'ERASE' (remove the most recent still-present stroke). Print the remaining stroke identifiers from oldest to newest, or EMPTY if none remain.","Line 1: N.
Next N lines: either 'DRAW id' or 'ERASE'.","N: 1-50
stroke ids: 1-10 characters, no spaces","5
DRAW s1
DRAW s2
ERASE
DRAW s3
DRAW s4","s1 s3 s4","5
DRAW s1
DRAW s2
ERASE
DRAW s3
DRAW s4","s1 s3 s4","1
DRAW s1","s1","1
ERASE","EMPTY","3
ERASE
ERASE
ERASE","EMPTY","4
DRAW a
DRAW b
ERASE
ERASE","EMPTY","4
DRAW a
ERASE
ERASE
DRAW b","b","6
DRAW x
DRAW y
DRAW z
ERASE
ERASE
ERASE","EMPTY","5
DRAW p
DRAW q
DRAW r
ERASE
DRAW s","p q s","1
DRAW s9","s9","3
DRAW s7
DRAW s3
ERASE","s7","4
DRAW s2
DRAW s2
DRAW s6
DRAW s8","s2 s2 s6 s8","6
ERASE
DRAW s2
ERASE
DRAW s2
DRAW s1
DRAW s2","s2 s1 s2"
"S-035-3","Score with Retract","Silver","Stacks","Score events stack up, and each RETRACT cancels the most recent event that has not already been cancelled. A RETRACT with nothing left to cancel does nothing. The final total is the sum of whatever events survive, which is 0 when none do.","Read N game commands, each either 'SCORE x' (record gaining x points) or 'RETRACT' (cancel the most recent not-yet-removed score event). Print the player's final total score.","Line 1: N.
Next N lines: either 'SCORE x' or 'RETRACT'.","N: 1-50
x: -1000 to 1000","5
SCORE 10
SCORE 20
RETRACT
SCORE 5
SCORE 1","16","5
SCORE 10
SCORE 20
RETRACT
SCORE 5
SCORE 1","16","1
SCORE 10","10","1
RETRACT","0","3
RETRACT
RETRACT
RETRACT","0","4
SCORE 10
SCORE 20
RETRACT
RETRACT","0","4
SCORE -5
RETRACT
RETRACT
SCORE 7","7","6
SCORE 1
SCORE 2
SCORE 3
RETRACT
RETRACT
RETRACT","0","5
SCORE 1000
SCORE -1000
RETRACT
SCORE 1
SCORE 2","1003","1
SCORE -11","-11","3
SCORE -43
SCORE -48
RETRACT","-43","4
SCORE 23
SCORE 22
SCORE -19
SCORE -6","20","6
SCORE 48
RETRACT
SCORE 14
SCORE -34
RETRACT
SCORE -41","-27"
"S-035-4","Browser History","Silver","Stacks","Visited pages stack up, and BACK removes the most recent page, revealing whatever was beneath it. A BACK with no pages left does nothing. The answer is whichever page is on top at the end, or a fixed word when the stack is empty.","Read N browser commands, each either 'VISIT url' (push a new page) or 'BACK' (remove the most recently visited page). Print the current URL after all commands, or HOME if no page remains.","Line 1: N.
Next N lines: either 'VISIT url' or 'BACK'.","N: 1-50
urls: 1-25 characters, no spaces","5
VISIT a.com
VISIT b.com
BACK
VISIT c.com
VISIT d.com","d.com","5
VISIT a.com
VISIT b.com
BACK
VISIT c.com
VISIT d.com","d.com","1
VISIT a.com","a.com","1
BACK","HOME","3
BACK
BACK
BACK","HOME","4
VISIT a.com
VISIT b.com
BACK
BACK","HOME","4
VISIT a.com
BACK
BACK
VISIT b.com","b.com","6
VISIT x
VISIT y
VISIT z
BACK
BACK
BACK","HOME","5
VISIT p
VISIT q
BACK
VISIT r
BACK","p","3
VISIT b.com
VISIT c.com
BACK","b.com","4
VISIT c.com
BACK
BACK
BACK","HOME","6
BACK
VISIT a.com
VISIT b.com
VISIT a.com
VISIT b.com
VISIT a.com","a.com","3
VISIT c.com
BACK
BACK","HOME"
"S-035-5","Shopping Cart with Undo","Silver","Stacks","Items stack up in the cart, and each REMOVE undoes the most recent add that has not already been undone. A REMOVE on an empty cart does nothing. Surviving items are listed from earliest added to latest.","Read N shopping commands, each either 'ADD item' (put an item in the cart) or 'REMOVE' (undo the most recent still-present add). Print the item names in the cart from earliest to latest, or 0 if the cart is empty.","Line 1: N.
Next N lines: either 'ADD item' or 'REMOVE'.","N: 1-50
item names: 1-20 characters, no spaces","5
ADD milk
ADD eggs
REMOVE
ADD bread
ADD jam","milk bread jam","5
ADD milk
ADD eggs
REMOVE
ADD bread
ADD jam","milk bread jam","1
ADD milk","milk","1
REMOVE","0","3
REMOVE
REMOVE
REMOVE","0","4
ADD a
ADD b
REMOVE
REMOVE","0","4
ADD a
REMOVE
REMOVE
ADD b","b","6
ADD x
ADD y
ADD z
REMOVE
REMOVE
REMOVE","0","5
ADD p
ADD q
ADD r
REMOVE
ADD s","p q s","3
ADD milk
ADD milk
REMOVE","milk","4
REMOVE
ADD jam
REMOVE
ADD milk","milk","6
ADD milk
ADD jam
ADD jam
ADD jam
ADD milk
REMOVE","milk jam jam jam","3
ADD jam
ADD jam
REMOVE","jam"
