"id","name","division","category","background","task","input_format","constraints","sample_input","sample_output","test1_input","test1_output","test2_input","test2_output","test3_input","test3_output","test4_input","test4_output","test5_input","test5_output","test6_input","test6_output","test7_input","test7_output","test8_input","test8_output","test9_input","test9_output","test10_input","test10_output","test11_input","test11_output","test12_input","test12_output"
"G-001-1","Longest Unique Substring","Gold","Strings","A substring is a contiguous run of characters inside the given string. All characters in the run must be different to be valid.","Given a string, output the length of the longest contiguous substring that contains no repeated characters.","Line 1: a single string S (lowercase letters only)","1 ≤ |S| ≤ 300000. S contains only characters 'a'–'z'. Expected O(n) solution.","abcaefb
","5","abcaefb
","5","a
","1","aaaaa
","1","abcdef
","6","abac
","3","abcbde
","4","abcabcbb
","3","pwwkew
","3","c","1","ccb","2","aaddcc","2","cbbcdcabd","4"
"G-001-2","Longest Unique ID Segment","Gold","Arrays","A contiguous segment is a sequence of array elements with consecutive indices. All IDs in the segment must be pairwise distinct.","Given n integers (IDs), find the 1-based start and end indices of the longest contiguous subarray that contains no repeated ID. If multiple segments have the same maximum length, output the one with the smallest start index.","Line 1: integer n. Line 2: n space-separated integers (the sequence).","1 ≤ n ≤ 200000. Each ID is an integer between 0 and 10^9 inclusive. Expected O(n) time and O(n) memory.","7
1 2 3 1 4 5 2
","2 6","7
1 2 3 1 4 5 2
","2 6","1
42
","1 1","5
7 7 7 7 7
","1 1","6
10 20 30 40 50 60
","1 6","6
1 2 3 1 2 3
","1 3","7
5 1 2 3 2 4 6
","1 4","8
1000000000 1 2 3 4 5 1 2
","1 6","4
2 2 3 4
","2 4","1
1","1 1","3
2 1 1","1 2","6
3 1 2 1 2 3","1 3","9
3 2 1 1 2 3 3 2 1","1 3"
"G-001-3","Earliest Longest Color Run","Gold","Hash Maps","A color run is a contiguous block of color names in the list. Names are tokens separated by spaces; a run is valid if every color in it appears at most once.","Given n color names, print the 0-based start and end indices (inclusive) of the earliest longest contiguous run that contains no repeated color.","Line 1: integer n. Line 2: n space-separated color names (each name uses only lowercase letters).","1 ≤ n ≤ 100000. Each color name is 1–10 lowercase letters. If multiple runs tie for maximum length, choose the one with the smallest start index. Expected O(n) time.","7
red blue green red yellow blue black
","2 6","7
red blue green red yellow blue black
","2 6","1
cyan
","0 0","4
red red red red
","0 0","5
a b c d e
","0 4","6
blue green red blue green red
","0 2","5
orange orange yellow green yellow
","1 3","8
one two three four five one two three
","0 4","6
a b a c d e
","1 5","1
teal","0 0","3
blue red teal","0 2","6
green blue teal green red blue","1 4","9
red red blue blue red teal teal blue teal","3 5"
"G-001-4","Max Unique Window Length (Numbers)","Gold","Two Pointers","A contiguous subarray of numbers is a run of elements with consecutive positions. The run is valid if all numbers in it are distinct.","Given an array of integers, output the maximum length of any contiguous subarray that contains all distinct values.","Line 1: integer n. Line 2: n space-separated integers.","1 ≤ n ≤ 300000. Each integer is between -10^9 and 10^9 inclusive. Expected O(n) time and O(n) extra memory.","8
-1 2 -1 3 4 2 5 3
","5","8
-1 2 -1 3 4 2 5 3
","5","1
0
","1","5
-2 -2 -2 -2 -2
","1","6
0 1 2 3 4 5
","6","6
1 2 3 1 2 3
","3","7
7 8 9 1 2 8 10
","5","8
1000000000 -1000000000 1 2 3 1000000000 4 5
","7","4
5 5 6 7
","3","1
-3","1","3
2 2 2","1","6
3 1 -2 1 -1 -3","4","9
0 -2 -3 0 3 -2 3 3 -2","4"
"G-001-5","Indices of First Longest Unique Run","Gold","Sliding Window","A run is a contiguous substring of the input string. Characters are alphanumeric (letters or digits). A run is valid if no character appears more than once inside it.","Given a string of alphanumeric characters, output two integers: the 1-based starting index and the length of the earliest longest contiguous substring that contains no repeated characters.","Line 1: a single string S of alphanumeric characters (A–Z, a–z, 0–9).","1 ≤ |S| ≤ 100000. S contains only alphanumeric characters. If multiple maximal runs tie, choose the one with the smallest 1-based start index. Expected O(n) time.","A1B2A3B4
","2 5","A1B2A3B4
","2 5","Z
","1 1","AAAAAAAA
","1 1","ABCD1234
","1 8","AAABBBCCC
","3 2","1A2B3A4
","1 5","ABABA
","1 2","123321
","1 3","A","1 1","2AA","1 2","BAA22B","1 2","1B21122B2","1 3"
"G-002-1","Minimum Substring Cover","Gold","Strings","A substring is a contiguous sequence of characters inside a string. A pattern is another string whose characters (with multiplicity) must all appear inside a substring to be considered covered.","Find the shortest substring of S that contains every character of T at least as many times as it appears in T. If multiple shortest substrings exist, return the leftmost one (smallest start index). If no such substring exists, print -1.","Line 1: string S (source). Line 2: string T (pattern). Both contain only lowercase letters.","1 ≤ |S| ≤ 200000, 1 ≤ |T| ≤ 100000. All characters are 'a'–'z'.","adobecodebanc
abc
","banc","adobecodebanc
abc
","banc","a
a
","a","a
aa
","-1","aabcbcdbca
abc
","abc","abcaabc
abc
","abc","abacbbaac
aab
","aba","abc
abc
","abc","xyz
wxyz
","-1","b
b","b","aa
cacc","-1","ca
abbcba","-1","acc
aacbbba","-1"
"G-002-2","Shortest Subarray Covering Multiset","Gold","Arrays","A contiguous subarray is a sequence of consecutive elements of an array. A required multiset lists values and may include duplicates; the subarray must contain each listed value that many times.","Output two 1-based indices L and R for the shortest contiguous subarray of A that contains every value in the multiset M with at least the multiplicity given. If multiple solutions have the same length choose the one with the smallest L. If no subarray covers M print -1.","Line 1: two integers n m (n = length of A, m = number of items in multiset M). Line 2: n integers A1 ... An. Line 3: m integers (the multiset M values; values may repeat).","1 ≤ n ≤ 200000, 1 ≤ m ≤ 100000, each array value fits signed 32-bit integer. The multiset elements are arbitrary integers and may repeat.","10 3
1 2 3 4 5 2 1 3 2 1
1 2 3
","1 3","10 3
1 2 3 4 5 2 1 3 2 1
1 2 3
","1 3","1 1
5
5
","1 1","5 1
1 2 3 4 5
6
","-1","8 3
1 2 1 2 1 3 2 1
1 2 1
","1 3","6 2
4 2 3 2 3 4
2 3
","2 3","5 2
0 -1 0 -1 0
-1 -1
","2 4","3 3
1 2 3
1 2 3
","1 3","5 3
1 1 2 1 1
1 1 1
","1 4","1 1
3
1","-1","4 2
2 1 2 3
3 3","-1","6 2
1 3 3 3 1 1
3 2","-1","8 3
2 2 3 2 2 3 3 3
2 2 2","1 4"
"G-002-3","Shopping List Window","Gold","Arrays","A shopping sequence is the list of items encountered in order; an item name is a short word. A shopping list is a multiset of required items (items may repeat).","Find the shortest contiguous range of the shopping sequence that contains every item from the shopping list with at least the required multiplicity. Output two 1-based positions (start end). If multiple shortest ranges exist print the one with smallest start. If none exists print NOT FOUND.","Line 1: two integers k n (k = number of items in the shopping list, n = length of the store sequence). Line 2: k space-separated strings (the shopping list; items may repeat). Line 3: n space-separated strings (store sequence). Item strings contain only lowercase letters and no spaces.","1 ≤ k ≤ 1000, 1 ≤ n ≤ 200000, each item string length ≤ 10. All words are lowercase letters. The shopping list items may include repeats.","2 8
banana apple
orange banana apple grape banana apple kiwi banana
","2 3","2 8
banana apple
orange banana apple grape banana apple kiwi banana
","2 3","1 1
milk
milk
","1 1","2 2
egg milk
milk bread
","NOT FOUND","3 5
apple apple banana
banana apple apple orange apple
","1 3","2 5
apple banana
x apple banana apple banana
","2 3","2 4
a b
a a a b
","3 4","2 2
bread butter
bread butter
","1 2","2 1
apple apple
apple
","NOT FOUND","1 1
banana
banana","1 1","2 4
apple apple
kiwi kiwi kiwi kiwi","NOT FOUND","2 6
kiwi apple
apple kiwi banana banana kiwi banana","1 2","3 7
kiwi banana apple
kiwi apple apple banana apple kiwi banana","4 6"
"G-002-4","Minimum A/B Cover","Gold","Strings","A substring is contiguous characters of a string that contains only the letters 'A' and 'B'. You are given required counts for 'A' and 'B' that the substring must meet or exceed.","Find the shortest substring of S that contains at least needA copies of 'A' and at least needB copies of 'B'. Output its 1-based start and end positions. If multiple shortest substrings exist return the one with smallest start. If none exists print -1.","Line 1: string S (only characters 'A' and 'B'). Line 2: two integers needA needB (required minimum counts for 'A' and 'B').","1 ≤ |S| ≤ 200000. 1 ≤ needA ≤ |S|, 1 ≤ needB ≤ |S|. S contains only 'A' and 'B'.","ABABBA
2 2
","1 4","ABABBA
2 2
","1 4","A
1 1
","-1","AAABBB
3 3
","1 6","BAAABBAB
3 2
","1 5","ABAB
1 1
","1 2","AAAA
2 1
","-1","AAAABBBB
3 3
","2 7","AB
1 1
","1 2","B
2 3","-1","ABA
3 3","-1","BBBAB
1 2","2 4","AABBAABA
1 1","2 3"
"G-002-5","Uppercase Letter Cover","Gold","Strings","A substring is a contiguous part of an uppercase-letter string. You are given a list of distinct uppercase letters and required counts for each; the substring must contain at least those counts for every listed letter.","Output the shortest substring of S that contains each required letter at least the specified number of times. If multiple shortest substrings exist choose the one with the smallest start index. If no substring meets all requirements print NONE. If a solution exists, output the substring itself.","Line 1: string S (uppercase letters A–Z). Line 2: integer t (number of distinct required letters). Next t lines: each line contains a character C and an integer k separated by a space (meaning letter C is required at least k times).","1 ≤ |S| ≤ 200000, 1 ≤ t ≤ 26, for each requirement 1 ≤ k ≤ |S|. All letters are 'A'–'Z'. Required characters in the t lines are distinct.","ABCXYZABC
3
A 1
B 1
C 1
","ABC","ABCXYZABC
3
A 1
B 1
C 1
","ABC","A
1
A 1
","A","AB
1
C 1
","NONE","AABBC
2
A 2
B 2
","AABB","ABAB
2
A 1
B 1
","AB","XYZABCYZA
2
Z 2
A 1
","ZABCYZ","ABCC
1
C 3
","NONE","AAABBBCCC
3
A 3
B 3
C 3
","AAABBBCCC","B
1
A 1","NONE","CCC
3
B 2
C 1
A 2","NONE","ABCBAB
1
A 1","A","BBBBBABAA
1
B 1","B"
"G-003-1","Longest Substring With At Most K Distinct","Gold","Strings","A substring is a contiguous sequence of characters from a string. Distinct characters are the different letters that appear in the substring.","Given an integer k and a lowercase string S, output the length of the longest contiguous substring of S that contains at most k distinct characters. If no non-empty substring satisfies this (e.g., k = 0), output 0.","Line 1: integer k
Line 2: string S (lowercase letters only)","0 ≤ k ≤ 26; 1 ≤ |S| ≤ 300000","2
abcba
","3","2
abcba
","3","0
a
","0","10
abac
","4","1
aaaa
","4","0
abc
","0","2
eceba
","3","2
abaccc
","4","3
abcabcabc
","9","0
c","0","3
aab","3","0
abcbba","0","1
bbabacccb","3"
"G-003-2","Longest Product ID Run With At Most K Brands","Gold","Arrays","A run is a contiguous subarray of product IDs. Distinct brands are the number of different ID values in the run.","Given n product IDs and an integer k, find the length of the longest contiguous subarray that contains at most k distinct ID values. If k = 0, output 0.","Line 1: two integers n and k separated by a space
Line 2: n integers — the product IDs (space separated)","1 ≤ n ≤ 300000; 0 ≤ k ≤ n; each product ID is an integer in [0, 10^9]","5 2
1 2 1 3 2
","3","5 2
1 2 1 3 2
","3","1 0
5
","0","4 1
7 7 7 7
","4","6 10
1 2 3 2 1 4
","6","7 2
1 2 2 3 2 2 1
","5","5 1
1 2 2 2 3
","3","5 2
0 1000000000 0 1000000000 1
","4","5 0
1 1 1 1 1
","0","1 2
4","1","3 2
1 3 3","3","6 3
4 4 4 3 3 2","6","9 2
4 1 4 2 4 1 4 3 2","3"
"G-003-3","Count Subarrays With At Most K Distinct Values","Gold","Arrays","A subarray is a contiguous slice of the array. We count every contiguous subarray whose number of distinct values is at most k.","Given n integers and integer k, output the total number of contiguous subarrays whose number of distinct values is at most k. Empty subarray is not counted.","Line 1: two integers n and k separated by a space
Line 2: n integers (space separated)","1 ≤ n ≤ 300000; 0 ≤ k ≤ n; each element is an integer in [−10^9, 10^9]","3 2
1 2 1
","6","3 2
1 2 1
","6","1 0
5
","0","4 1
1 1 2 2
","6","4 2
1 2 3 4
","7","5 2
1 2 1 3 2
","10","3 0
1 1 1
","0","5 3
1 2 3 2 1
","15","5 1
1 2 1 2 1
","5","1 1
1","1","3 0
2 3 3","0","6 1
4 2 1 3 2 2","7","9 1
3 3 1 2 1 1 1 2 4","13"
"G-003-4","Longest Color Run With At Most K Colors","Gold","Arrays","You are given a sequence of color codes (single uppercase letters). A run is a contiguous sequence of colors; distinct colors are the different letters in that run.","Given n color letters and integer k, output the length of the longest contiguous run that contains at most k distinct colors. If k = 0, output 0.","Line 1: two integers n and k separated by a space
Line 2: n uppercase letters separated by spaces (each letter is 'A'..'Z')","1 ≤ n ≤ 300000; 0 ≤ k ≤ n; letters are 'A'..'Z'","6 2
R G R R B G
","4","6 2
R G R R B G
","4","1 0
A
","0","5 1
B B B B B
","5","5 10
A B C A B
","5","6 2
A A B C B B
","4","6 1
A B A B A B
","1","4 0
A A A A
","0","8 3
A B C D A B C D
","3","1 0
B","0","3 3
A A B","3","6 2
A A A B C C","4","9 2
B A B C C C C A B","5"
"G-003-5","Longest Time Window With At Most K Event Types","Gold","Arrays","Events are recorded as integer type IDs in time order. A time window is a contiguous sequence of events; distinct event types are the different IDs inside the window.","Given n event type IDs and integer k, output the length of the longest contiguous time window that contains at most k distinct event types. If k = 0, output 0.","Line 1: two integers n and k separated by a space
Line 2: n integers — event type IDs (space separated)","1 ≤ n ≤ 300000; 0 ≤ k ≤ n; each ID is an integer in [0, 10^9]","5 2
1 2 2 3 2
","4","5 2
1 2 2 3 2
","4","1 0
10
","0","5 1
4 4 4 4 4
","5","6 6
1 2 3 4 5 6
","6","7 2
2 1 1 3 1 1 2
","5","4 1
0 0 1 0
","2","4 0
1 1 1 1
","0","6 2
100 200 100 300 100 200
","3","1 0
4","0","3 2
3 2 4","2","6 2
1 1 3 4 4 2","3","9 1
3 2 1 3 4 2 2 4 3","2"
"G-004-1","Exact Sum Subarray","Gold","Arrays","You are given a list of positive integers. A contiguous subarray is a sequence of consecutive elements. Indices are 1-based.","Find any contiguous subarray whose elements sum exactly to S. If multiple exist, choose the one with the smallest left index; if still tied, choose the one with the smallest right index. Output the left and right indices separated by a space, or -1 if none exist.","Line 1: two integers n and S. Line 2: n positive integers a1 a2 ... an on one line.","1 ≤ n ≤ 300000. 1 ≤ ai ≤ 10^9. 1 ≤ S ≤ 10^18. All ai are strictly positive. The chosen solution must run in O(n) time.","7 14
2 1 3 4 3 2 5
","4 7","7 14
2 1 3 4 3 2 5
","4 7","1 5
5
","1 1","1 3
5
","-1","5 9
1 2 3 4 5
","2 4","6 10
5 5 5 5 5 5
","1 2","5 15
1 2 3 4 5
","1 5","4 100
10 20 30 10
","-1","6 4
2 2 2 2 2 2
","1 2","1 8
1","-1","3 2
5 5 2","3 3","5 6
4 2 4 5 1","1 2","7 13
2 1 3 4 5 4 5","2 5"
"G-004-2","Count Exact-Sum Windows","Gold","Two Pointers","Given a sequence of strictly positive integers, a contiguous window is any consecutive subsequence. Each valid window's sum is the total of its elements.","Output the number of contiguous windows whose sum equals S.","Line 1: two integers n and S. Line 2: n positive integers a1 a2 ... an on one line.","1 ≤ n ≤ 300000. 1 ≤ ai ≤ 10^9. 1 ≤ S ≤ 10^18. All ai are strictly positive. Expected time O(n).","6 5
1 2 3 2 2 1
","3","6 5
1 2 3 2 2 1
","3","1 5
5
","1","1 3
5
","0","5 5
1 1 1 1 1
","1","5 3
3 3 3 3 3
","5","6 4
2 2 2 2 2 2
","5","4 100
10 20 30 10
","0","7 6
1 2 1 2 1 2 1
","4","1 12
4","0","3 5
5 5 5","3","5 16
4 1 2 3 5","0","7 3
1 1 1 1 2 3 2","4"
"G-004-3","Shortest Exact Window","Gold","Sliding Window","A contiguous window in a positive-valued array has a well-defined sum. Window length is the number of elements included.","Find the smallest length (number of elements) of any contiguous window whose sum equals S. Output that length, or -1 if none exists.","Line 1: two integers n and S. Line 2: n positive integers a1 a2 ... an on one line.","1 ≤ n ≤ 300000. 1 ≤ ai ≤ 10^9. 1 ≤ S ≤ 10^18. All ai are strictly positive. Expected O(n) time.","5 6
1 5 1 2 3
","2","5 6
1 5 1 2 3
","2","1 6
6
","1","1 6
5
","-1","4 6
3 3 3 3
","2","3 3
1 1 1
","3","4 100
10 20 30 10
","-1","6 4
1 1 1 1 1 1
","4","4 5
2 4 1 5
","1","1 2
1","-1","3 5
1 4 4","2","5 1
5 2 3 2 5","-1","7 2
5 3 3 4 2 3 3","1"
"G-004-4","Longest Exact Window","Gold","Searching","For a positive integer array, longer contiguous windows have larger sums in a monotone fashion when expanding the right end while left is fixed.","Find the maximum length of a contiguous window whose elements sum exactly to S. Output that length, or -1 if none exists.","Line 1: two integers n and S. Line 2: n positive integers a1 a2 ... an on one line.","1 ≤ n ≤ 300000. 1 ≤ ai ≤ 10^9. 1 ≤ S ≤ 10^18. All ai are strictly positive. Expected O(n) time.","6 5
1 2 3 2 2 1
","3","6 5
1 2 3 2 2 1
","3","1 5
5
","1","1 3
5
","-1","6 10
5 5 5 5 5 5
","2","5 15
1 2 3 4 5
","5","7 4
1 1 1 2 1 1 1
","3","4 4
2 2 2 2
","2","4 1
10 1 1 1
","1","1 20
4","-1","3 7
4 2 1","3","5 15
1 3 2 4 4","-1","7 11
1 5 4 2 1 1 3","5"
"G-004-5","List Exact-Sum Starts","Gold","Arrays","When a contiguous window sums to S, its starting index identifies where the block begins. Indices are 1-based.","List, in increasing order, all starting indices of contiguous windows whose elements sum exactly to S, separated by single spaces. If none exist, output -1.","Line 1: two integers n and S. Line 2: n positive integers a1 a2 ... an on one line.","1 ≤ n ≤ 300000. 1 ≤ ai ≤ 10^9. 1 ≤ S ≤ 10^18. All ai are strictly positive. Expected O(n) time.","7 5
2 3 1 4 1 1 4
","1 3 4 6","7 5
2 3 1 4 1 1 4
","1 3 4 6","1 5
5
","1","3 10
2 2 2
","-1","3 3
3 3 3
","1 2 3","5 3
1 2 1 2 1
","1 2 3 4","4 10
2 3 4 1
","1","4 100
10 20 30 10
","-1","5 5
2 1 3 2 3
","3 4","1 16
4","-1","3 1
5 1 5","2","5 2
4 2 3 1 4","2","7 1
3 3 2 4 1 2 1","5 7"
"G-005-1","Subarray Sum Target","Gold","Arrays","A subarray is a contiguous slice of the array. The sum of a subarray is the sum of its elements. Count every distinct pair of start and end indices (i ≤ j) that yields the required sum.","Given an integer array and a target T, count how many contiguous subarrays have sum exactly T. Output the count as a single integer.","Line 1: n T (two integers)
Line 2: n integers a1 a2 ... an (space-separated)","1 ≤ n ≤ 300000. Each ai is between -1e9 and 1e9. |T| ≤ 1e18. The answer fits in a signed 64-bit integer.","5 5
1 2 3 -1 0
","3","5 5
1 2 3 -1 0
","3","1 0
0
","1","3 7
1 2 3
","0","6 0
1 -1 1 -1 1 -1
","9","3 1000000000000000000
1000000000000000000 1000000000000000000 -1000000000000000000
","3","4 3
1 2 1 2
","3","5 -1
-1 0 1 0 -1
","5","5 0
0 0 0 0 0
","15","1 -3
0","0","3 0
-2 0 -1","1","5 0
1 -3 3 1 3","1","7 2
1 -2 0 3 0 0 2","6"
"G-005-2","Balanced AB Substrings","Gold","Strings","Treat 'A' as +1 and 'B' as -1. A substring is contiguous characters; its sum is the sum of mapped values. Balanced means equal counts of A and B, i.e., substring sum zero.","Given a string of A and B, count substrings whose number of A equals number of B. Output the count as a single integer.","Line 1: n (integer length)
Line 2: string s of length n consisting only of characters 'A' and 'B'.","1 ≤ n ≤ 300000. s contains only 'A' and 'B'. The answer fits in a signed 64-bit integer.","6
AABBAB
","6","6
AABBAB
","6","1
A
","0","4
BBBB
","0","4
ABAB
","4","4
AABB
","2","7
AAABBBB
","3","2
BA
","1","5
AAAAA
","0","1
B","0","3
AAA","0","5
BBBAA","2","3
AAB","1"
"G-005-3","Exact Ones Segments","Gold","Frequency Counting","Given a binary array (0/1), the number of ones in a subarray is the sum of its elements. Count contiguous subarrays that contain exactly k ones.","Given n, k and an array of n zeros and ones, output the number of contiguous subarrays whose sum (number of ones) is exactly k.","Line 1: n k (two integers)
Line 2: n integers (each 0 or 1) separated by spaces","1 ≤ n ≤ 300000. 0 ≤ k ≤ n. Each array element is 0 or 1. The answer fits in a signed 64-bit integer.","6 2
1 0 1 1 0 0
","7","6 2
1 0 1 1 0 0
","7","1 0
0
","1","1 1
1
","1","4 5
1 0 1 0
","0","5 0
0 0 0 0 0
","15","5 1
1 1 1 1 1
","5","6 3
1 0 1 0 1 0
","2","4 0
1 0 0 1
","3","1 2
0","0","3 2
1 0 0","0","5 0
1 0 0 1 1","3","7 1
0 0 1 0 0 1 1","13"
"G-005-4","Robot Net Displacement","Gold","Simulation","A string of '+' and '-' describes steps of +1 and -1 on a line. The net displacement of a contiguous interval is the sum of those steps.","Given n, target D and a string of '+' and '-', count contiguous intervals whose net displacement equals D. Output the count as a single integer.","Line 1: n D (two integers)
Line 2: string of length n consisting only of '+' and '-'","1 ≤ n ≤ 300000. Each character is '+' or '-'. |D| ≤ 300000. The answer fits in a signed 64-bit integer.","5 1
++-+-
","6","5 1
++-+-
","6","1 0
-
","0","4 3
++++
","2","4 -1
-+-+
","3","5 10
+-+-+
","0","4 0
+-+-
","4","5 2
+++++
","4","5 1
++--+
","5","1 1
-","0","3 -2
++-","0","5 -3
+++++","0","7 -1
---+---","9"
"G-005-5","Anomalous Periods","Gold","Hash Maps","A time series of signed integers records successive changes. A contiguous period's total change is the sum of its values. We count periods equal to a given anomaly threshold.","Given n and a target T, count contiguous subarrays whose sum is exactly T. Output the count as a single integer.","Line 1: n T (two integers)
Line 2: n integers b1 b2 ... bn (space-separated)","1 ≤ n ≤ 300000. Each bi is between -1e9 and 1e9. |T| ≤ 1e18. The answer fits in a signed 64-bit integer.","6 3
3 0 0 3 3 -3
","10","6 3
3 0 0 3 3 -3
","10","1 3
3
","1","4 100
1 2 3 4
","0","5 -3
-3 0 -3 3 0
","6","4 0
0 0 0 0
","10","4 6
3 3 3 0
","3","4 1
2 -1 0 0
","3","5 5
5 0 0 0 0
","5","1 -4
-2","0","3 2
2 -1 3","2","5 -1
2 -1 1 -3 -3","2","7 -1
3 2 -3 1 -3 1 -1","3"
"G-006-1","Balanced Bits","Gold","Strings","A contiguous substring is a block of adjacent characters. A balanced substring has exactly as many '0' characters as '1' characters.","Find the length of the longest contiguous substring with equal numbers of '0' and '1'. If no such substring exists print 0.","Line 1: n (integer), the length of the string. Line 2: a binary string of length n consisting of characters '0' and '1'.","1 ≤ n ≤ 300000. The string contains only characters '0' and '1'. O(n) expected.","8
11010010
","8","8
11010010
","8","1
0
","0","2
01
","2","5
11111
","0","4
0101
","4","6
110000
","4","7
1010101
","6","5
00110
","4","3
100","2","5
10101","4","7
1111100","4","3
110","2"
"G-006-2","Red-Blue Pairs","Gold","Arrays","A contiguous segment is a sequence of adjacent items in the string. Count every pair of start and end indices that form such a segment. Treat 'R' and 'B' as two opposite types.","Count how many contiguous segments have exactly the same number of 'R' characters as 'B' characters. Print the count as a single integer.","Line 1: n (integer), the length of the string. Line 2: a string of length n consisting only of 'R' and 'B'.","1 ≤ n ≤ 300000. The string contains only 'R' and 'B'. Answer fits in a 64-bit signed integer. O(n) expected.","6
RBRBRB
","9","6
RBRBRB
","9","1
R
","0","2
RB
","1","4
RRRR
","0","4
RRBB
","2","6
RBRRBB
","6","8
RRBBRRBB
","10","3
BRB
","2","1
B","0","3
RBR","2","5
RRBRB","4","7
RRRBRBR","6"
"G-006-3","Match Period","Gold","Arrays","You are given a sequence of scoring events. A contiguous period (subarray) is balanced if team A scored as many times as team B within that period.","Find a longest contiguous period where A and B scored equally. If multiple periods share maximal length, output the one with the earliest starting index. Print two 1-based integers: start and end index of that period. If none exists print ""-1 -1"".","Line 1: n (integer). Line 2: a string of length n made of characters 'A' and 'B', where character i is the team that scored on event i.","1 ≤ n ≤ 300000. The string contains only 'A' and 'B'. O(n) expected.","7
AABBABA
","1 6","7
AABBABA
","1 6","1
A
","-1 -1","2
AB
","1 2","4
BBAA
","1 4","4
ABAB
","1 4","6
AABBAA
","1 4","5
BBBBB
","-1 -1","6
BAABAB
","1 6","3
BAA","1 2","5
AABAB","2 5","7
AAAAABA","5 6","1
B","-1 -1"
"G-006-4","Vowel-Consonant Balance","Gold","Strings","Vowels are the letters a, e, i, o, u. Every other lowercase English letter is a consonant. A contiguous substring is balanced if it contains exactly as many vowels as consonants.","Output the length of the longest contiguous substring with equal numbers of vowels and consonants. If none exists, print 0.","Line 1: n (integer). Line 2: a lowercase string of length n (letters 'a'–'z').","1 ≤ n ≤ 300000. The string contains only lowercase English letters. Vowels = {a,e,i,o,u}. O(n) expected.","8
aeiobcbd
","8","8
aeiobcbd
","8","1
a
","0","2
az
","2","5
bcdfg
","0","5
aeiou
","0","7
baacadb
","6","3
zzy
","0","4
abzz
","2","1
z","0","3
bbe","2","5
zeezz","4","7
ezbzbee","4"
"G-006-5","Longest Equal Zero-One Blocks","Gold","Strings","A contiguous block (substring) is balanced when it contains exactly as many '0' characters as '1' characters. We care about the maximum possible length and how many distinct substrings achieve that length.","Find two integers: the length L of the longest contiguous substring with equal counts of '0' and '1', and the number of distinct substrings that achieve that length. If no balanced substring exists print ""0 0"".","Line 1: n (integer). Line 2: a binary string of length n consisting only of '0' and '1'.","1 ≤ n ≤ 300000. The string contains only '0' and '1'. Use 64-bit for counts. O(n) expected.","8
11010010
","8 1","8
11010010
","8 1","1
0
","0 0","2
01
","2 1","4
0101
","4 1","6
001100
","4 3","6
010101
","6 1","4
1111
","0 0","4
1010
","4 1","1
1","0 0","3
111","0 0","5
01110","2 2","7
0111101","2 3"
"G-007-1","Minimum Workdays","Gold","Sliding Window","You have a list of positive daily workloads. A contiguous block of days is called a window and its value is the sum of workloads in that block. Only the sum and length of windows matter.","Find the minimum number of consecutive days whose total workload is at least the target S. If no such window exists, print 0.","Line 1: two integers n and S separated by a space
Line 2: n positive integers (the workloads) separated by spaces","1 ≤ n ≤ 300000; 1 ≤ each workload ≤ 10^9; 1 ≤ S ≤ 10^18. All workloads are positive integers.","8 15
2 3 1 2 4 3 6 1","4","8 15
2 3 1 2 4 3 6 1","4","1 5
5","1","4 100
10 20 30 10","0","6 7
2 3 4 1 1 6","2","5 15
1 2 3 4 5","5","5 1000000000
300000000 300000000 200000000 200000000 1","4","10 7
1 1 1 1 1 1 1 1 1 1","7","7 10
1 2 3 1 1 2 10","1","1 16
8","0","3 20
4 6 9","0","5 22
1 4 8 9 7","3","8 5
7 9 6 1 9 2 3 7","1"
"G-007-2","Shortest Batch To Reach Quota","Gold","Arrays","A warehouse processes items in batches; each batch yields a positive quantity. Batches are listed in order and you may take only contiguous batches.","Output the smallest number of consecutive batches whose total quantity is at least the quota Q. If impossible, output 0.","Line 1: two integers n and Q separated by a space
Line 2: n positive integers (quantities) separated by spaces","1 ≤ n ≤ 300000; 1 ≤ each quantity ≤ 10^9; 1 ≤ Q ≤ 10^18. All quantities are positive integers.","7 12
2 1 5 2 3 2 1","4","7 12
2 1 5 2 3 2 1","4","3 6
2 2 2","3","4 5
5 1 1 1","1","5 20
4 4 4 4 3","0","6 15
7 3 5 6 2 1","3","1 1
1","1","8 9
2 2 2 2 2 2 2 2","5","9 11
1 2 3 3 4 1 1 1 1","4","1 2
8","1","3 16
8 1 2","0","5 11
8 3 2 2 4","2","8 12
5 9 2 3 6 1 3 7","2"
"G-007-3","Snack Pack Minimum Span","Gold","Two Pointers","Each snack pack has positive calories and packs are lined up. A span is a contiguous sequence of packs; its calories are their sum.","Determine the minimum number of consecutive packs whose calories sum to at least the required target T. Print 0 if no such span exists.","Line 1: two integers n and T separated by a space
Line 2: n positive integers (calories) separated by spaces","1 ≤ n ≤ 300000; 1 ≤ each calorie ≤ 10^9; 1 ≤ T ≤ 10^18. All calories are positive integers.","9 15
1 2 3 4 5 6 1 2 3","3","9 15
1 2 3 4 5 6 1 2 3","3","2 3
1 1","0","4 4
4 1 1 1","1","5 9
2 2 2 2 2","5","6 10
3 1 4 1 5 9","2","3 100
50 50 1","2","1 2
3","1","7 8
2 3 1 2 3 2 1","4","1 5
9","1","3 20
1 1 3","0","5 14
7 9 3 6 1","2","8 23
1 1 1 3 5 8 5 9","4"
"G-007-4","Energy Boost Segment","Gold","Sliding Window","You measure energy boosts provided by contiguous time intervals. Each interval value is positive and combined additively.","Find the shortest contiguous time interval whose total boost is at least the required amount R. If none exist, print 0.","Line 1: two integers n and R separated by a space
Line 2: n positive integers (boosts) separated by spaces","1 ≤ n ≤ 300000; 1 ≤ each boost ≤ 10^9; 1 ≤ R ≤ 10^18. All boosts are positive integers.","6 11
1 2 3 4 5 1","3","6 11
1 2 3 4 5 1","3","4 10
1 1 1 1","0","5 5
5 5 5 5 5","1","5 16
4 4 4 4 1","4","3 7
2 5 1","2","8 20
3 3 3 3 3 3 3 3","7","2 100
100 1","1","10 14
1 1 1 1 1 6 1 1 1 1","9","1 23
5","0","3 2
1 4 4","1","5 23
7 3 7 1 7","5","8 14
3 9 9 3 6 4 1 2","2"
"G-007-5","Quick Supply Run","Gold","Arrays","A delivery route has consecutive stops, each yielding a positive supply amount. A run is any contiguous group of stops.","Compute the minimum length of a contiguous run whose total supply is at least the demand D. Print 0 if no run meets the demand.","Line 1: two integers n and D separated by a space
Line 2: n positive integers (supplies) separated by spaces","1 ≤ n ≤ 300000; 1 ≤ each supply ≤ 10^9; 1 ≤ D ≤ 10^18. All supplies are positive integers.","8 18
5 1 3 5 10 7 4 9","3","8 18
5 1 3 5 10 7 4 9","3","4 1
1 1 1 1","1","3 6
2 2 2","3","5 20
4 4 4 4 4","5","6 12
6 6 1 1 1 1","2","7 5
1 1 1 1 1 1 5","1","2 3
2 2","2","5 100
99 1 1 1 100","1","1 3
7","1","3 15
3 4 2","0","5 16
7 7 5 5 8","3","8 24
9 5 4 8 2 8 6 6","4"
"G-008-1","Longest Balanced Substring","Gold","Strings","A substring is a contiguous run of characters. The multiplicity of a character in a substring is how many times it appears there. An empty substring has length 0.","Find the length of the longest contiguous substring in which every character appears at most k times. If no non-empty substring satisfies this (for example k = 0), the answer is 0.","Line 1: two integers n and k separated by space
Line 2: a string S of length n consisting of lowercase letters","1 ≤ n ≤ 300000; 0 ≤ k ≤ n; S contains only 'a'..'z'. Time limit expects O(n) solutions.","9 2
abacabaac
","5","9 2
abacabaac
","5","1 1
a
","1","3 0
aaa
","0","5 2
aaaaa
","2","6 10
abcdef
","6","8 1
abacbcab
","3","10 3
aaabbbcccx
","10","4 2
abbb
","3","1 0
a","0","3 3
abb","3","6 3
aaabcb","6","9 3
abaabacac","6"
"G-008-2","Warehouse Shelf Sequence","Gold","Arrays","A contiguous window on a shelf is a contiguous sequence of product slots. Each product ID may appear multiple times in a window.","Find a longest contiguous window (subarray) where no product ID appears more than k times. Output the 1-based start and end indices of the leftmost such longest window. If the best length is 0, output ""0 0"".","Line 1: two integers n and k separated by space
Line 2: n integers a1 a2 ... an separated by spaces","1 ≤ n ≤ 300000; 0 ≤ k ≤ n; each ai is a 32-bit signed integer. Time limit expects O(n) solutions using frequency counts and two pointers.","7 2
1 2 1 3 1 2 1
","2 6","7 2
1 2 1 3 1 2 1
","2 6","1 1
5
","1 1","3 0
1 2 3
","0 0","5 2
4 4 4 4 4
","1 2","6 1
1 2 1 2 1 2
","1 2","8 2
10 20 10 30 20 10 40 10
","2 7","4 3
1 1 1 2
","1 4","4 0
1 1 1 1
","0 0","1 0
2","0 0","3 0
2 2 3","0 0","6 1
2 2 2 3 3 2","3 4","8 3
2 2 1 2 3 2 3 1","2 8"
"G-008-3","Event Log Filter","Gold","Hash Maps","A contiguous subarray of events is valid if every event code appears at most k times inside it. We count non-empty contiguous subarrays.","Count how many non-empty contiguous subarrays of the sequence are valid (each event code appears ≤ k times). Output the count as a single integer.","Line 1: two integers n and k separated by space
Line 2: n integers e1 e2 ... en separated by spaces","1 ≤ n ≤ 300000; 0 ≤ k ≤ n; each ei is a 32-bit signed integer. Answer may be up to n*(n+1)/2 (use 64-bit). Expected O(n) two-pointer solution.","5 1
1 2 1 2 1
","9","5 1
1 2 1 2 1
","9","1 1
7
","1","3 0
1 2 3
","0","4 2
5 5 5 5
","7","4 1
1 2 3 4
","10","6 2
1 2 1 3 1 2
","19","10 10
1 1 1 1 1 1 1 1 1 1
","55","5 1
1 1 2 2 3
","7","1 0
3","0","3 0
2 1 3","0","6 1
3 2 3 2 2 1","10","8 0
1 1 3 2 1 3 1 1","0"
"G-008-4","Garden Path Distincts","Gold","Sliding Window","A contiguous window is valid if every label in it appears at most k times. The distinct count is how many different labels appear in that window.","Among all longest valid contiguous windows, pick the leftmost one and output the number of distinct labels in that window. If the best length is 0, output 0.","Line 1: two integers n and k separated by space
Line 2: n integers b1 b2 ... bn separated by spaces","1 ≤ n ≤ 300000; 0 ≤ k ≤ n; each bi is a 32-bit signed integer. Expect O(n) two-pointer + frequency map.","7 2
1 2 1 3 1 2 1
","3","7 2
1 2 1 3 1 2 1
","3","1 1
5
","1","3 0
1 2 3
","0","5 2
4 4 4 4 4
","1","6 1
1 2 1 2 1 2
","2","8 2
10 20 10 30 20 10 40 10
","4","4 3
1 1 1 2
","2","4 0
1 1 1 1
","0","1 0
2","0","3 3
3 3 2","2","6 2
3 2 2 2 3 3","2","8 3
1 3 1 3 1 2 2 2","3"
"G-008-5","Playlist Repeat Limit","Gold","Two Pointers","A playlist is a contiguous sequence of song IDs. In a valid playlist window no song ID appears more than k times.","Find a longest valid contiguous playlist window. Output two integers: its length and the song ID that has the highest frequency inside the leftmost such longest window (if several song IDs tie for highest frequency, output the smallest ID). If the best length is 0, output ""0 0"".","Line 1: two integers n and k separated by space
Line 2: n integers s1 s2 ... sn separated by spaces","1 ≤ n ≤ 300000; 0 ≤ k ≤ n; each si is a 32-bit signed integer. Use O(n) sliding window; frequencies in the chosen window fit 32-bit.","7 2
1 2 1 3 1 2 1
","5 1","7 2
1 2 1 3 1 2 1
","5 1","1 1
42
","1 42","3 0
1 2 3
","0 0","5 2
4 4 4 4 4
","2 4","6 1
1 2 1 2 1 2
","2 1","8 2
10 20 10 30 20 10 40 10
","6 10","10 10
1 1 1 1 1 1 1 1 1 1
","10 1","4 0
1 1 1 1
","0 0","1 3
1","1 1","3 1
2 3 1","3 1","6 1
2 3 3 2 2 3","2 2","8 3
2 2 2 2 3 3 2 3","6 2"
"G-009-1","Uniform Window Shift","Gold","Strings","You have a string of uppercase letters. A contiguous substring is uniform if every character in it is the same. Repainting a character means changing it to any other letter at unit cost.","Find the length of the longest contiguous substring that can be made uniform by repainting at most k characters. If multiple substrings tie, report the common length (tie-breaking not needed).","Line 1: Two integers n and k separated by a space. Line 2: A single string of length n consisting of uppercase letters A–Z.","1 ≤ n ≤ 200000, 0 ≤ k ≤ n. The string contains only uppercase letters A–Z. Time limit expects O(n) or similar.","8 1
ABABBAAA
","4","8 1
ABABBAAA
","4","1 0
A
","1","5 5
ABCDE
","5","6 0
AAAAAA
","6","7 2
AABBBCC
","5","10 2
ABCABCABCA
","4","9 0
ABBBBAABB
","4","9 3
AAABBBCCC
","6","1 1
C","1","3 0
BCA","1","6 1
BABAAA","5","9 0
ACBBBCACB","3"
"G-009-2","Color Stretch","Gold","Arrays","You have a row of fence panels, each painted one of a small set of integer color IDs. Repainting a panel changes its color to any other integer color at unit cost.","Report the maximum length of a contiguous block of panels that can be repainted (at most k panels changed) so that the whole block has the same color.","Line 1: Two integers n and k separated by a space. Line 2: n integers c1 c2 ... cn separated by spaces, the color IDs of panels.","1 ≤ n ≤ 200000, 0 ≤ k ≤ n. Color IDs are integers in the range 1..10. Time-efficient O(n) required.","7 2
1 2 1 1 3 1 2
","6","7 2
1 2 1 1 3 1 2
","6","1 0
5
","1","5 5
1 2 3 4 5
","5","4 0
2 2 2 2
","4","8 1
1 1 2 2 2 1 2 2
","6","6 0
1 2 1 2 1 2
","1","9 2
3 3 3 2 2 3 3 2 3
","7","6 6
1 1 2 3 4 5
","6","1 3
2","1","3 3
3 4 3","3","6 2
4 2 2 3 3 3","5","8 0
2 4 2 1 1 2 3 1","2"
"G-009-3","Binary Block Fix","Gold","Strings","You have a binary string consisting of characters '0' and '1'. Repainting flips a character to the other bit at unit cost.","Compute the maximum length of a contiguous substring that can be made all '0' or all '1' by repainting at most k characters.","Line 1: Two integers n and k separated by a space. Line 2: A binary string of length n (characters '0' and '1').","1 ≤ n ≤ 200000, 0 ≤ k ≤ n. String contains only '0' and '1'. Expect O(n) solution.","10 2
0010011110
","7","10 2
0010011110
","7","1 0
0
","1","5 0
11111
","5","6 10
010101
","6","8 0
01010101
","1","9 1
000010000
","9","7 2
1011101
","7","5 2
00000
","5","1 1
1","1","3 0
001","2","6 1
010101","3","9 3
010101010","7"
"G-009-4","Team Role Run","Gold","Strings","You are given a sequence of job-role labels (single words). A contiguous segment is uniform if every label in it is identical. Changing a member's role to any other label costs one repaint.","Find the maximum length of a contiguous segment that can be made to consist of a single role (any role you choose) after repainting at most k labels.","Line 1: Two integers n and k separated by a space. Line 2: n words separated by single spaces, each word is a label (no spaces inside labels).","1 ≤ n ≤ 200000, 0 ≤ k ≤ n. Each label is non-empty and contains no spaces; total input size fits usual limits. Expect O(n) with hashing or two-pointer counts.","9 2
eng art eng eng art eng eng art eng
","7","9 2
eng art eng eng art eng eng art eng
","7","1 0
artist
","1","5 0
chef chef chef chef chef
","5","8 0
eng eng art art art chef eng eng
","3","6 6
a b c d e f
","6","7 1
eng art art art eng eng eng
","4","9 2
a b a a a b a a a
","9","5 0
eng art eng art eng
","1","1 2
art","1","3 0
eng eng chef","2","6 2
chef chef art art eng eng","4","9 2
eng eng chef art chef art eng art chef","5"
"G-009-5","Paint Target Strip","Gold","Strings","You have a strip of lowercase letters. You are given a specific target letter; repainting any character to any other letter costs one unit.","Given a target letter t, compute the maximum length of a contiguous substring that can be converted entirely to t using at most k repaints. Output that maximum length.","Line 1: Two integers n and k, and a single lowercase letter t, separated by spaces. Line 2: A lowercase string of length n.","1 ≤ n ≤ 200000, 0 ≤ k ≤ n. The target t is a lowercase letter 'a'–'z'. The string contains only lowercase letters. Expect O(n) solution.","10 2 a
abacaaabac
","7","10 2 a
abacaaabac
","7","1 0 b
b
","1","5 5 z
abcde
","5","6 0 a
aaaaaa
","6","8 3 x
xxxxabxx
","8","7 1 m
mmmmnmm
","7","9 2 q
qqqqqqqqq
","9","10 2 a
bbaaabaaaa
","9","1 0 c
a","0","3 3 a
aca","3","6 0 c
cbbacc","2","9 0 c
aaccaacba","2"
"G-010-1","First At Least","Gold","Binary Search","You are given a sorted list of integers in non-decreasing order. The goal is to locate the earliest position where values reach or exceed a given target.","Output the smallest 1-based index i such that A[i] >= T. If no element is >= T, output -1.","Line 1: n (number of elements)
Line 2: n space-separated integers A1 A2 ... An (non-decreasing)
Line 3: integer T (target)","1 ≤ n ≤ 200000. -10^9 ≤ Ai, T ≤ 10^9. A is sorted in non-decreasing order.","7
1 2 2 4 6 6 9
5
","5","7
1 2 2 4 6 6 9
5
","5","1
3
3
","1","5
1 1 1 1 1
2
","-1","3
2 2 3
2
","1","6
-5 -2 -2 0 0 1
-2
","2","3
0 1 2
10
","-1","3
1 2 3
3
","3","1
1000000000
1000000000
","1","1
-4
6","-1","3
-6 3 8
-7","1","5
-8 -8 -4 6 7
5","4","8
-6 -5 -5 1 2 2 6 9
1","4"
"G-010-2","First Free Slot","Gold","Arrays","A sequence of slots is represented by 0 (occupied) or 1 (free). The sequence is guaranteed to be monotone: all 0s (occupied) appear before any 1s (free).","Find the smallest 1-based index of a slot whose value is 1. If there is no 1, print -1.","Line 1: n (number of slots)
Line 2: n space-separated integers S1 S2 ... Sn (each is 0 or 1, and the sequence is non-decreasing)
","1 ≤ n ≤ 200000. Si ∈ {0,1}. Sequence is non-decreasing (zeros then ones).","6
0 0 0 1 1 1
","4","6
0 0 0 1 1 1
","4","1
0
","-1","1
1
","1","4
1 1 1 1
","1","5
0 0 0 0 0
","-1","5
0 0 0 0 1
","5","5
0 1 1 1 1
","2","7
0 0 1 1 1 1 1
","3","3
0 0 0","-1","8
0 0 0 0 0 0 1 1","7","3
1 1 1","1","5
0 0 1 1 1","3"
"G-010-3","First Failed Test","Gold","Searching","A sequence of test results is given as characters: 'P' for pass and 'F' for fail. It is guaranteed that once a test fails, all later tests also fail (all P's, then all F's).","Print the 1-based index of the first 'F'. If there is no failure, print -1.","Line 1: n (number of tests)
Line 2: a string of length n consisting only of characters 'P' and 'F' (monotone: P*F*)
","1 ≤ n ≤ 200000. The string matches the pattern P*F* (zero or more P then zero or more F).","6
PPPFFF
","4","6
PPPFFF
","4","1
P
","-1","1
F
","1","5
PPPPP
","-1","4
FFFF
","1","5
PPPPF
","5","5
PFFFF
","2","7
PPPFFFF
","4","3
PPP","-1","5
PPFFF","3","8
PFFFFFFF","2","8
PPPPPPPF","8"
"G-010-4","Insert Position","Gold","Arrays","Given a non-decreasing array, the insertion position for value x is the smallest index where x can be placed without breaking the order.","Print the insertion index i (0-based) which is the smallest i with A[i] >= x. If every element is < x, print n (append position).","Line 1: n (number of elements)
Line 2: n space-separated integers A1 A2 ... An (non-decreasing)
Line 3: integer x (value to insert)
","0 ≤ n ≤ 200000. -10^9 ≤ Ai, x ≤ 10^9. A is sorted in non-decreasing order. (If n=0, the array line will be empty.)","6
1 2 2 4 6 8
2
","1","6
1 2 2 4 6 8
2
","1","1
5
3
","0","1
5
5
","0","3
1 2 3
10
","3","3
5 6 7
1
","0","5
1 2 2 2 3
2
","1","3
-5 -3 -1
-2
","2","4
1 2 3 4
4
","3","0

4","0","2
-1 6
8","2","4
-4 -3 -3 0
7","4","7
-7 -5 -2 2 3 9 9
6","5"
"G-010-5","First Day Cumulative Reaches","Gold","Prefix Sums","You have non-negative daily contributions. Cumulative sum by day d is the total from day 1 to d. The predicate 'cumulative >= M' is monotone in d.","Print the smallest 1-based day d such that the cumulative sum up to d is at least M. If M ≤ 0, the answer is 1. If the cumulative sum never reaches M, print -1.","Line 1: n M (n and required cumulative target)
Line 2: n space-separated integers a1 a2 ... an (daily contributions, non-negative)
","1 ≤ n ≤ 300000. 0 ≤ ai ≤ 10^9. 0 ≤ M ≤ 10^15.","5 12
2 3 5 1 4
","5","5 12
2 3 5 1 4
","5","1 1
1
","1","1 2
1
","-1","3 0
0 0 0
","1","4 7
3 4 0 10
","2","4 100
10 20 30 39
","-1","5 2
5 0 0 0 0
","1","4 15
1 2 3 9
","4","1 22
3","-1","3 22
0 7 8","-1","5 9
2 4 4 6 2","3","8 13
8 4 6 4 0 7 4 3","3"
"G-011-1","Last Value Not Above Target","Gold","Binary Search","You are given a sorted list of numbers in non-decreasing order. Indices are 1-based. A value is considered acceptable if it is less than or equal to a given target.","Find the largest index i (1-based) such that array[i] <= X. If no element satisfies this, output 0.","Line 1: two integers n and X. Line 2: n integers a1 a2 ... an (non-decreasing).","1 ≤ n ≤ 300000. Each ai and X is between -10^9 and 10^9. The array is sorted non-decreasing (a1 ≤ a2 ≤ ... ≤ an).","7 5
1 2 5 5 6 7 9
","4","7 5
1 2 5 5 6 7 9
","4","1 5
10
","0","5 100
10 20 30 40 50
","5","4 0
1 1 2 3
","0","6 3
1 1 1 3 3 4
","5","5 4
1 2 4 4 6
","4","5 -2
-10 -5 -2 0 2
","3","3 -100
-5 -2 0
","0","1 -1
-5","1","3 -7
6 7 8","0","5 -5
-4 -2 2 3 3","0","8 -9
-9 -5 -3 -1 0 5 5 9","1"
"G-011-2","Last Reading Above Threshold","Gold","Arrays","A sequence of sensor readings is given in non-increasing order (each reading is ≤ previous). Indices are 1-based. A reading meets the requirement if it is greater than or equal to a threshold.","Output the largest index i (1-based) such that reading[i] ≥ T. If no reading meets the threshold, output 0.","Line 1: two integers n and T. Line 2: n integers r1 r2 ... rn (non-increasing).","1 ≤ n ≤ 300000. Each ri and T is between -10^9 and 10^9. The readings are non-increasing (r1 ≥ r2 ≥ ... ≥ rn).","6 50
100 80 50 50 30 10
","4","6 50
100 80 50 50 30 10
","4","1 50
50
","1","3 100
200 200 200
","3","3 100
90 80 70
","0","5 80
100 80 80 80 60
","4","5 6
10 9 8 5 1
","3","5 -2
5 0 -1 -2 -3
","4","4 11
10 9 8 7
","0","1 3
-1","0","3 -3
5 -5 -9","1","5 -2
8 4 -3 -4 -5","2","8 -9
7 5 3 1 0 -1 -5 -7","8"
"G-011-3","Last Prefix Within Budget","Gold","Prefix Sums","You are given a list of positive costs. The prefix sum up to index i is the total cost of the first i items. Indices are 1-based.","Find the largest index i (1-based) such that the sum of the first i values is ≤ S. If no prefix satisfies this, output 0.","Line 1: two integers n and S. Line 2: n positive integers c1 c2 ... cn.","1 ≤ n ≤ 300000. 1 ≤ ci ≤ 10^9. 0 ≤ S ≤ 10^18. All ci are positive integers.","6 12
2 3 5 1 4 2
","4","6 12
2 3 5 1 4 2
","4","1 5
5
","1","4 10
1 1 1 1
","4","3 3
5 2 1
","0","3 6
3 3 4
","2","3 0
1 1 1
","0","1 1000000000
1000000000
","1","4 6
1 2 3 4
","3","1 1
9","0","3 4
4 6 6","1","5 13
2 4 4 7 7","3","8 25
2 3 3 3 5 7 8 9","6"
"G-011-4","Last Character Not After Target","Gold","Strings","A string of lowercase letters is given in non-decreasing (sorted) order. Indices are 1-based. A character is acceptable if it is ≤ a given target character.","Return the largest index i (1-based) such that s[i] ≤ c. If no character satisfies this, output 0.","Line 1: integer n and a single lowercase character c separated by a space. Line 2: a string s of length n (sorted non-decreasing).","1 ≤ n ≤ 300000. s contains only 'a'..'z' and is sorted non-decreasing. c is a lowercase letter.","8 m
aaabmmmz
","7","8 m
aaabmmmz
","7","1 a
a
","1","4 a
bbbb
","0","6 z
abcxyz
","6","6 b
bbbccc
","3","5 a
bcdef
","0","4 z
abzz
","4","5 m
llllm
","5","1 z
b","1","3 c
bzz","1","5 a
bcccz","0","8 c
bbccczzz","5"
"G-011-5","Last Start You Can Catch","Gold","Searching","You have a sorted list of candidate movie start times (minutes from 0). A movie runs for D minutes and must finish by minute 1439 (inclusive). Indices are 1-based.","Find the largest index i (1-based) such that start[i] + D - 1 ≤ 1439 (equivalently start[i] ≤ 1440 − D). If none qualifies, output 0.","Line 1: two integers n and D. Line 2: n integers t1 t2 ... tn (start times, non-decreasing).","1 ≤ n ≤ 300000. 1 ≤ D ≤ 1440. 0 ≤ ti ≤ 1439. The times are non-decreasing (t1 ≤ t2 ≤ ... ≤ tn).","6 120
60 300 600 1200 1320 1400
","5","6 120
60 300 600 1200 1320 1400
","5","1 1440
0
","1","2 1
10 20
","2","2 60
1400 1401
","0","6 60
100 200 1380 1380 1380 1400
","5","3 1440
0 0 1
","2","3 720
0 720 721
","2","4 30
1410 1410 1415 1420
","2","1 60
891","1","3 1
32 121 1228","3","5 120
36 48 222 1003 1230","5","8 1440
23 51 606 851 990 1136 1228 1239","0"
"G-012-1","Find Target Index in Rotated Array","Gold","Binary Search","A rotated sorted array is made by taking a strictly increasing list of distinct numbers and cutting it at one position then concatenating the two parts. Indexing is zero-based.","Given the rotated array and a target value, output the index (0-based) of the target if it exists, otherwise output -1.","Line 1: n (number of elements)
Line 2: n space-separated integers (the rotated array)
Line 3: t (the target integer)","1 ≤ n ≤ 300000. All array values are distinct. The array is a rotation of a strictly increasing sequence. Values fit in signed 32-bit integers. Expected O(log n) time.","7
4 5 6 7 1 2 3
1
","4","7
4 5 6 7 1 2 3
1
","4","1
10
10
","0","5
3 4 5 1 2
6
","-1","6
5 6 1 2 3 4
5
","0","6
2 3 4 5 6 1
1
","5","5
0 1 -3 -2 -1
-2
","3","2
2 1
2
","0","8
6 7 8 1 2 3 4 5
4
","6","1
-5
99","-1","2
9 2
9","0","5
1 7 14 19 -7
7","1","8
3 13 16 18 20 -6 -2 1
-6","5"
"G-012-2","Find 1-Based Position in Rotated List","Gold","Arrays","The list is a rotation of a strictly increasing sequence of distinct integers. Positions are counted starting at 1.","Output the 1-based position of the target in the given rotated list. If the target is not present, output -1.","Line 1: n
Line 2: n space-separated integers (the rotated list)
Line 3: t (target integer)","1 ≤ n ≤ 300000. All values distinct. Array is a single rotation of a strictly increasing sequence. Values fit in signed 32-bit integers. Expected O(log n) time.","7
4 5 6 7 1 2 3
1
","5","7
4 5 6 7 1 2 3
1
","5","1
10
10
","1","5
3 4 5 1 2
6
","-1","6
5 6 1 2 3 4
5
","1","6
2 3 4 5 6 1
1
","6","5
0 1 -3 -2 -1
-2
","4","2
2 1
1
","2","8
6 7 8 1 2 3 4 5
4
","7","1
-3
99","-1","2
13 15
99","-1","5
-4 -3 8 9 19
8","3","8
1 6 8 10 11 14 19 -1
1","1"
"G-012-3","Membership Queries on Rotated Array","Gold","Searching","You are given a rotated sorted array with distinct values. Each query asks whether a given value appears in the array.","For each query value, print YES if it appears in the array, otherwise print NO. One answer per line in the same order as queries.","Line 1: n
Line 2: n space-separated integers (the rotated array)
Line 3: q (number of queries)
Line 4: q space-separated integers (the queries)","1 ≤ n ≤ 300000. 1 ≤ q ≤ 300000. All array values are distinct. The array is a rotation of a strictly increasing sequence. Values fit in signed 32-bit integers. Each query must be answered in O(log n) for overall expected O((n + q) + q log n) performance.","7
4 5 6 7 1 2 3
5
1 8 4 3 0
","YES
NO
YES
YES
NO","7
4 5 6 7 1 2 3
5
1 8 4 3 0
","YES
NO
YES
YES
NO","1
10
2
10 11
","YES
NO","3
2 3 4
3
1 5 6
","NO
NO
NO","5
0 1 -3 -2 -1
3
-2 -1 2
","YES
YES
NO","6
5 6 1 2 3 4
1
5
","YES","3
100 200 300
1
150
","NO","2
2 1
4
1 2 1 2
","YES
YES
YES
YES","8
6 7 8 1 2 3 4 5
4
4 6 9 5
","YES
YES
NO
YES","1
12
2
12 12","YES
YES","2
9 1
1
1","YES","5
-6 12 14 15 17
3
12 -6 -6","YES
YES
YES","8
2 5 16 19 -9 -8 -2 0
3
-8 -2 16","YES
YES
YES"
"G-012-4","Index of Smallest Element","Gold","Binary Search","The smallest element in a rotated strictly increasing array is the rotation pivot. Indices are zero-based.","Output the index (0-based) of the smallest element in the given rotated array.","Line 1: n
Line 2: n space-separated integers (the rotated array)","1 ≤ n ≤ 300000. All array values are distinct and the array is a rotation of a strictly increasing sequence. Values fit in signed 32-bit integers. Expected O(log n) time.","7
4 5 6 7 1 2 3
","4","7
4 5 6 7 1 2 3
","4","1
10
","0","5
1 2 3 4 5
","0","5
2 3 4 5 1
","4","2
1 2
","0","5
0 1 -3 -2 -1
","2","2
2 1
","1","8
6 7 8 1 2 3 4 5
","3","1
13","0","2
-1 2","0","5
15 2 3 5 14","1","8
6 11 14 19 -3 -2 -1 4","4"
"G-012-5","Rightward Steps Between Two Values","Gold","Arrays","Given a rotated array of distinct values, the rightward step count from position i to j is the number of moves increasing the index by 1 each time, wrapping to 0 after n-1. Positions are zero-based.","Given two integers a and b, output the number of rightward steps required to go from a to b (i.e., (index(b)-index(a) mod n), an integer between 0 and n-1). If either a or b is not present in the array, output -1.","Line 1: n
Line 2: n space-separated integers (the rotated array)
Line 3: a b (two integers separated by space)","1 ≤ n ≤ 300000. All array values are distinct and the array is a rotation of a strictly increasing sequence. Values fit in signed 32-bit integers. Expected O(log n) time to locate each value.","7
4 5 6 7 1 2 3
5 2
","4","7
4 5 6 7 1 2 3
5 2
","4","1
10
10 10
","0","5
3 4 5 1 2
6 1
","-1","6
5 6 1 2 3 4
1 7
","-1","6
2 3 4 5 6 1
1 1
","0","5
0 1 -3 -2 -1
-3 1
","4","2
2 1
2 1
","1","8
6 7 8 1 2 3 4 5
6 5
","7","1
-3
-3 -3","0","2
15 -6
15 -6","1","5
0 3 10 18 -1
3 99","-1","8
-5 -4 -3 0 5 8 17 20
17 20","1"
"G-013-1","Mountain Peak","Gold","Arrays","A sequence of integer altitudes represents a single mountain trail: values strictly increase to one summit and then strictly decrease. Adjacent altitudes are never equal. Indices are 1-based (first reading is index 1).","Report the 1-based index of the summit (the element greater than its neighbors). If n=1 that element is the summit.","Line 1: n (number of readings)
Line 2: n integers a1 a2 ... an (space-separated)","1 ≤ n ≤ 300000; each ai is an integer with |ai| ≤ 10^9; for 1 < i < n the sequence strictly increases up to a single peak and then strictly decreases (there is exactly one i with ai > ai-1 and ai > ai+1); adjacent values are never equal.","7
1 3 8 12 9 5 2
","4","7
1 3 8 12 9 5 2
","4","1
42
","1","2
1 2
","2","2
5 3
","1","5
1 2 3 4 5
","5","4
9 7 4 2
","1","6
2 4 6 10 9 8
","4","3
1 5 2
","2","1
-14","1","2
-19 -57","1","5
-14 -15 -26 -34 -38","1","7
-16 -12 -10 -6 -3 5 20","7"
"G-013-2","Loudest Moment","Gold","Binary Search","You have sampled sound levels (integers) over time. The samples strictly rise to one loudest moment then strictly fall; adjacent samples differ. Time indices start at 0.","Print the 0-based index of the loudest sample (the element greater than both neighbors). If n=1 that index is 0.","Line 1: n
Line 2: n integers s0 s1 ... s{n-1} (space-separated)","1 ≤ n ≤ 300000; each sample is an integer with |si| ≤ 10^9; the sequence strictly increases to one maximum and then strictly decreases; adjacent values are never equal.","6
10 20 35 40 30 5
","3","6
10 20 35 40 30 5
","3","1
100
","0","2
1 2
","1","2
9 3
","0","7
100 50 20 10 5 0 -5
","0","7
-10 -5 0 5 20 50 100
","6","7
1 3 7 9 8 6 2
","3","5
-5 -2 -1 -3 -6
","2","1
38","0","2
14 32","1","5
6 -5 -6 -9 -51","0","7
-20 -1 21 -25 -30 -38 -50","2"
"G-013-3","Profit Peak","Gold","Searching","Daily integer profits form a unimodal sequence: they strictly increase to a single best day then strictly decrease. Adjacent profits differ.","Output two integers: the 1-based day index of the best profit and the profit on that day, separated by a space.","Line 1: n
Line 2: n integers p1 p2 ... pn (space-separated)","1 ≤ n ≤ 300000; each pi is integer with |pi| ≤ 10^9; profits strictly increase to exactly one peak and then strictly decrease; adjacent values are never equal.","5
1 3 6 9 5
","4 9","5
1 3 6 9 5
","4 9","1
0
","1 0","2
3 5
","2 5","2
8 2
","1 8","5
1 2 3 4 5
","5 5","4
10 7 3 1
","1 10","5
2 5 9 8 6
","3 9","4
-3 -1 0 -2
","3 0","1
-6","1 -6","2
-15 -53","1 -15","5
-18 -11 22 32 2","4 32","7
16 25 14 -13 -39 -42 -49","2 25"
"G-013-4","Sensor Spike","Gold","Simulation","A sensor produces at least three integer readings that strictly increase to a single spike and then strictly decrease; the spike is guaranteed not to be the first or last reading. Indices are 1-based.","Print the 1-based index of the spike reading (the element greater than its immediate neighbors).","Line 1: n
Line 2: n integers r1 r2 ... rn (space-separated)","3 ≤ n ≤ 300000; each ri is integer with |ri| ≤ 10^9; the sequence strictly increases to a single peak (which is not at index 1 or n) and then strictly decreases; adjacent values are never equal.","7
2 4 9 15 11 6 1
","4","7
2 4 9 15 11 6 1
","4","3
1 3 2
","2","4
1 2 3 0
","3","4
0 10 8 1
","2","7
1 4 7 10 9 5 2
","4","7
1 2 3 4 3 2 1
","4","5
-10 -5 -1 -2 -8
","3","5
1000 2000 3000 2500 1200
","3","3
22 34 -21","2","4
9 38 37 15","2","5
-5 20 -16 -30 -42","2","7
-19 -6 -11 -12 -20 -23 -39","2"
"G-013-5","Unimodal Score Finder","Gold","Searching","A list of integer scores strictly increases to one top score then strictly decreases; neighbors are always different. You need the top score, not its position.","Print the integer value of the top (maximum) score.","Line 1: n
Line 2: n integers v1 v2 ... vn (space-separated)","1 ≤ n ≤ 300000; each vi is integer with |vi| ≤ 10^9; the sequence strictly increases up to one maximum and then strictly decreases; adjacent values are never equal.","6
1 4 7 6 2 0
","7","6
1 4 7 6 2 0
","7","1
-100
","-100","2
-5 -1
","-1","2
2 -3
","2","5
1 2 3 4 5
","5","3
5 3 1
","5","5
-10 -2 -1 -4 -9
","-1","7
0 1 2 3 2 1 0
","3","1
-15","-15","2
17 -59","17","5
-5 4 8 27 -31","27","7
-10 37 38 12 -12 -27 -55","38"
"G-014-1","Find In Sorted Grid","Gold","Searching","You are given a rectangular grid of integers where each row is nondecreasing left-to-right and each column is nondecreasing top-to-bottom. Comparison is the usual integer comparison.","Decide whether the given target integer appears anywhere in the grid. Print YES if it appears, otherwise NO.","Line 1: Two integers R and C — the number of rows and columns. Next R lines: each line has C integers (the grid row). Last line: one integer — the target.","1 ≤ R, C ≤ 300000, and R + C ≤ 300000. All grid rows are nondecreasing left-to-right and all columns are nondecreasing top-to-bottom. Grid values and target are integers in [-10^9, 10^9].","3 4
1 4 7 11
2 5 8 12
3 6 9 16
5
","YES","3 4
1 4 7 11
2 5 8 12
3 6 9 16
5
","YES","1 1
5
5
","YES","1 1
5
6
","NO","3 3
1 2 2
2 3 4
2 4 5
3
","YES","2 3
1 3 5
2 4 6
6
","YES","2 2
10 20
30 40
5
","NO","2 2
1 2
3 4
100
","NO","4 4
-5 -3 0 1
-4 -2 1 2
-1 0 3 4
0 2 4 5
3
","YES","1 1
6
999","NO","2 2
4 6
5 8
8","YES","3 3
1 3 4
3 6 7
7 10 12
6","YES","2 4
3 5 6 9
8 10 11 12
3","YES"
"G-014-2","Coordinates of Unique Target","Gold","Arrays","A matrix is given where each row is nondecreasing and each column is nondecreasing. 1-based row and column indices identify cells.","The target integer is guaranteed to appear exactly once in the matrix. Output two integers r and c — the 1-based row and column of the target. If multiple candidates could satisfy the search strategy, follow the deterministic rule that you must return the actual unique cell (there is exactly one).","Line 1: Two integers R and C. Next R lines: each line contains C integers (the matrix row). Last line: one integer — the target (guaranteed to occur exactly once).","1 ≤ R, C ≤ 300000, and R + C ≤ 300000. Matrix rows and columns are nondecreasing. All values and the target are integers in [-10^9,10^9]. The target appears exactly once.","3 3
1 2 3
2 4 5
3 6 7
4
","2 2","3 3
1 2 3
2 4 5
3 6 7
4
","2 2","1 1
0
0
","1 1","2 2
1 5
2 6
5
","1 2","3 3
1 2 3
2 4 5
3 6 7
6
","3 2","4 4
0 1 2 3
1 2 4 5
2 3 5 6
3 4 6 7
0
","1 1","2 3
-3 -2 -1
-1 0 2
-2
","1 2","2 2
1 2
3 9
9
","2 2","1 5
1 2 3 4 5
3
","1 3","1 1
3
999","-1 -1","2 2
4 6
9 12
12","2 2","3 3
3 6 9
7 10 11
12 13 15
15","3 3","2 4
3 5 8 11
8 9 10 11
9","2 2"
"G-014-3","Any Match Position","Gold","Binary Search","A grid is sorted: each row is nondecreasing across columns and each column is nondecreasing down rows. You will follow a fixed corner-elimination movement starting at the top-right cell.","Using the deterministic corner-elimination rule starting at row=1, col=C: if current cell equals the target, print its 1-based coordinates (r c); if current cell > target, move left; if current cell < target, move down. Stop when you find the target or go outside the grid. If found, output the coordinates you arrived at; otherwise output -1 -1.","Line 1: Two integers R and C. Next R lines: each with C integers (the grid). Last line: one integer — the target.","1 ≤ R, C ≤ 300000, and R + C ≤ 300000. Matrix rows and columns are nondecreasing. Values and target are integers in [-10^9,10^9].","3 3
1 3 5
2 4 6
3 5 7
5
","1 3","3 3
1 3 5
2 4 6
3 5 7
5
","1 3","1 1
8
8
","1 1","1 3
1 2 3
2
","1 2","3 3
1 2 3
2 3 4
3 4 5
3
","1 3","3 3
1 4 7
2 5 8
3 6 9
6
","3 2","2 2
1 2
3 4
0
","-1 -1","2 3
1 2 3
4 5 6
10
","-1 -1","3 4
-3 -1 0 2
-2 -1 1 3
-1 0 2 4
-1
","1 2","1 1
3
999","-1 -1","2 2
3 4
5 8
999","-1 -1","3 3
4 4 6
4 6 7
9 12 12
999","-1 -1","2 4
0 0 0 1
5 5 8 11
11","2 4"
"G-014-4","Find Word In Lexicographic Matrix","Gold","Strings","Each cell contains a lowercase word. Rows are nondecreasing left-to-right and columns are nondecreasing top-to-bottom under standard dictionary (lexicographic) order.","Determine whether the target word appears. Starting at the top-right cell, compare lexicographically: if equal, print FOUND r c; if current > target, move left; if current < target, move down. If you exit the grid without finding the word, print NOT FOUND. Use 1-based coordinates.","Line 1: Two integers R and C. Next R lines: each line has C nonempty lowercase words separated by spaces. Last line: one word — the target.","1 ≤ R, C ≤ 300000, and R + C ≤ 300000. All rows and columns are nondecreasing in lexicographic order. Words contain only lowercase letters and have length between 1 and 20. The target is a lowercase word.","3 3
apple banana cherry
banana carrot date
cherry date fig
date
","FOUND 2 3","3 3
apple banana cherry
banana carrot date
cherry date fig
date
","FOUND 2 3","1 1
hello
hello
","FOUND 1 1","2 2
a b
c d
z
","NOT FOUND","3 3
ant bat cat
bat cat dog
cat dog eel
cat
","FOUND 1 3","3 3
a c e
b d f
c e g
b
","FOUND 2 1","2 3
mango peach plum
nectarine quince raspberry
apple
","NOT FOUND","2 2
aa ab
ab ac
ac
","FOUND 2 2","1 4
a b c d
c
","FOUND 1 3","1 1
w001
w001","FOUND 1 1","2 2
w006 w008
w007 w009
w007","FOUND 2 1","3 3
w005 w008 w009
w006 w007 w008
w009 w011 w014
w006","FOUND 2 1","2 4
w002 w005 w005 w006
w002 w003 w006 w007
w002","FOUND 1 1"
"G-014-5","Present or Absent (Negatives Allowed)","Gold","Searching","An integer grid is given where rows are nondecreasing and columns are nondecreasing. Values may be negative. Decide membership efficiently by eliminating rows or columns at each step.","Print PRESENT if the target appears in the grid, otherwise print ABSENT.","Line 1: Two integers R and C. Next R lines: each with C integers (the grid). Last line: one integer — the target.","1 ≤ R, C ≤ 300000, and R + C ≤ 300000. Rows and columns are nondecreasing. Grid values and target are integers in [-10^18,10^18].","3 3
-5 -3 -1
-4 -2 0
-2 -1 1
-2
","PRESENT","3 3
-5 -3 -1
-4 -2 0
-2 -1 1
-2
","PRESENT","1 1
10
5
","ABSENT","1 5
-3 -2 -1 0 1
0
","PRESENT","5 1
-10
-5
0
5
10
5
","PRESENT","2 3
1 1 2
1 2 3
4
","ABSENT","2 2
-1000000000 -999999999
-999999999 -999999998
-1000000000
","PRESENT","2 2
1 2
3 4
0
","ABSENT","3 3
2 2 2
2 2 2
2 2 2
2
","PRESENT","1 1
4
4","PRESENT","2 2
2 5
5 6
2","PRESENT","3 3
2 4 5
6 8 10
9 9 9
9","PRESENT","2 4
4 6 7 10
8 8 10 12
999","ABSENT"
"G-015-1","Next Greater Value","Gold","Stacks","For each position in a list, the next greater value is the first later element that is strictly larger. If no such element exists, we use -1 as the marker.","Given n integers, for each element output the value of the first strictly greater element to its right, or -1 if none.","Line 1: n (number of elements)
Line 2: n integers a1 a2 ... an separated by spaces","1 ≤ n ≤ 200000; each ai is an integer with -10^9 ≤ ai ≤ 10^9. The required solution runs in O(n) time and O(n) extra space.","6
2 1 2 4 3 5","4 2 4 5 5 -1","6
2 1 2 4 3 5","4 2 4 5 5 -1","1
10","-1","5
5 4 3 2 1","-1 -1 -1 -1 -1","4
1 2 3 4","2 3 4 -1","3
2 2 2","-1 -1 -1","4
-3 -2 -1 0","-2 -1 0 -1","5
5 1 1 2 3","-1 2 2 3 -1","6
4 1 1 1 1 2","-1 2 2 2 2 -1","1
4","-1","3
1 -3 1","-1 1 -1","5
-4 -5 1 -4 0","1 1 -1 0 -1","7
5 -3 2 2 0 2 -2","-1 2 -1 -1 2 -1 -1"
"G-015-2","Next Greater Distance","Gold","Arrays","For each element the next greater distance is how many positions forward you must go to find the first strictly larger element. If none exists, report -1.","Given n integers, for each element output the positive distance (j - i) to the first later strictly greater element, or -1 if none.","Line 1: n (number of elements)
Line 2: n integers a1 a2 ... an separated by spaces","1 ≤ n ≤ 200000; each ai is integer with -10^9 ≤ ai ≤ 10^9. Expected O(n) time and O(n) extra space.","6
3 1 4 2 5 1","2 1 2 1 -1 -1","6
3 1 4 2 5 1","2 1 2 1 -1 -1","1
7","-1","3
2 2 2","-1 -1 -1","3
1 2 3","1 1 -1","5
5 4 3 2 1","-1 -1 -1 -1 -1","5
2 1 2 1 3","4 1 2 1 -1","4
-2 -1 -3 0","1 2 1 -1","4
3 3 4 3","2 1 -1 -1","1
-1","-1","3
4 -5 -2","-1 1 -1","5
-3 1 4 -2 2","1 1 -1 1 -1","7
1 4 1 -1 1 3 1","1 -1 3 1 1 -1 -1"
"G-015-3","Days Until Warmer","Gold","Monotonic Stack","Each day's temperature is compared to later days; output how many days you must wait for a strictly warmer day, or 0 if none.","Given n daily temperatures, for each day output the number of days until a strictly warmer temperature occurs later, or 0 if none.","Line 1: n (number of days)
Line 2: n integers t1 t2 ... tn separated by spaces","1 ≤ n ≤ 200000; each ti is an integer with -1000 ≤ ti ≤ 1000. Expected O(n) time and O(n) extra space.","8
73 74 75 71 69 72 76 73","1 1 4 2 1 1 0 0","8
73 74 75 71 69 72 76 73","1 1 4 2 1 1 0 0","1
50","0","4
100 90 80 70","0 0 0 0","3
50 50 50","0 0 0","4
30 40 50 60","1 1 1 0","5
30 60 60 50 70","1 3 2 1 0","4
-1 -2 -1 0","3 1 1 0","5
5 4 3 2 10","4 3 2 1 0","1
18","0","3
6 15 27","1 1 0","5
9 -4 -3 6 9","0 1 1 1 0","7
-5 16 2 0 26 22 -4","1 3 2 1 0 0 0"
"G-015-4","Circular Next Greater Value","Gold","Stacks","Treat the list as circular: after the last element you continue at the first. The circular next greater value for an element is the first strictly larger item encountered when scanning forward (wrapping at most once). If none exists, output -1.","Given n integers in a circular array, for each position output the first strictly greater value encountered later (wrapping allowed once), or -1 if none.","Line 1: n (number of elements)
Line 2: n integers a1 a2 ... an separated by spaces","1 ≤ n ≤ 200000; each ai is integer with -10^9 ≤ ai ≤ 10^9. Expected O(n) time and O(n) extra space; at most one wrap-around pass is allowed.","7
1 2 1 3 2 1 4","2 3 3 4 4 4 -1","7
1 2 1 3 2 1 4","2 3 3 4 4 4 -1","1
5","-1","3
2 2 2","-1 -1 -1","4
5 4 3 2","-1 5 5 5","4
2 1 2 1","-1 2 -1 2","3
3 1 2","-1 2 3","4
4 1 3 2","-1 3 4 4","4
-5 -6 -7 -5","-1 -5 -5 -1","1
-2","-1","3
1 1 -5","-1 -1 1","5
2 0 4 -1 -4","4 4 -1 2 2","7
0 -1 2 4 -3 -5 0","2 2 4 -1 0 0 2"
"G-015-5","Next Higher Price Index","Gold","Searching","For each price, the next higher price index is the first later position with a strictly larger price. Indices are 1-based; report 0 when there is no later higher price.","Given n prices, for each position output the 1-based index of the first later strictly larger price, or 0 if none.","Line 1: n (number of prices)
Line 2: n integers p1 p2 ... pn separated by spaces","1 ≤ n ≤ 200000; each pi is integer with -10^9 ≤ pi ≤ 10^9. Expected O(n) time and O(n) extra space.","5
5 3 4 2 6","5 3 5 5 0","5
5 3 4 2 6","5 3 5 5 0","1
100","0","3
2 2 2","0 0 0","3
1 2 3","2 3 0","4
5 4 3 2","0 0 0 0","5
2 1 2 1 3","5 3 5 5 0","4
-1 -2 0 -3","3 3 0 0","5
3 1 3 2 4","5 3 5 5 0","1
-4","0","3
0 1 -3","2 0 0","5
-2 -1 5 3 2","2 3 0 0 0","7
4 -1 -5 5 4 0 5","4 4 4 0 7 7 0"
"G-016-1","Nearest Previous Smaller Index","Gold","Stacks","You are given a list of numbers. For each position, the nearest previous smaller index is the position of the closest element to its left that is strictly less than the current element. If there is no such element, we use 0.","For each position i (1-based), output the 1-based index of the nearest earlier element that is strictly smaller than a[i]. If none exists, output 0.","Line 1: n (number of elements)
Line 2: n integers a1 a2 ... an","1 ≤ n ≤ 300000; each ai is an integer with |ai| ≤ 10^9. The answer must be produced in O(n) time and O(n) extra memory.","7
3 4 2 7 5 8 1
","0 1 0 3 3 5 0","7
3 4 2 7 5 8 1
","0 1 0 3 3 5 0","1
5
","0","5
2 2 2 2 2
","0 0 0 0 0","5
1 2 3 4 5
","0 1 2 3 4","5
5 4 3 2 1
","0 0 0 0 0","6
-1 -2 -2 0 -3 1
","0 0 0 3 0 5","5
5 3 3 4 2
","0 0 0 3 0","5
1000000000 999999999 1000000000 999999998 1000000000
","0 0 2 0 4","1
4","0","3
5 -3 2","0 0 2","5
-4 -1 2 5 -3","0 1 2 3 1","7
-2 2 -5 4 -3 -2 4","0 1 0 3 3 5 6"
"G-016-2","Left Span From Lower Boundary","Gold","Monotonic Stack","For each day with a value, define the span as the number of consecutive days ending at this day since the last strictly smaller value to its left (inclusive of the current day). If no strictly smaller value exists to the left, the span equals the day index.","Output the span for each position i: span[i] = i - p where p is the 1-based index of the nearest earlier strictly smaller element; if none exists p = 0 so span = i.","Line 1: n
Line 2: n integers a1 a2 ... an","1 ≤ n ≤ 300000; ai are integers, |ai| ≤ 10^9. Expected O(n) time and O(n) extra memory.","7
3 4 2 7 5 8 1
","1 1 3 1 2 1 7","7
3 4 2 7 5 8 1
","1 1 3 1 2 1 7","1
5
","1","5
2 2 2 2 2
","1 2 3 4 5","5
1 2 3 4 5
","1 1 1 1 1","5
5 4 3 2 1
","1 2 3 4 5","6
-1 -2 -2 0 -3 1
","1 2 3 1 5 1","5
5 3 3 4 2
","1 2 3 1 5","5
1000000000 999999999 1000000000 999999998 1000000000
","1 2 1 4 1","1
-5","1","3
0 3 0","1 1 3","5
2 3 -5 1 3","1 1 3 1 1","7
3 2 1 2 -1 2 -5","1 2 3 1 5 1 7"
"G-016-3","Height Of Left Lower Terrain","Gold","Arrays","Given heights along a line, the left lower terrain for a position is the nearest earlier position whose height is strictly lower. If none exists, there is no left lower terrain.","For each position output the height of the nearest earlier element that is strictly smaller than this height; if none exists, output -1.","Line 1: n
Line 2: n integers h1 h2 ... hn","1 ≤ n ≤ 300000; hi are integers with |hi| ≤ 10^9. Aim for O(n) time and O(n) extra memory.","6
5 2 6 1 3 4
","-1 -1 2 -1 1 3","6
5 2 6 1 3 4
","-1 -1 2 -1 1 3","1
0
","-1","3
2 2 2
","-1 -1 -1","3
1 2 3
","-1 1 2","5
5 4 3 2 1
","-1 -1 -1 -1 -1","6
-1 -2 -2 0 -3 1
","-1 -1 -1 -2 -1 -3","5
5 3 3 4 2
","-1 -1 -1 3 -1","5
1000000000 999999999 1000000000 999999998 1000000000
","-1 -1 999999999 -1 999999998","1
4","-1","3
-2 2 5","-1 -2 2","5
-2 -3 -5 4 -2","-1 -1 -1 -5 -5","7
4 4 -3 3 -5 -1 -3","-1 -1 -1 -3 -1 -5 -5"
"G-016-4","Count Of Left Blockers","Gold","Stacks","For each element, consider the consecutive elements immediately to its left that are not strictly smaller than it; stop when a strictly smaller element appears or the start is reached. The count of such consecutive left elements is the number of blockers.","For each position i output the count of consecutive earlier elements directly left of i that are ≥ a[i], i.e., the number of elements strictly between the nearest earlier strictly smaller index and i. (If there is no earlier strictly smaller element, count all elements to the left.)","Line 1: n
Line 2: n integers a1 a2 ... an","1 ≤ n ≤ 300000; ai are integers, |ai| ≤ 10^9. Solutions should run in O(n) time and O(n) space.","7
3 4 2 7 5 8 1
","0 0 2 0 1 0 6","7
3 4 2 7 5 8 1
","0 0 2 0 1 0 6","1
5
","0","4
2 2 2 2
","0 1 2 3","4
1 2 3 4
","0 0 0 0","5
5 4 3 2 1
","0 1 2 3 4","6
-1 -2 -2 0 -3 1
","0 1 2 0 4 0","5
5 3 3 4 2
","0 1 2 0 4","5
1000000000 999999999 1000000000 999999998 1000000000
","0 1 0 3 0","3
4 3 4","0 1 0","5
4 -4 -3 2 2","0 1 0 0 1","7
5 2 -4 -2 4 -2 -1","0 1 2 0 0 2 0","1
-2","0"
"G-016-5","Zero-Based Left Lower Index","Gold","Monotonic Stack","For each element, the zero-based left lower index is the index (0-based) of the nearest earlier element that is strictly smaller. If none exists, we use -1.","Output for each position i (0-based indexing implied by outputs) the index of the nearest earlier element that is strictly smaller; output -1 if none exists. Use 0-based indices in your output.","Line 1: n
Line 2: n integers a1 a2 ... an","1 ≤ n ≤ 300000; ai integers with |ai| ≤ 10^9. Expected O(n) time and O(n) additional memory.","7
3 4 2 7 5 8 1
","-1 0 -1 2 2 4 -1","7
3 4 2 7 5 8 1
","-1 0 -1 2 2 4 -1","1
5
","-1","3
2 2 2
","-1 -1 -1","4
1 2 3 4
","-1 0 1 2","5
5 4 3 2 1
","-1 -1 -1 -1 -1","6
-1 -2 -2 0 -3 1
","-1 -1 -1 2 -1 4","5
5 3 3 4 2
","-1 -1 -1 2 -1","5
1000000000 999999999 1000000000 999999998 1000000000
","-1 -1 1 -1 3","1
-1","-1","3
2 -5 1","-1 -1 1","5
-5 -1 -3 4 -1","-1 0 0 2 2","7
-3 -1 -4 2 4 3 -1","-1 0 -1 2 3 3 2"
"G-017-1","Daily Price Span","Gold","Monotonic Stack","Each day has a price. The span on a day is how many consecutive days ending that day have prices less than or equal to that day's price (including the day itself).","For each day i (1..n) output the span: the number of consecutive days ending at i such that every day's price in that span is <= price[i]. Print n integers separated by spaces on a single line.","Line 1: n (number of days)
Line 2: n integers p1 p2 ... pn (prices)","1 ≤ n ≤ 300000; 0 ≤ pi ≤ 10^9 for all i.","7
100 80 60 70 60 75 85
","1 1 1 2 1 4 6","7
100 80 60 70 60 75 85
","1 1 1 2 1 4 6","1
42
","1","5
1 2 3 4 5
","1 2 3 4 5","5
5 4 3 2 1
","1 1 1 1 1","4
5 5 5 5
","1 2 3 4","6
0 1000000000 0 1000000000 500000000 1000000000
","1 2 1 4 1 6","5
2 2 1 2 2
","1 2 1 4 5","6
3 1 3 1 3 1
","1 1 3 1 5 1","1
6","1","3
6 5 1","1 1 1","5
3 0 2 5 5","1 1 2 4 5","7
3 6 6 0 2 2 2","1 2 3 1 2 3 4"
"G-017-2","Cooling Streak","Gold","Monotonic Stack","Each day has a temperature. A cooling streak ending on day i is a consecutive run of days ending at i where temperatures never increase when moving forward; equivalently, every previous day in the streak has temperature >= temperature on day i.","For each day i output the length of the longest contiguous streak ending at i where every day's temperature in the streak is >= temperature[i] (include day i). Print n integers separated by spaces on a single line.","Line 1: n (number of days)
Line 2: n integers t1 t2 ... tn (temperatures)","1 ≤ n ≤ 300000; -10^9 ≤ ti ≤ 10^9 for all i.","6
30 31 29 29 28 30
","1 1 3 4 5 1","6
30 31 29 29 28 30
","1 1 3 4 5 1","1
100
","1","5
5 5 4 4 3
","1 2 3 4 5","4
1 2 3 4
","1 1 1 1","5
2 2 2 1 1
","1 2 3 4 5","5
-1 0 -2 -2 1
","1 1 3 4 1","5
5 1 5 1 5
","1 2 1 4 1","6
3 3 2 3 2 2
","1 2 3 1 5 6","1
3","1","3
4 0 -2","1 2 3","5
1 3 0 2 4","1 1 3 1 1","7
-5 5 -3 4 5 5 1","1 1 2 1 1 2 4"
"G-017-3","Performance Drop Streak","Gold","Monotonic Stack","Each contest has a rating. A drop streak ending at contest i is a contiguous run of contests ending at i where every previous rating in the run is strictly greater than rating[i].","For each contest i output the length of the longest contiguous streak ending at i where every previous rating in the streak is > rating[i] (strictly greater). Print n integers separated by spaces on a single line.","Line 1: n (number of contests)
Line 2: n integers r1 r2 ... rn (ratings)","1 ≤ n ≤ 300000; -10^9 ≤ ri ≤ 10^9 for all i.","6
2000 1800 1800 1700 1750 1600
","1 2 1 4 1 6","6
2000 1800 1800 1700 1750 1600
","1 2 1 4 1 6","1
1500
","1","3
1000 1000 1000
","1 1 1","5
5 4 3 2 1
","1 2 3 4 5","4
1 2 3 4
","1 1 1 1","5
5 6 6 5 4
","1 1 1 3 5","5
10 9 10 8 10
","1 2 1 4 1","4
0 -1 -1 -2
","1 2 1 4","1
-3","1","3
-3 1 -1","1 1 2","5
4 0 2 5 -5","1 2 1 1 5","7
1 4 -1 -4 -3 -3 -1","1 1 3 4 1 1 1"
"G-017-4","Upvote Reach","Gold","Monotonic Stack","Each post has a number of upvotes. The reach on a post is how many consecutive posts ending at this one have fewer upvotes than the current post (strictly less).","For each post i output the number of consecutive posts ending at i such that each of those posts has upvotes < upvotes[i] (strictly less). Print n integers separated by spaces on a single line.","Line 1: n (number of posts)
Line 2: n integers u1 u2 ... un (upvote counts)","1 ≤ n ≤ 300000; -10^9 ≤ ui ≤ 10^9 for all i.","6
1 2 2 3 1 3
","1 2 1 4 1 2","6
1 2 2 3 1 3
","1 2 1 4 1 2","1
0
","1","3
5 5 5
","1 1 1","4
1 2 3 4
","1 2 3 4","4
4 3 2 1
","1 1 1 1","5
2 1 2 2 3
","1 1 2 1 5","5
3 1 2 1 2
","1 1 2 1 2","4
-1 0 -1 1
","1 2 1 4","1
1","1","3
-4 2 -3","1 2 1","5
2 -3 -1 4 -1","1 1 2 4 1","7
-2 -4 4 1 -4 -5 4","1 1 3 1 1 1 4"
"G-017-5","Non-decreasing Run Lengths","Gold","Monotonic Stack","A sequence is non-decreasing if every element is <= the next. The run length ending at i is the length of the longest contiguous segment ending at i that is non-decreasing.","For each position i output the length of the longest contiguous segment ending at i where each element is <= the next (i.e., arr[j] <= arr[j+1] inside the segment). Print n integers separated by spaces on a single line.","Line 1: n (number of elements)
Line 2: n integers a1 a2 ... an","1 ≤ n ≤ 300000; -10^9 ≤ ai ≤ 10^9 for all i.","6
1 2 2 1 3 4
","1 2 3 1 2 3","6
1 2 2 1 3 4
","1 2 3 1 2 3","1
7
","1","4
1 2 3 4
","1 2 3 4","4
4 3 2 1
","1 1 1 1","5
2 2 2 3 2
","1 2 3 4 1","5
1 2 1 2 1
","1 2 1 2 1","4
-2 -1 -1 0
","1 2 3 4","6
3 3 4 2 2 5
","1 2 3 1 2 3","1
-3","1","3
5 -5 5","1 1 2","5
1 -2 2 0 2","1 1 2 1 2","7
-4 -1 2 -5 -3 -5 -2","1 2 3 1 2 1 2"
"G-018-1","Kth Largest Score","Gold","Heaps","You are given a sequence of numeric scores. The kth largest score is the value that would appear in position k if the sequence were sorted in descending order (largest first), counting duplicates separately.","Given n scores and an integer k, output the kth largest score among all n scores. If n < k, output NA. Ties count as separate entries (duplicates do not collapse).","Line 1: two integers n and k. Line 2: n integers s1 s2 ... sn (scores).","1 <= n <= 200000; 1 <= k <= n; each score si is an integer with -10^9 <= si <= 10^9.","7 3
5 1 3 6 4 2 7
","5","7 3
5 1 3 6 4 2 7
","5","1 1
100
","100","5 2
4 4 4 4 4
","4","6 4
-1 -5 -3 -2 -10 -4
","-4","4 4
2 8 5 3
","2","8 5
1 3 5 7 9 2 4 6
","4","3 2
1000000000 -1000000000 0
","0","6 2
1 2 3 4 5 6
","5","1 1
1","1","3 1
-5 4 -8","4","5 5
9 -6 4 -7 2","-7","7 5
2 9 4 5 2 9 -7","2"
"G-018-2","Kth Smallest After Each Insert","Gold","Heaps","You receive numbers one by one. The kth smallest of a prefix is the value that would be at position k if that prefix were sorted in increasing order (smallest first).","Process the numbers in order. After each insertion i (1..n), if i < k print NA; otherwise print the kth smallest value among the first i numbers. Print one answer per line.","Line 1: two integers n and k. Line 2: n integers a1 a2 ... an (stream values).","1 <= n <= 200000; 1 <= k <= n; each ai is an integer with -10^9 <= ai <= 10^9.","5 3
5 1 3 2 4
","NA
NA
5
3
3","5 3
5 1 3 2 4
","NA
NA
5
3
3","1 1
10
","10","5 2
2 2 2 2 2
","NA
2
2
2
2","4 3
9 7 5 3
","NA
NA
9
7","6 4
-1 0 -2 -3 -1 1
","NA
NA
NA
0
-1
-1","5 1
3 1 4 1 5
","3
1
1
1
1","4 4
2 2 1 3
","NA
NA
NA
3","6 3
1 2 3 4 5 6
","NA
NA
3
3
3
3","1 1
1","1","3 1
-3 -6 9","-3
-6
-6","5 3
-8 0 -1 -1 -4","NA
NA
0
-1
-1","7 4
8 3 4 3 9 9 -7","NA
NA
NA
8
8
8
4"
"G-018-3","Top-K Replacement Count","Gold","Heaps","As numbers arrive, the kth largest after a prefix is the value at position k when that prefix is sorted from largest to smallest (duplicates count separately).","Process the stream left to right. Each time the kth largest (once defined) differs from the kth largest after the previous element, that counts as a change. The first time the kth largest becomes defined (at the earliest prefix of size >= k) counts as one change. Output the total number of changes.","Line 1: two integers n and k. Line 2: n integers b1 b2 ... bn (stream values).","1 <= n <= 200000; 1 <= k <= n; each bi is an integer with -10^9 <= bi <= 10^9.","7 3
5 1 3 6 4 2 7
","4","7 3
5 1 3 6 4 2 7
","4","1 1
10
","1","5 2
4 4 4 4 4
","1","5 3
9 8 7 6 5
","1","6 2
1 3 2 5 4 6
","5","4 4
2 1 4 3
","1","6 3
0 -1 -1 -1 -2 -3
","1","6 1
1 2 1 2 1 2
","2","1 1
-6","1","3 2
-2 -8 0","2","5 4
-2 -7 2 -8 7","2","7 4
-8 -3 -1 -1 -7 0 9","4"
"G-018-4","Kth Lowest Latency Alarm","Gold","Heaps","Each arrival is a measured latency. For a prefix, the kth smallest latency is the value at rank k when the prefix is sorted from smallest to largest.","Given threshold T, after each insertion report: UNKNOWN if fewer than k values have arrived; otherwise report ALARM if the current kth smallest is <= T, else OK. Output one token per line for each insertion.","Line 1: three integers n, k, and T. Line 2: n integers l1 l2 ... ln (latencies).","1 <= n <= 200000; 1 <= k <= n; each li is an integer with -10^9 <= li <= 10^9; T is an integer with -10^9 <= T <= 10^9.","6 3 100
120 80 90 70 110 60
","UNKNOWN
UNKNOWN
OK
ALARM
ALARM
ALARM","6 3 100
120 80 90 70 110 60
","UNKNOWN
UNKNOWN
OK
ALARM
ALARM
ALARM","1 1 0
0
","ALARM","4 2 5
10 6 7 8
","UNKNOWN
OK
OK
OK","5 3 100
100 100 100 200 50
","UNKNOWN
UNKNOWN
ALARM
ALARM
ALARM","3 2 -5
-10 -6 -4
","UNKNOWN
ALARM
ALARM","4 4 50
60 70 80 90
","UNKNOWN
UNKNOWN
UNKNOWN
OK","5 2 50
30 60 70 40 55
","UNKNOWN
OK
OK
ALARM
ALARM","4 1 10
1 2 3 4
","ALARM
ALARM
ALARM
ALARM","1 1 -5
-4","OK","3 3 -5
-1 -4 8","UNKNOWN
UNKNOWN
OK","5 1 5
-6 -3 -2 2 9","ALARM
ALARM
ALARM
ALARM
ALARM","7 5 2
-9 0 3 -6 2 -5 8","UNKNOWN
UNKNOWN
UNKNOWN
UNKNOWN
OK
ALARM
ALARM"
"G-018-5","Prefix Queries for Kth Largest","Gold","Heaps","A prefix of the stream contains the first p items. For a prefix, the kth largest is the value at position k when that prefix is sorted from largest to smallest; duplicates count separately.","Given q query indices p1..pq, for each query output the kth largest among the first p items, or NA if p < k. Output answers in the order queries are given, one per line.","Line 1: three integers n, k, q. Line 2: n integers v1 v2 ... vn. Next q lines: each line has one integer p (1 <= p <= n).","1 <= n <= 200000; 1 <= k <= n; 1 <= q <= 200000; each vi is integer -10^9 <= vi <= 10^9; each query p satisfies 1 <= p <= n.","7 3 3
5 1 3 6 4 2 7
3
5
7
","1
4
5","7 3 3
5 1 3 6 4 2 7
3
5
7
","1
4
5","1 1 1
100
1
","100","5 2 5
2 2 2 2 2
1
2
3
4
5
","NA
2
2
2
2","6 3 4
6 5 4 3 2 1
6
3
4
2
","4
4
4
NA","4 4 2
1 3 2 4
4
3
","1
NA","6 2 3
-1 0 -2 5 3 3
2
5
6
","-1
3
3","5 1 5
10 20 5 15 25
1
2
3
4
5
","10
20
20
20
25","3 2 3
100 100 50
1
2
3
","NA
100
100","1 1 3
1
1
1
1","1
1
1","3 1 2
0 6 -9
2
2","6
6","5 5 3
3 8 -2 6 8
5
4
5","-2
NA
-2","7 3 1
-7 -8 -9 6 6 5 -8
4","-8"
"G-019-1","Merge Sorted Streams","Gold","Heaps","You are given several sorted sequences of integers. Each sequence is static and sorted ascending. Treat each sequence as a stream where you can read and remove only the current first element (the head).","Merge all k sequences into a single nondecreasing sequence and output every element in order. When multiple current heads are equal, take the element from the sequence with smaller (1-based) index first.","Line 1: k (number of sequences)
Lines 2..k+1: each line describes one sequence as: ni followed by ni integers (the elements of that sequence in increasing order).","1 ≤ k ≤ 2000. For each i, 0 ≤ ni and all ni are integers. Total sum of all ni is between 1 and 200000. Each element is an integer between -1e9 and 1e9. All sequences are sorted ascending as given.","3
3 1 4 9
2 2 6
4 0 3 5 7
","0 1 2 3 4 5 6 7 9","3
3 1 4 9
2 2 6
4 0 3 5 7
","0 1 2 3 4 5 6 7 9","1
1 42
","42","4
0
2 -5 0
0
1 1
","-5 0 1","2
2 5 7
2 5 6
","5 5 6 7","2
2 -1000000000 0
2 -1000000000 1
","-1000000000 -1000000000 0 1","5
1 1
1 2
1 3
1 4
1 5
","1 2 3 4 5","3
1 2
1 2
1 2
","2 2 2","3
2 10 20
1 15
0
","10 15 20","1
3 -3 -3 9","-3 -3 9","2
1 -2
3 0 2 2","-2 0 2 2","3
0
2 -5 -3
0","-5 -3","4
2 -8 7
0
0
3 -3 3 8","-8 -3 3 7 8"
"G-019-2","First M Smallest From Streams","Gold","Heaps","You have k sorted (increasing) integer streams. You may repeatedly take the current smallest head from any stream. The streams are static and individually sorted.","Output the first m elements of the merged nondecreasing sequence. If m is larger than the total number of elements, output the whole merged sequence. When current heads tie, choose the smaller sequence index first.","Line 1: k m (two integers)
Lines 2..k+1: each line: ni followed by ni integers (the elements of that sequence in increasing order).","1 ≤ k ≤ 2000. 1 ≤ m ≤ 200000. For each i, 0 ≤ ni. Total sum of all ni is between 1 and 200000. Elements are integers in [-1e9, 1e9]. All sequences are sorted ascending.","3 5
3 1 4 9
2 2 6
4 0 3 5 7
","0 1 2 3 4","3 5
3 1 4 9
2 2 6
4 0 3 5 7
","0 1 2 3 4","2 10
2 1 2
1 3
","1 2 3","4 1
0
2 -2 -1
0
1 5
","-2","2 3
2 5 7
2 5 6
","5 5 6","2 4
2 -3 -1
3 -2 0 1
","-3 -2 -1 0","3 2
0
1 100
1 50
","50 100","4 4
1 8
1 3
1 5
1 7
","3 5 7 8","3 6
2 2 4
3 1 3 5
1 6
","1 2 3 4 5 6","1 1
2 -9 -5","-9","2 6
3 -8 -7 -4
3 -5 7 8","-8 -7 -5 -4 7 8","3 5
1 -2
2 2 2
2 1 7","-2 1 2 2 7","4 6
3 -8 -4 9
1 -7
0
2 4 7","-8 -7 -4 4 7 9"
"G-019-3","Merged Sequence With Source Tags","Gold","Heaps","Merge several sorted integer sequences into one by repeatedly taking the smallest current head. Tag each output element with which original sequence it came from (1-based index).","Produce the merged sequence as space-separated tokens of the form value:source where source is the 1-based index of the sequence the value came from. When heads are equal, take from the smaller sequence index first.","Line 1: k
Lines 2..k+1: each line: ni followed by ni integers (sorted ascending).","1 ≤ k ≤ 1000. For each i, 0 ≤ ni. Total elements between 1 and 200000. Elements are integers in [-1e9, 1e9]. Sequences are sorted ascending.","3
3 1 4 9
2 2 6
4 0 3 5 7
","0:3 1:1 2:2 3:3 4:1 5:3 6:2 7:3 9:1","3
3 1 4 9
2 2 6
4 0 3 5 7
","0:3 1:1 2:2 3:3 4:1 5:3 6:2 7:3 9:1","1
1 42
","42:1","4
0
2 -5 0
0
1 1
","-5:2 0:2 1:4","2
2 5 7
2 5 6
","5:1 5:2 6:2 7:1","2
2 -1000000000 0
2 -1000000000 1
","-1000000000:1 -1000000000:2 0:1 1:2","5
1 1
1 2
1 3
1 4
1 5
","1:1 2:2 3:3 4:4 5:5","3
1 2
1 2
1 2
","2:1 2:2 2:3","3
2 10 20
1 15
0
","10:1 15:2 20:1","1
3 -6 0 1","-6:1 0:1 1:1","2
0
2 -7 -2","-7:2 -2:2","3
3 -9 3 6
0
3 -6 -5 7","-9:1 -6:3 -5:3 3:1 6:1 7:3","4
3 1 6 7
0
1 8
0","1:1 6:1 7:1 8:3"
"G-019-4","Merge And Remove Adjacent Duplicates","Gold","Heaps","You merge multiple sorted integer streams by repeatedly taking the smallest head. After making the merged nondecreasing sequence, you compress any run of equal consecutive values to a single occurrence (i.e., remove adjacent duplicates).","Output the merged sequence after removing adjacent equal values. When heads tie, pick from the sequence with smaller index first.","Line 1: k
Lines 2..k+1: each line: ni followed by ni integers (elements in nondecreasing order).","1 ≤ k ≤ 2000. For each i, 0 ≤ ni. Total elements between 1 and 200000. Elements in [-1e9, 1e9]. Sequences are sorted ascending.","3
3 1 4 9
2 2 6
4 0 3 5 7
","0 1 2 3 4 5 6 7 9","3
3 1 4 9
2 2 6
4 0 3 5 7
","0 1 2 3 4 5 6 7 9","1
3 5 5 5
","5","2
3 1 3 5
3 1 2 3
","1 2 3 5","3
2 2 2
2 2 2
1 2
","2","2
4 -1 -1 0 0
3 -1 0 1
","-1 0 1","5
1 2
1 2
1 2
1 2
1 2
","2","3
4 1 2 2 3
2 2 3
3 3 3 4
","1 2 3 4","3
2 10 20
1 15
0
","10 15 20","1
3 -5 0 7","-5 0 7","2
1 7
0","7","3
0
1 1
1 -1","-1 1","4
3 -9 2 7
0
3 2 7 8
3 -8 -7 -3","-9 -8 -7 -3 2 7 8"
"G-019-5","Median Of Merged Streams","Gold","Heaps","Combine several sorted integer sequences into one multiset and consider the elements in sorted order. The median is the middle element (for odd total size) or the lower middle (for even total size).","Output the median value of the merged multiset. If the total number of elements is even, output the element at position total/2 (1-based lower median).","Line 1: k
Lines 2..k+1: each line: ni followed by ni integers (sorted ascending).","1 ≤ k ≤ 2000. For each i, 0 ≤ ni. Total number of elements is between 1 and 200000. Elements are integers in [-1e9, 1e9]. Sequences are sorted ascending.","3
3 1 4 9
2 2 6
4 0 3 5 7
","4","3
3 1 4 9
2 2 6
4 0 3 5 7
","4","1
1 42
","42","2
2 1 3
2 2 4
","2","3
1 2
1 2
1 2
","2","2
2 -3 -1
3 -2 0 1
","-1","4
0
1 10
0
1 20
","10","3
2 -1000000000 -1
1 -1000000000
2 -2 1000000000
","-2","2
1 -5
1 5
","-5","1
2 -5 5","-5","2
3 5 6 6
2 -3 2","5","3
3 -5 3 9
1 3
0","3","4
0
3 -6 -3 3
0
1 4","-3"
"G-020-1","Meeting Rooms Needed","Gold","Heaps","Each meeting is an interval with an integer start and end time. An interval [s,e) is active at integer times t with s <= t < e (start inclusive, end exclusive).","Compute the minimum number of meeting rooms required so that every meeting can take place (i.e., the maximum number of meetings active at the same time). Output that single integer.","Line 1: n — number of meetings. Lines 2..n+1: two integers s and e (start and end) separated by space for each meeting.","1 <= n <= 200000; 0 <= s < e <= 1e9 for every meeting; all values are integers.","3
1 4
2 5
7 9
","2","3
1 4
2 5
7 9
","2","1
0 10
","1","2
1 2
2 3
","1","4
1 10
2 9
3 8
4 7
","4","3
0 5
0 5
0 5
","3","2
0 1000000000
999999999 1000000000
","2","3
1 3
3 5
5 7
","1","4
1 3
1 3
3 6
2 4
","3","1
0 4","1","2
8 11
3 5","1","3
5 6
2 5
3 5","2","5
7 11
2 3
5 8
7 11
7 8","4"
"G-020-2","Network Channel Peak Time","Gold","Heaps","Each network request is an interval with integer start and end times. Here intervals are closed: [s,e] is active at integer time t when s <= t <= e. If one request ends at time t and another starts at t, they overlap at t.","Find the minimum number of channels needed (the maximum simultaneous requests) and the earliest integer time when that maximum first occurs. Output two integers: the count and the earliest time.","Line 1: n. Lines 2..n+1: two integers s and e (start and end) separated by space for each request.","1 <= n <= 200000; 0 <= s <= e <= 1e9 for every request; all values are integers.","3
1 3
2 4
4 5
","2 2","3
1 3
2 4
4 5
","2 2","1
5 5
","1 5","3
1 2
2 3
3 4
","2 2","3
1 5
2 4
3 3
","3 3","3
0 1
1 2
1 1
","3 1","2
0 1000000000
1000000000 1000000000
","2 1000000000","3
1 1
2 2
3 3
","1 1","5
1 4
2 3
5 6
6 7
6 6
","3 6","2
1 2
2 3","2 2","3
8 9
0 3
8 11","2 8","5
4 7
0 4
4 5
1 2
7 10","3 4","1
7 8","1 7"
"G-020-3","Airport Gates Duration of Peak","Gold","Heaps","Each flight occupies a gate during an interval [s,e) (start inclusive, end exclusive). The airport needs enough gates equal to the maximum number of flights simultaneously occupying gates. The duration is measured as integer time units (end - start).","Output two integers: the minimum number of gates required (the maximum simultaneous flights) and the total integer duration during which the number of occupied gates equals that maximum (sum of lengths of all time segments where the occupancy equals the peak).","Line 1: n. Lines 2..n+1: two integers s and e (start and end) separated by space for each flight.","1 <= n <= 200000; 0 <= s < e <= 1e9 for every flight; all values are integers.","3
1 4
2 5
5 6
","2 2","3
1 4
2 5
5 6
","2 2","1
0 10
","1 10","2
1 2
2 3
","1 2","4
1 10
2 9
3 8
4 7
","4 3","3
0 5
0 5
0 5
","3 5","4
1 4
2 3
5 8
6 7
","2 2","3
0 1000000000
0 1
999999999 1000000000
","2 2","3
1 5
2 6
3 4
","3 1","1
3 6","1 3","2
5 8
1 4","1 6","3
7 10
2 6
2 6","2 4","5
1 2
2 5
4 5
6 10
7 9","2 3"
"G-020-4","Concurrent Requests (start + duration)","Gold","Heaps","Each request is given as a start time and a positive duration. It occupies a resource during [s, s+d) (start inclusive, end exclusive).","Compute the minimum number of resources (servers) required so that all requests can be handled simultaneously. Output a single integer.","Line 1: n. Lines 2..n+1: two integers s and d (start and duration) separated by space for each request.","1 <= n <= 200000; 0 <= s <= 1e9, 1 <= d <= 1e9, and s + d <= 1e9 for every request; all values are integers.","3
1 3
2 2
4 1
","2","3
1 3
2 2
4 1
","2","1
0 1
","1","2
1 1
2 1
","1","4
0 10
1 9
2 8
3 7
","4","3
0 5
0 5
0 5
","3","2
0 1000000000
999999999 1
","2","3
1 2
2 2
3 2
","2","4
5 1
5 1
5 1
5 1
","4","1
4 2","1","2
7 1
6 1","1","3
2 1
6 1
1 1","1","5
7 3
2 3
3 3
8 1
7 1","2"
"G-020-5","Subway Platforms and First Peak Train","Gold","Heaps","Each train occupies a platform during [s,e) (start inclusive, end exclusive). Trains are listed in input order and numbered 1..n.","Output two integers: the minimum number of platforms required (the maximum simultaneous trains) and the 1-based index of the train with the smallest index that is present at the earliest time when that maximum first occurs. If multiple trains are active at that earliest peak time, choose the smallest index among them.","Line 1: n. Lines 2..n+1: two integers s and e (start and end) separated by space for each train (train 1 is the first of these lines, etc.).","1 <= n <= 200000; 0 <= s < e <= 1e9 for every train; all values are integers.","3
1 4
2 5
3 6
","3 1","3
1 4
2 5
3 6
","3 1","1
0 10
","1 1","3
1 2
2 3
2 4
","2 2","3
0 5
0 5
0 5
","3 1","3
0 1
1 10
1 10
","2 2","2
0 1000000000
999999999 1000000000
","2 1","4
5 6
5 6
5 6
5 6
","4 1","5
1 3
2 4
2 5
6 8
7 9
","3 1","1
1 3","1 1","2
3 7
6 8","2 1","3
7 11
1 4
0 1","1 3","5
7 11
7 10
6 8
2 4
6 9","4 1"
"G-021-1","Delivery Profits","Gold","Heaps","Each job takes one whole day and has an integer money value and an integer last day by which it must be completed. You may do at most one job per day; days are nonnegative integers. A job with deadline d can be scheduled on any integer day x with 1 <= x <= d (if d = 0 it cannot be scheduled).","Choose a subset of jobs and schedule each on a distinct valid day so the total money is maximized. Output the maximum total money.","Line 1: n, the number of jobs. Lines 2..n: two integers per line, value and deadline (value deadline).","1 <= n <= 100000. 0 <= value <= 10^9. 0 <= deadline <= 10^9. Sum of values fits in 64-bit signed integer.","5
50 2
10 1
20 2
30 1
40 3
","120","5
50 2
10 1
20 2
30 1
40 3
","120","1
5 0
","0","4
5 2
5 2
5 2
5 2
","10","3
100 5
1 1
2 2
","103","4
0 0
0 1
0 2
1 0
","0","6
5 1
4 2
3 2
2 1
1 3
6 2
","12","3
10 0
20 0
30 0
","0","5
1 1
1 1
1 1
100 1
2 2
","102","1
8 1","8","3
3 1
6 0
2 0","3","4
1 2
2 2
0 2
3 2","5","6
4 3
8 3
7 3
3 1
6 3
4 0","21"
"G-021-2","Volunteer Shifts","Gold","Greedy","Each volunteer shift takes one day. Each volunteer can work on any day up to their deadline day (a nonnegative integer). At most one volunteer can be assigned to a given day.","Assign volunteers to distinct valid days to maximize the number assigned. Output the maximum number of volunteers that can be scheduled.","Line 1: n, the number of volunteers. Line 2: n integers, the deadlines of volunteers (space-separated).","1 <= n <= 100000. 0 <= deadlines[i] <= 10^9. Days are integers; a volunteer with deadline d can be assigned on any integer day x with 1 <= x <= d (if d = 0 they cannot be assigned).","5
2 1 2 1 3
","3","5
2 1 2 1 3
","3","1
0
","0","4
1 1 1 1
","1","5
1 2 3 4 5
","5","6
0 0 2 2 1 3
","3","5
2 2 2 2 2
","2","3
0 0 0
","0","3
1000000000 1 1
","2","1
4","1","3
0 3 4","2","5
3 2 1 1 3","3","7
2 3 0 0 0 2 0","3"
"G-021-3","Work Orders Selected","Gold","Heaps","Each order takes one day and has a profit value and a deadline day. You may do at most one order per day; days are positive integers. If a deadline is 0 the order cannot be done.","Pick orders and schedule them so total profit is maximized. Then output the number of selected orders on the first line and, if that number is positive, output a second line with the 1-based indices of the selected orders in increasing order. If none are selected print only a single line with 0.","Line 1: n, number of orders. Lines 2..n: two integers per line, profit and deadline (profit deadline) in the input order (indices are 1..n).","1 <= n <= 100000. 0 <= profit <= 10^9. 0 <= deadline <= 10^9. Use 1-based indexing when reporting order indices.","4
10 1
20 2
30 1
40 2
","2
3 4","4
10 1
20 2
30 1
40 2
","2
3 4","1
5 0
","0","3
5 1
5 1
5 2
","2
1 3","3
10 0
20 0
30 0
","0","5
5 2
4 2
6 1
3 3
2 2
","3
1 3 4","6
1 1
2 1
3 2
4 2
5 3
6 3
","3
4 5 6","4
5 4
4 4
3 4
2 4
","4
1 2 3 4","4
10 1
9 1
8 1
7 2
","2
1 4","1
4 1","1
1","3
9 1
1 1
7 2","2
1 3","4
4 2
2 0
4 3
8 2","3
1 3 4","6
4 0
7 2
5 3
6 2
2 1
2 1","3
2 3 4"
"G-021-4","Festival Performances","Gold","Heaps","Each performance lasts one day and has an integer fee and a last allowable day to perform. At most one performance per day is allowed. For tie-breaking, among schedules with equal total fee prefer choices that keep performers with smaller original input indices when possible (see replacement rule in task).","Select and schedule performances to maximize total fee. When considering replacing a currently selected performance with a new one of equal fee, replace only if the new performer has a strictly smaller input index (so smaller-index performers are preferred for equal fees). Output the maximum total fee.","Line 1: n, number of performers. Lines 2..n: two integers per line, fee and deadline (fee deadline), listed in the performers' input order (indices 1..n).","1 <= n <= 100000. 0 <= fee <= 10^9. 0 <= deadline <= 10^9. Days are integers; a performer with deadline d can be scheduled on any day 1..d (d = 0 means cannot be scheduled).","5
10 1
20 1
20 2
5 2
1 3
","41","5
10 1
20 1
20 2
5 2
1 3
","41","1
5 0
","0","3
5 1
5 1
5 1
","5","4
5 2
5 2
5 2
5 2
","10","5
4 1
4 2
4 2
3 2
5 3
","13","6
1 1
2 2
2 2
2 2
3 3
3 3
","8","3
0 0
0 1
0 2
","0","4
10 1
10 1
9 2
9 2
","19","1
9 0","0","3
8 2
0 0
2 3","10","4
0 0
7 0
5 0
9 2","9","6
8 0
5 2
2 3
2 0
0 2
7 2","14"
"G-021-5","Expired Coupons","Gold","Heaps","Each coupon redeems a value and expires on a given day. Redeeming a coupon occupies that whole day and you may redeem at most one coupon per day. A coupon with deadline 0 cannot be redeemed.","Pick coupons to redeem so the total redeemed value is maximized. Output two integers: the maximum total value and the number of coupons redeemed.","Line 1: n, number of coupons. Lines 2..n: two integers per line, value and expiry day (value expiry).","1 <= n <= 100000. 0 <= value <= 10^9. 0 <= expiry <= 10^9. Sum of values fits in 64-bit signed integer.","5
10 2
5 1
20 2
1 3
2 2
","31 3","5
10 2
5 1
20 2
1 3
2 2
","31 3","1
5 0
","0 0","4
0 0
0 1
0 2
1 0
","0 2","3
100 5
1 1
2 2
","103 3","3
10 0
20 0
30 0
","0 0","6
5 1
4 2
3 2
2 1
1 3
6 2
","12 3","4
5 2
5 2
5 2
5 2
","10 2","5
1 1
1 1
1 1
100 1
2 2
","102 2","1
6 3","6 1","3
9 0
3 3
3 1","6 2","4
3 3
4 2
7 2
1 2","14 3","6
0 2
1 2
1 2
1 0
3 3
0 3","5 3"
"G-022-1","Jumping Across Stones","Gold","Arrays","You stand on the first stone of a line of stones. Each stone has a number that is the maximum number of stones you may move forward in a single jump. You may only move forward or stay on the same or later stones (no backward moves).","Compute the minimum number of jumps required to land on the last stone. If you are already on the last stone, answer 0. If the last stone cannot be reached, output -1.","Line 1: n (number of stones)
Line 2: n integers a1 a2 ... an (ai is the maximum forward jump length from stone i)","1 ≤ n ≤ 200000. 0 ≤ ai ≤ 10^9. Start on stone 1. Jumps move from index i to any j where i < j ≤ i + ai. Time limit encourages O(n) solutions.","5
2 3 1 1 4
","2","5
2 3 1 1 4
","2","1
0
","0","5
3 2 1 0 4
","-1","6
2 0 2 0 1 0
","3","4
3 0 0 0
","1","5
0 0 0 0 0
","-1","5
1 4 1 1 1
","2","3
1000000000 0 0
","1","1
3","0","3
1 1 0","2","5
0 3 0 0 3","-1","7
2 1 2 3 1 1 3","3"
"G-022-2","Signal Relay","Gold","Greedy","A line of communication towers is indexed 1..n. Each tower i can transmit a signal to any tower j where i < j ≤ i + ri. You start by transmitting from tower 1 and want to reach tower n using as few transmissions (hops) as possible.","Output the minimum number of transmissions (hops) needed to reach tower n from tower 1. If you are already at tower n, output 0. If tower n cannot be reached, output -1.","Line 1: n (number of towers)
Line 2: n integers r1 r2 ... rn (ri is the maximum forward reach from tower i)","1 ≤ n ≤ 200000. 0 ≤ ri ≤ 10^9. Transmissions only move to strictly higher indices. Time limit encourages O(n) greedy expansion.","6
2 3 1 1 4 0
","3","6
2 3 1 1 4 0
","3","1
0
","0","4
1 0 0 0
","-1","5
4 0 0 0 0
","1","5
0 3 1 1 0
","-1","5
1 1 1 1 0
","4","7
1 2 3 4 5 1 0
","3","3
1000000000 0 0
","1","1
3","0","3
2 0 2","1","5
2 2 3 1 3","2","7
3 3 0 1 3 2 2","3"
"G-022-3","Checkpoint Marathon","Gold","Arrays","Checkpoints are placed along a straight route at strictly increasing positions. From checkpoint i at position pi you can run forward up to distance di, i.e., you can reach any later checkpoint whose position ≤ pi + di. You start at the checkpoint at position 0 and want to reach the checkpoint at position L.","Given checkpoints including the start (position 0) and end (position L) in increasing order, output the minimal number of checkpoint-to-checkpoint moves needed to reach the checkpoint at position L. If you are already at L, output 0. If L cannot be reached, output -1.","Line 1: m L (number of checkpoints and final position L)
Next m lines: each line has two integers: pi di (position and forward reach from that checkpoint)
(You are guaranteed p1 = 0 and pm = L, and p1 < p2 < ... < pm.)","1 ≤ m ≤ 200000. 0 = p1 < p2 < ... < pm = L ≤ 10^9. 0 ≤ di ≤ 10^9. Moves only to later checkpoints. Expected O(m) greedy solution.","5 10
0 3
3 2
5 5
8 1
10 0
","3","5 10
0 3
3 2
5 5
8 1
10 0
","3","1 0
0 0
","0","3 7
0 2
4 1
7 0
","-1","4 10
0 6
2 4
6 3
10 0
","-1","4 3
0 1
1 1
2 1
3 0
","3","3 10
0 100
5 0
10 0
","1","5 10
0 2
2 3
5 2
7 3
10 0
","4","2 1
0 1
1 0
","1","2 4
0 1
4 0","-1","4 6
0 3
2 2
3 6
6 0","2","5 11
0 6
3 5
5 2
8 0
11 0","-1","2 1
0 3
1 0","1"
"G-022-4","Mandatory Stop Jumps","Gold","Greedy","You must travel forward across indexed positions 1..n. From index i you may jump to any index j where i < j ≤ i + ai. A list of mandatory indices must be visited; you must land exactly on each mandatory index in increasing order (the list includes index 1 and index n).","Compute the minimum total number of jumps needed to start at index 1, land on every mandatory index in order, and finish at index n. If you are already at index n and the list contains only 1, answer 0. If any required segment cannot be completed, output -1.","Line 1: n k (number of positions and number of mandatory indices)
Line 2: n integers a1 a2 ... an (ai is the maximum forward jump length from i)
Line 3: k integers m1 m2 ... mk (mandatory indices in strictly increasing order; guaranteed m1 = 1 and mk = n)","1 ≤ n ≤ 200000. 1 ≤ k ≤ n. 0 ≤ ai ≤ 10^9. 1 = m1 < m2 < ... < mk = n. Time limit expects O(n) overall by processing segments greedily.","6 3
2 3 1 1 4 0
1 2 6
","3","6 3
2 3 1 1 4 0
1 2 6
","3","1 1
0
1
","0","5 2
1 0 0 0 0
1 5
","-1","5 5
1 1 1 1 0
1 2 3 4 5
","4","5 3
3 0 0 1 0
1 4 5
","2","4 3
2 0 0 0
1 3 4
","-1","3 2
100 0 0
1 3
","1","6 3
2 1 1 1 1 0
1 3 6
","4","1 1
2
1","0","3 2
2 1 3
1 3","1","5 2
0 0 0 2 3
1 5","-1","6 4
2 3 2 2 1 3
1 3 5 6","3"
"G-022-5","Road Repair Crews","Gold","Greedy","Each crew can repair a continuous road segment starting at position si and extending up to si + li. You need to cover the entire road segment from position 0 up to position L (inclusive or beyond). Crews can be chosen in any order, but each chosen crew contributes its interval.","Find the minimal number of crews whose combined intervals cover every point from 0 to L. If L = 0, answer 0. If full coverage is impossible, output -1.","Line 1: m L (number of crews and target length L)
Next m lines: two integers per line: si li (crew starting position and maximum repair length)
(Intervals are [si, si+li]. The lines may be in any order.)","1 ≤ m ≤ 200000. 0 ≤ si ≤ 10^9, 0 ≤ li ≤ 10^9, 0 ≤ L ≤ 10^9. Covering is successful when the union of chosen intervals contains [0, L]. Expected O(m log m) or O(m) after sorting.","4 10
0 3
2 5
4 3
7 3
","3","4 10
0 3
2 5
4 3
7 3
","3","1 0
0 0
","0","3 10
1 4
5 3
8 2
","-1","3 10
0 5
5 5
0 10
","1","3 10
0 3
4 3
7 3
","-1","5 12
0 3
2 4
5 4
8 4
11 1
","4","2 100
0 200
50 10
","1","3 6
0 2
2 2
4 2
","3","1 7
6 1","-1","2 3
3 2
3 3","-1","4 8
0 1
8 4
5 2
1 4","-1","5 7
0 1
6 1
2 4
1 1
7 4","4"
"G-023-1","Project Tag Partitions","Gold","Hash Maps","A list of task tags appears in chronological order. Each contiguous segment (partition) is a block of consecutive tasks. The goal is to cut the timeline so every tag appears in at most one block.","Split the sequence into the maximum number of contiguous blocks so that no tag appears in more than one block. If several maximum partitions exist, use the left-to-right greedy rule: scan from the start and close a block as soon as every tag seen inside it has no occurrences later. Output the lengths of the blocks in order, separated by single spaces.","Line 1: integer n, the number of tasks.
Line 2: n tags separated by single spaces. Each tag contains only letters and digits, no spaces.","1 ≤ n ≤ 200000. Each tag length is 1..10 characters. Total input size ≤ 1,000,000 characters. Tags may repeat.","8
UI db UI api api auth db cache
","7 1","8
UI db UI api api auth db cache
","7 1","1
core
","1","5
x x x x x
","5","4
a b c d
","1 1 1 1","5
a b a b c
","4 1","8
a b c a d e f e
","4 1 3","7
p q p r s q t
","6 1","6
a1 b2 a1 c3 b2 d4
","5 1","1
cc","1","3
a b c","1 1 1","5
cc ac a b a","1 1 3","7
c c cc aa a cc b","2 4 1"
"G-023-2","Color Block Cuts","Gold","Arrays","The line shows colored blocks by integer color codes in order. A cut separates contiguous blocks. Each color code must appear in at most one resulting piece.","Cut the sequence into the maximum number of contiguous pieces so each color appears in only one piece. Use the left-to-right greedy rule: close a piece as soon as all colors seen so far have no later occurrences. Output the lengths of the pieces in order, separated by single spaces.","Line 1: integer n, the number of blocks.
Line 2: n integers (color codes) separated by single spaces.","1 ≤ n ≤ 200000. Color codes are 32-bit signed integers. Total input size ≤ 1,000,000 characters.","9
1 2 1 3 2 4 3 5 6
","7 1 1","9
1 2 1 3 2 4 3 5 6
","7 1 1","1
10
","1","5
7 7 7 7 7
","5","4
1 2 3 4
","1 1 1 1","5
1 2 1 2 3
","4 1","7
5 6 7 5 8 6 9
","6 1","5
-1 2 -1 2 -2
","4 1","6
2 3 4 3 2 4
","6","1
-2","1","3
1 0 1","3","5
2 -1 -2 2 1","4 1","7
-1 -1 0 2 0 1 0","2 5"
"G-023-3","Label Run Split","Gold","Strings","You are given a string of lowercase letters; each letter is a label on a position. A contiguous substring is a segment. Each label must belong to at most one segment.","Partition the string into the maximum number of contiguous segments so that each letter appears in only one segment. If multiple maximum partitions exist, close segments by scanning left-to-right and ending a segment as soon as all letters inside it have no later occurrences. Output the lengths of the segments in order, separated by single spaces.","Line 1: a nonempty string s of lowercase letters.","1 ≤ |s| ≤ 200000. s contains only 'a'–'z'.","ababcbacadefegdehijhklij
","9 7 8","ababcbacadefegdehijhklij
","9 7 8","z
","1","aaaa
","4","abcd
","1 1 1 1","abac
","3 1","eccbbbbdec
","10","abcab
","5","abacbdade
","8 1","a","1","aab","2 1","dcbaa","1 1 1 2","bbcaaddc","2 6"
"G-023-4","Robot Module Cuts","Gold","Greedy","A production line lists part codes (single uppercase letters) placed in order. A module is a contiguous group of parts. No part code may appear in more than one final module.","Divide the list into the maximum number of contiguous modules so each part code appears in at most one module. If multiple maximum partitions exist, follow the left-to-right greedy rule: close a module when every code seen in it has no later occurrence. Output module lengths in order, separated by single spaces.","Line 1: integer n, the number of parts.
Line 2: n uppercase letters separated by single spaces.","1 ≤ n ≤ 200000. Each part code is a single letter 'A'–'Z'.","6
X Y Z X Y A
","5 1","6
X Y Z X Y A
","5 1","1
A
","1","4
B B B B
","4","4
A B C D
","1 1 1 1","6
P Q P R Q S
","5 1","6
A B C A C B
","6","5
M N M O P
","3 1 1","6
R S T R S T
","6","1
B","1","3
A B D","1 1 1","5
B B B A A","3 2","7
C A B A A A D","1 5 1"
"G-023-5","Sticker Sheet Splits","Gold","Sets","A sticker sheet lists color codes as characters in order; each character denotes one sticker's color. A cut separates contiguous stickers into pieces. Each color must appear in at most one piece.","Cut the sticker sequence into the maximum number of contiguous pieces so each color appears in at most one piece. Use the left-to-right greedy closure rule: end a piece as soon as all colors inside it have no later occurrences. Output the piece lengths in order, separated by single spaces.","Line 1: a nonempty string s where each character is a color code.","1 ≤ |s| ≤ 200000. s contains printable non-space characters; treat each character as a color code. Total input size ≤ 1,000,000 characters.","rgbrgygop
","7 1 1","rgbrgygop
","7 1 1","z
","1","kkkk
","4","abcd
","1 1 1 1","rgrgby
","4 1 1","abcaca
","6","xyxzyxz
","7","abacbdade
","8 1","b","1","dca","1 1 1","cbdda","1 1 2 1","abcddbba","8"
"G-024-1","Target Sum Subset","Gold","Backtracking","A subset is any selection of the given items, each used at most once; the empty subset (selecting nothing) is allowed. Sum means the usual arithmetic sum of selected numbers.","Decide whether there exists some subset (possibly empty) whose elements sum exactly to the given target. Output YES if such a subset exists, otherwise NO.","Line 1: two integers n and T (number of items and target sum) separated by a space
Line 2: n non-negative integers a1 a2 ... an separated by spaces","1 ≤ n ≤ 22, 0 ≤ ai ≤ 10^9, 0 ≤ T ≤ 10^18. The answer must be determined by exploring subsets (O(2^n) feasible).","5 9
3 34 4 12 5
","YES","5 9
3 34 4 12 5
","YES","1 5
5
","YES","1 7
5
","NO","3 0
0 1 2
","YES","3 4
2 2 2
","YES","4 10
11 20 30 40
","NO","22 22
1 1 1 1 1 1 1 1 1 1 1 1 1 1 1 1 1 1 1 1 1 1
","YES","6 100
10 20 30 40 50 60
","YES","1 14
4","NO","3 20
6 7 7","YES","4 15
4 9 8 6","YES","6 2
9 3 3 3 0 7","NO"
"G-024-2","Find A Subset Indices","Gold","Backtracking","A subset is a non-empty selection of items; items are indexed 1..n in input order. If multiple valid subsets exist we require a consistent tie-breaker.","Find any non-empty subset whose elements sum exactly to the target. If multiple such subsets exist, output the subset with the lexicographically smallest list of indices (indices in increasing order). If none exists, output -1.","Line 1: two integers n and T separated by a space
Line 2: n non-negative integers a1 a2 ... an separated by spaces","1 ≤ n ≤ 22, 1 ≤ n (non-empty subset required), 0 ≤ ai ≤ 10^9, 0 ≤ T ≤ 10^18. Solutions should be found by enumerating include/exclude choices.","5 9
3 34 4 12 5
","3 5","5 9
3 34 4 12 5
","3 5","1 5
5
","1","1 7
5
","-1","3 0
0 1 2
","1","3 4
2 2 2
","1 2","4 100
40 30 20 10
","1 2 3 4","22 22
1 1 1 1 1 1 1 1 1 1 1 1 1 1 1 1 1 1 1 1 1 1
","1 2 3 4 5 6 7 8 9 10 11 12 13 14 15 16 17 18 19 20 21 22","4 9
5 1 4 4
","1 3","1 6
5","-1","3 19
0 6 4","-1","4 17
2 0 7 2","-1","6 7
2 6 3 5 1 1","1 3 5 6"
"G-024-3","K-Element Exact Sum","Gold","Backtracking","Select exactly k distinct items (each used at most once). The selected indices should be reported in increasing order. If several k-sets reach the target, use a consistent tie-breaker.","Find a subset of exactly k items whose sum equals the target. If multiple such k-sized subsets exist, output the lexicographically smallest list of indices. If none exists, output -1. (k is at least 1.)","Line 1: three integers n, k, and T separated by spaces
Line 2: n non-negative integers a1 a2 ... an separated by spaces","1 ≤ n ≤ 22, 1 ≤ k ≤ n, 0 ≤ ai ≤ 10^9, 0 ≤ T ≤ 10^18. Intended solution explores choices for each item with pruning by selected count.","5 2 9
3 34 4 12 5
","3 5","5 2 9
3 34 4 12 5
","3 5","1 1 5
5
","1","4 2 7
2 5 5 3
","1 2","3 3 5
1 1 1
","-1","22 22 22
1 1 1 1 1 1 1 1 1 1 1 1 1 1 1 1 1 1 1 1 1 1
","1 2 3 4 5 6 7 8 9 10 11 12 13 14 15 16 17 18 19 20 21 22","4 2 100
40 30 20 10
","-1","4 2 9
5 1 4 4
","1 3","6 3 6
1 2 3 1 2 3
","1 2 3","1 1 4
2","-1","3 3 12
3 0 3","-1","4 2 10
3 9 7 1","1 3","6 1 1
3 5 5 6 1 0","5"
"G-024-4","Subset Product Match","Gold","Backtracking","The product of a subset multiplies all its selected elements; by convention the empty subset has product 1. Elements are non-negative integers.","Decide whether there exists some subset (possibly empty) whose product equals the given target. Output YES if such a subset exists, otherwise NO.","Line 1: two integers n and P (number of items and target product) separated by a space
Line 2: n non-negative integers a1 a2 ... an separated by spaces","1 ≤ n ≤ 22, 0 ≤ ai ≤ 10^9, 0 ≤ P ≤ 10^18. Expect enumeration with pruning when product exceeds P (avoid relying on dynamic programming).","5 18
3 2 9 6 1
","YES","5 18
3 2 9 6 1
","YES","1 18
18
","YES","1 18
5
","NO","3 0
0 2 3
","YES","3 1
2 3 4
","YES","4 3
2 4 8 16
","NO","3 8
2 2 2
","YES","22 1
1 1 1 1 1 1 1 1 1 1 1 1 1 1 1 1 1 1 1 1 1 1
","YES","1 6
0","NO","3 12
0 6 3","NO","4 14
4 5 1 1","NO","6 4
4 0 4 3 4 1","YES"
"G-024-5","Max Sum Not Exceeding Limit","Gold","Backtracking","Among all subsets (including empty) find the highest possible sum that does not exceed a given limit. The empty subset has sum 0.","Output the maximum subset sum that is ≤ the given limit. If every single item is greater than the limit, the empty subset (sum 0) is valid and should be returned.","Line 1: two integers n and L separated by a space
Line 2: n non-negative integers a1 a2 ... an separated by spaces","1 ≤ n ≤ 22, 0 ≤ ai ≤ 10^9, 0 ≤ L ≤ 10^18. Intended solutions enumerate subsets (O(2^n)) or equivalent meet-in-the-middle within these bounds.","5 17
3 34 4 12 5
","17","5 17
3 34 4 12 5
","17","1 5
5
","5","1 5
7
","0","3 0
0 0 1
","0","4 10
11 12 13 14
","0","22 22
1 1 1 1 1 1 1 1 1 1 1 1 1 1 1 1 1 1 1 1 1 1
","22","3 10
5 5 5
","10","3 17
10 9 8
","17","1 18
6","6","3 15
7 5 8","15","4 12
4 6 7 3","11","6 5
7 0 2 8 0 6","2"
"G-025-1","First Smaller Than Last","Gold","Backtracking","A permutation is an ordering that uses every number exactly once. When several orderings are valid, list them in normal dictionary order, comparing the first differing number.","Generate every permutation where the first number is smaller than the last number.","Line 1: N.","N: 1-4
values: the integers 1 through N
output: each valid ordering on its own line; print EMPTY when no ordering is valid","1","EMPTY","1","EMPTY","2","1 2","3","1 2 3
1 3 2
2 1 3","4","1 2 3 4
1 2 4 3
1 3 2 4
1 3 4 2
1 4 2 3
1 4 3 2
2 1 3 4
2 1 4 3
2 3 1 4
2 4 1 3
3 1 2 4
3 2 1 4","2","1 2","3","1 2 3
1 3 2
2 1 3","1","EMPTY","4","1 2 3 4
1 2 4 3
1 3 2 4
1 3 4 2
1 4 2 3
1 4 3 2
2 1 3 4
2 1 4 3
2 3 1 4
2 4 1 3
3 1 2 4
3 2 1 4","1","EMPTY","2","1 2","3","1 2 3
1 3 2
2 1 3","4","1 2 3 4
1 2 4 3
1 3 2 4
1 3 4 2
1 4 2 3
1 4 3 2
2 1 3 4
2 1 4 3
2 3 1 4
2 4 1 3
3 1 2 4
3 2 1 4"
"G-025-2","No Consecutive Neighbors","Gold","Backtracking","A permutation is an ordering that uses every number exactly once. When several orderings are valid, list them in normal dictionary order, comparing the first differing number.","Generate every permutation where two neighboring numbers never differ by exactly 1.","Line 1: N.","N: 1-4
values: the integers 1 through N
output: each valid ordering on its own line; print EMPTY when no ordering is valid","1","1","1","1","2","EMPTY","3","EMPTY","4","2 4 1 3
3 1 4 2","2","EMPTY","3","EMPTY","1","1","4","2 4 1 3
3 1 4 2","1","1","2","EMPTY","3","EMPTY","4","2 4 1 3
3 1 4 2"
"G-025-3","Alternating Parity Order","Gold","Backtracking","A permutation is an ordering that uses every number exactly once. When several orderings are valid, list them in normal dictionary order, comparing the first differing number.","Generate every permutation where neighboring numbers always have different parity.","Line 1: N.","N: 1-4
values: the integers 1 through N
output: each valid ordering on its own line; print EMPTY when no ordering is valid","1","1","1","1","2","1 2
2 1","3","1 2 3
3 2 1","4","1 2 3 4
1 4 3 2
2 1 4 3
2 3 4 1
3 2 1 4
3 4 1 2
4 1 2 3
4 3 2 1","2","1 2
2 1","3","1 2 3
3 2 1","1","1","4","1 2 3 4
1 4 3 2
2 1 4 3
2 3 4 1
3 2 1 4
3 4 1 2
4 1 2 3
4 3 2 1","1","1","2","1 2
2 1","3","1 2 3
3 2 1","4","1 2 3 4
1 4 3 2
2 1 4 3
2 3 4 1
3 2 1 4
3 4 1 2
4 1 2 3
4 3 2 1"
"G-025-4","Rising Opening Pair","Gold","Backtracking","A permutation is an ordering that uses every number exactly once. When several orderings are valid, list them in normal dictionary order, comparing the first differing number.","Generate every permutation whose first number is smaller than its second number. For N = 1, the one-number ordering is valid.","Line 1: N.","N: 1-4
values: the integers 1 through N
output: each valid ordering on its own line; print EMPTY when no ordering is valid","1","1","1","1","2","1 2","3","1 2 3
1 3 2
2 3 1","4","1 2 3 4
1 2 4 3
1 3 2 4
1 3 4 2
1 4 2 3
1 4 3 2
2 3 1 4
2 3 4 1
2 4 1 3
2 4 3 1
3 4 1 2
3 4 2 1","2","1 2","3","1 2 3
1 3 2
2 3 1","1","1","4","1 2 3 4
1 2 4 3
1 3 2 4
1 3 4 2
1 4 2 3
1 4 3 2
2 3 1 4
2 3 4 1
2 4 1 3
2 4 3 1
3 4 1 2
3 4 2 1","1","1","2","1 2","3","1 2 3
1 3 2
2 3 1","4","1 2 3 4
1 2 4 3
1 3 2 4
1 3 4 2
1 4 2 3
1 4 3 2
2 3 1 4
2 3 4 1
2 4 1 3
2 4 3 1
3 4 1 2
3 4 2 1"
"G-025-5","Low Center Arrangement","Gold","Backtracking","A permutation is an ordering that uses every number exactly once. When several orderings are valid, list them in normal dictionary order, comparing the first differing number.","Generate every permutation whose middle number is the smallest number when N is odd. For even N, require the left-middle number to be smaller than the right-middle number.","Line 1: N.","N: 1-4
values: the integers 1 through N
output: each valid ordering on its own line; print EMPTY when no ordering is valid","1","1","1","1","2","1 2","3","2 1 3
3 1 2","4","1 2 3 4
1 2 4 3
1 3 4 2
2 1 3 4
2 1 4 3
2 3 4 1
3 1 2 4
3 1 4 2
3 2 4 1
4 1 2 3
4 1 3 2
4 2 3 1","2","1 2","3","2 1 3
3 1 2","1","1","4","1 2 3 4
1 2 4 3
1 3 4 2
2 1 3 4
2 1 4 3
2 3 4 1
3 1 2 4
3 1 4 2
3 2 4 1
4 1 2 3
4 1 3 2
4 2 3 1","1","1","2","1 2","3","2 1 3
3 1 2","4","1 2 3 4
1 2 4 3
1 3 4 2
2 1 3 4
2 1 4 3
2 3 4 1
3 1 2 4
3 1 4 2
3 2 4 1
4 1 2 3
4 1 3 2
4 2 3 1"
"G-026-1","K-Sum Indices","Gold","Backtracking","You are given a list of numbers and choose a fixed number of distinct positions. A combination is the chosen positions in increasing order (no reordering).","List all combinations of k distinct 1-based indices whose corresponding numbers sum exactly to S. Print each combination as indices separated by single spaces, one combination per line, in lexicographic order (compare first index, then second, etc.). If there are no valid combinations print a single line with NONE.","Line 1: three integers n k S
Line 2: n integers a1 a2 ... an (space-separated)","1 ≤ n ≤ 20, 1 ≤ k ≤ 6, 0 ≤ ai ≤ 20 for all i, 0 ≤ S ≤ 100. k ≤ n is guaranteed.","6 3 9
2 3 1 4 5 2","1 2 4
1 5 6
2 3 5
2 4 6","6 3 9
2 3 1 4 5 2","1 2 4
1 5 6
2 3 5
2 4 6","1 1 5
5","1","5 2 4
2 2 2 2 2","1 2
1 3
1 4
1 5
2 3
2 4
2 5
3 4
3 5
4 5","4 3 100
1 2 3 4","NONE","4 2 0
0 0 0 1","1 2
1 3
2 3","20 1 7
1 2 3 4 5 6 7 8 9 10 11 12 13 14 15 16 17 18 19 20","7","5 5 5
1 1 1 1 1","1 2 3 4 5","7 3 6
1 2 1 2 1 2 1","2 4 6","1 1 2
0","NONE","4 1 11
6 0 2 5","NONE","5 1 2
5 3 2 5 2","3
5","7 7 8
5 3 2 3 1 1 5","NONE"
"G-026-2","Label-Length Picks","Gold","Backtracking","You have a list of short labels (single tokens). Each label has a length equal to its character count. A combination picks k distinct positions; output the labels in the original order of those positions.","Find all combinations of k distinct labels whose total character length equals L. Print each combination as the chosen labels separated by a single space, one combination per line, in lexicographic order of their index sequences. If none exist print NONE.","Line 1: three integers n k L
Line 2: n labels (space-separated tokens, no spaces inside a label)","1 ≤ n ≤ 12, 1 ≤ k ≤ 4, 1 ≤ length of each label ≤ 10, 0 ≤ L ≤ 30. k ≤ n is guaranteed.","5 2 7
apple bee cat hi code","apple hi
bee code
cat code","5 2 7
apple bee cat hi code","apple hi
bee code
cat code","1 1 4
four","four","4 2 2
a a b c","a a
a b
a c
a b
a c
b c","3 2 10
xx yy zz","NONE","6 3 9
aaa bbb ccc d e f","aaa bbb ccc","8 4 12
aaa bbb ccc ddd xxxx y z w","aaa bbb ccc ddd","3 3 6
ab cd ef","ab cd ef","5 2 1
a b c d e","NONE","1 1 4
bb","NONE","4 3 7
bcbb aaa caaa cb","NONE","5 1 5
c bb bc ac bbc","NONE","6 4 5
b abc aabb b b aa","b b b aa"
"G-026-3","Nonadjacent k-Combos","Gold","Backtracking","You choose positions in an array. A selection is valid only if no two chosen positions are adjacent (their indices differ by at least 2). Combinations are listed in increasing index order.","Enumerate all combinations of k distinct 1-based indices with no two indices adjacent. Print each combination as indices separated by single spaces, one per line, in lexicographic order. If none exist print NONE.","Line 1: two integers n k","1 ≤ n ≤ 20, 1 ≤ k ≤ 6. k ≤ n is guaranteed. Output size is bounded by these limits.","6 2","1 3
1 4
1 5
1 6
2 4
2 5
2 6
3 5
3 6
4 6","6 2","1 3
1 4
1 5
1 6
2 4
2 5
2 6
3 5
3 6
4 6","1 1","1","4 3","NONE","5 3","1 3 5","2 2","NONE","3 2","1 3","20 10","1 3 5 7 9 11 13 15 17 19
1 3 5 7 9 11 13 15 17 20
1 3 5 7 9 11 13 15 18 20
1 3 5 7 9 11 13 16 18 20
1 3 5 7 9 11 14 16 18 20
1 3 5 7 9 12 14 16 18 20
1 3 5 7 10 12 14 16 18 20
1 3 5 8 10 12 14 16 18 20
1 3 6 8 10 12 14 16 18 20
1 4 6 8 10 12 14 16 18 20
2 4 6 8 10 12 14 16 18 20","7 4","1 3 5 7","1 3","NONE","4 1","1
2
3
4","6 1","1
2
3
4
5
6","8 1","1
2
3
4
5
6
7
8"
"G-026-4","Distinct Values Combo","Gold","Backtracking","You are given a list of integers; a selection of positions is valid if the values at the selected positions are all different (no equal values among chosen positions). Combinations are ordered by indices.","List all combinations of k distinct 1-based indices whose values are pairwise distinct. Print each combination as indices separated by single spaces, one per line, in lexicographic order. If none exist print NONE.","Line 1: two integers n k
Line 2: n integers a1 a2 ... an (space-separated)","1 ≤ n ≤ 16, 1 ≤ k ≤ 5, -100 ≤ ai ≤ 100. k ≤ n is guaranteed.","5 3
1 2 2 3 4","1 2 4
1 2 5
1 3 4
1 3 5
1 4 5
2 4 5
3 4 5","5 3
1 2 2 3 4","1 2 4
1 2 5
1 3 4
1 3 5
1 4 5
2 4 5
3 4 5","3 3
1 2 3","1 2 3","4 3
1 1 1 1","NONE","4 1
1 2 1 2","1
2
3
4","6 5
1 2 1 2 1 2","NONE","16 5
1 2 3 4 5 1 1 1 1 1 1 1 1 1 1 1","1 2 3 4 5
2 3 4 5 6
2 3 4 5 7
2 3 4 5 8
2 3 4 5 9
2 3 4 5 10
2 3 4 5 11
2 3 4 5 12
2 3 4 5 13
2 3 4 5 14
2 3 4 5 15
2 3 4 5 16","4 4
10 20 30 40","1 2 3 4","6 3
1 2 3 1 2 3","1 2 3
1 2 6
1 3 5
1 5 6
2 3 4
2 4 6
3 4 5
4 5 6","1 1
2","1","4 1
4 3 1 4","1
2
3
4","5 1
4 4 4 2 4","1
2
3
4
5","7 2
2 3 3 1 4 2 3","1 2
1 3
1 4
1 5
1 7
2 4
2 5
2 6
3 4
3 5
3 6
4 5
4 6
4 7
5 6
5 7
6 7"
"G-026-5","Sum Range k-Combos","Gold","Backtracking","You have a list of nonnegative integers. For a chosen set of indices, its sum is the sum of the corresponding values. Combinations are ordered by index sequences.","Enumerate all combinations of k distinct 1-based indices whose corresponding values sum to a number in the inclusive range [A,B]. Print each combination as indices separated by single spaces, one per line, in lexicographic order. If none exist print NONE.","Line 1: four integers n k A B
Line 2: n integers a1 a2 ... an (space-separated)","1 ≤ n ≤ 20, 1 ≤ k ≤ 6, 0 ≤ ai ≤ 20, 0 ≤ A ≤ B ≤ 120. k ≤ n is guaranteed.","6 2 5 7
1 4 3 2 5 1","1 2
1 5
2 3
2 4
2 6
3 4
4 5
5 6","6 2 5 7
1 4 3 2 5 1","1 2
1 5
2 3
2 4
2 6
3 4
4 5
5 6","1 1 5 5
5","1","4 3 100 200
1 2 3 4","NONE","4 2 0 0
0 0 1 2","1 2","5 5 5 5
1 1 1 1 1","1 2 3 4 5","6 3 4 5
1 1 2 2 3 3","1 2 3
1 2 4
1 2 5
1 2 6
1 3 4
2 3 4","8 6 6 6
1 1 1 1 1 1 100 100","1 2 3 4 5 6","7 2 4 4
1 3 2 2 4 0 4","1 2
3 4
5 6
6 7","1 1 3 4
6","NONE","4 1 8 12
4 3 2 2","NONE","5 2 2 3
3 5 3 0 5","1 4
3 4","7 4 3 4
0 2 5 5 0 0 5","NONE"
"G-027-1","Largest Common Tile","Gold","Number Theory","A tile size divides a plank length if the plank can be cut into whole tiles of that size. The largest common tile is the greatest integer that divides every plank length.","Given plank lengths, output the largest integer tile size that divides all lengths.","Line 1: n (number of planks)
Line 2: n positive integers a1 a2 ... an (plank lengths)","1 ≤ n ≤ 300000. 1 ≤ ai ≤ 10^18. All ai are positive integers. The answer fits in 64-bit signed integer.","5
12 18 30 6 24
","6","5
12 18 30 6 24
","6","1
999999937
","999999937","4
7 13 19 29
","1","3
1000000000000000000 500000000000000000 1500000000000000000
","500000000000000000","6
4 4 4 4 4 4
","4","3
1 1 1
","1","5
2 4 8 16 32
","2","4
21 35 14 70
","7","1
25","25","3
47 59 11","1","5
12 6 41 47 49","1","7
1 16 57 40 51 41 6","1"
"G-027-2","Shared Rhythm","Gold","Number Theory","A rhythm consists of beats whose durations are integers. The basic beat length is a positive integer that divides every duration. Cutting each duration into segments of that length produces whole segments.","Find the largest base beat length g that divides every duration, and output g followed by the total number of segments obtained when each duration is cut into pieces of length g. Output the two numbers separated by a space.","Line 1: n (number of durations)
Line 2: n positive integers d1 d2 ... dn (durations)","1 ≤ n ≤ 300000. 1 ≤ di ≤ 10^18. All di are positive integers. Total segments sum fits in 64-bit signed integer.","4
3 6 9 12
","3 10","4
3 6 9 12
","3 10","1
7
","7 1","3
5 5 5
","5 3","4
2 3 5 7
","1 17","2
1000000000000000000 500000000000000000
","500000000000000000 3","3
4 8 12
","4 6","4
1 1 2 4
","1 8","3
6 10 14
","2 15","1
23","23 1","3
30 59 1","1 90","5
24 22 23 37 58","1 164","7
1 14 21 40 32 32 48","1 188"
"G-027-3","Normalize Pairs","Gold","Number Theory","Each pair (p,q) represents two integers. You may divide all numbers by a single common integer to scale them down while keeping ratios identical.","Compute g = gcd(p1,q1,p2,q2,...,pn,qn). Output n lines giving the normalized pairs p_i/g and q_i/g in the same order as input.","Line 1: n (number of pairs)
Next n lines: two positive integers pi qi per line","1 ≤ n ≤ 300000. 1 ≤ pi, qi ≤ 10^18. All values are positive integers. The common gcd g fits in 64-bit signed integer.","3
6 8
10 14
4 2
","3 4
5 7
2 1","3
6 8
10 14
4 2
","3 4
5 7
2 1","1
1000000000000000000 500000000000000000
","2 1","2
7 11
13 17
","7 11
13 17","2
4 4
8 12
","1 1
2 3","2
1 2
3 4
","1 2
3 4","3
6 9
6 9
6 9
","2 3
2 3
2 3","2
1000000000000000000 1000000000000000000
500000000000000000 1500000000000000000
","2 2
1 3","2
5 10
15 25
","1 2
3 5","1
10 33","10 33","2
16 13
1 1","16 13
1 1","3
17 30
18 12
29 8","17 30
18 12
29 8","4
30 40
21 22
36 17
11 24","30 40
21 22
36 17
11 24"
"G-027-4","Common Step Between Positions","Gold","Number Theory","Positions are integer coordinates on a line. The common step is the largest positive integer s such that all positions are congruent modulo s (equivalently, s divides every pairwise difference). If all positions are identical or there is only one position, report 0 to indicate no finite maximal step.","If n=1 or all positions are equal, output 0. Otherwise output the greatest positive integer s that divides every difference (xi - x1) for i=2..n (absolute differences).","Line 1: n (number of positions)
Line 2: n non-negative integers x1 x2 ... xn (positions)","1 ≤ n ≤ 300000. 0 ≤ xi ≤ 10^18. All xi are integers. The result fits in 64-bit signed integer.","4
4 10 16 22
","6","4
4 10 16 22
","6","1
7
","0","3
5 5 5
","0","3
2 7 12
","5","3
100 40 70
","30","2
0 1000000000000000000
","1000000000000000000","3
2 3 5
","1","4
8 20 20 32
","12","1
13","0","3
39 11 37","2","5
51 34 4 25 1","1","7
24 2 14 34 11 36 11","1"
"G-027-5","Prefix GCD Count","Gold","Number Theory","A prefix is the first k elements of an array. The gcd of a prefix is the greatest common divisor of those elements. The global gcd is the gcd of the entire array.","Compute the global gcd g of the whole array, then count how many prefixes (k from 1..n) have gcd equal to g. Output that count.","Line 1: n (number of elements)
Line 2: n positive integers a1 a2 ... an","1 ≤ n ≤ 300000. 1 ≤ ai ≤ 10^18. All ai are positive integers. The count fits in 32-bit signed integer.","4
6 9 3 12
","3","4
6 9 3 12
","3","1
7
","1","4
4 4 4 4
","4","4
2 4 8 16
","4","3
6 10 15
","1","4
3 3 6 9
","4","2
1000000000000000000 500000000000000000
","1","4
5 10 3 15
","2","1
39","1","3
12 16 7","1","5
12 5 11 14 38","4","7
19 10 22 12 13 24 40","6"
"G-028-1","Distinct Prime Count","Gold","Number Theory","A prime factor of a number is a prime that divides it. Treat 1 as having no prime factors.","Given n positive integers, count how many distinct prime numbers divide at least one of the given integers. Output a single integer.","Line 1: n (number of integers)
Line 2: n space-separated integers a1 a2 ... an","1 ≤ n ≤ 10000. 1 ≤ ai ≤ 10^6. Sum of n across tests is small so trial division to sqrt(ai) is feasible.","5
6 10 15 1 7
","4","5
6 10 15 1 7
","4","1
1
","0","1
13
","1","3
4 8 16
","1","6
2 3 5 7 11 13
","6","3
30 49 121
","5","10
1 1 1 1 1 1 1 1 1 1
","0","5
2 4 9 25 49
","4","1
25","1","3
53 23 22","4","5
32 7 59 54 31","5","7
14 3 14 49 14 58 24","4"
"G-028-2","Is Product Squarefree?","Gold","Number Theory","A number is squarefree if no prime number divides it with exponent 2 or more. The product of given numbers is squarefree when every prime has total exponent at most 1 across the product.","Decide whether the product of all given integers is squarefree. Print YES if it is squarefree, otherwise print NO.","Line 1: n
Line 2: n space-separated integers a1 a2 ... an","1 ≤ n ≤ 10000. 1 ≤ ai ≤ 10^6. Use factorization to track exponent sums for primes; remaining prime >1 at end counts.","3
2 3 6
","NO","3
2 3 6
","NO","1
1
","YES","2
2 3
","YES","1
4
","NO","2
2 2
","NO","2
2 4
","NO","3
6 10 15
","NO","3
30 7 11
","YES","1
31","YES","3
7 38 8","NO","5
10 15 21 16 12","NO","7
21 11 5 6 33 11 36","NO"
"G-028-3","Prime With Maximum Total Exponent","Gold","Number Theory","Each integer factors into primes with exponents; the total exponent for a prime is its exponent summed over all integers. If no prime divides any number, treat that as none present.","Find the prime p that has the largest total exponent across all given integers and print p and that total exponent separated by a space. If multiple primes tie, print the smallest such prime. If no primes appear (all inputs are 1), print ""1 0"".","Line 1: n
Line 2: n space-separated integers a1 a2 ... an","1 ≤ n ≤ 10000. 1 ≤ ai ≤ 10^6. Total exponent fits in 32-bit signed integer for these bounds.","4
8 6 3 5
","2 4","4
8 6 3 5
","2 4","1
1
","1 0","3
2 2 3
","2 2","2
2 3
","2 1","3
4 9 25
","2 2","3
6 10 15
","2 2","3
16 32 1
","2 9","3
17 19 23
","17 1","1
12","2 2","3
48 13 9","2 4","5
40 26 23 17 44","2 6","7
9 42 10 47 10 24 12","2 8"
"G-028-4","Count Primes With Odd Total Exponent","Gold","Number Theory","For each prime, add up its exponents across all input numbers. A prime contributes if that sum is odd.","Output the number of distinct primes whose total exponent across all given integers is odd.","Line 1: n
Line 2: n space-separated integers a1 a2 ... an","1 ≤ n ≤ 10000. 1 ≤ ai ≤ 10^6. Use factor counts mod 2 or full sums; remaining prime >1 is counted appropriately.","4
2 3 6 5
","1","4
2 3 6 5
","1","1
1
","0","1
2
","1","1
4
","0","2
2 2
","0","4
2 3 5 7
","4","2
12 18
","2","4
8 9 25 49
","1","1
15","2","3
40 16 50","1","5
17 39 16 42 36","4","7
20 26 56 37 32 38 8","6"
"G-028-5","Shared Prime Count Between Two Lists","Gold","Number Theory","A prime divides a list if it divides at least one element of that list. The shared count is the number of primes that divide both lists.","Given two lists A and B, count how many distinct prime numbers divide at least one element of A and at least one element of B. Print the count.","Line 1: n m (sizes of lists A and B)
Line 2: n space-separated integers for A
Line 3: m space-separated integers for B","1 ≤ n,m ≤ 10000. 1 ≤ all numbers ≤ 10^6. Use factorization per number and set intersection of primes.","2 2
6 10
15 14
","3","2 2
6 10
15 14
","3","1 1
1
1
","0","3 3
2 4 8
3 9 27
","0","1 1
6
6
","2","2 2
2 9
3 25
","1","5 2
2 3 5 7 11
11 13
","1","4 3
1 1 2 3
4 9 25
","2","3 3
4 4 4
8 2 16
","1","1 1
19
23","0","2 2
21 35
24 13","1","3 2
1 15 20
32 1","1","4 3
27 17 31 25
16 21 27","1"
"G-029-1","Feature Union Value","Gold","Bit Manipulation","A feature mask is a non-negative integer whose binary digits represent on/off features. Combining masks with OR keeps any feature that appears in at least one mask.","Read N masks and print the decimal mask containing every feature that appears in at least one input mask.","Line 1: N.
Line 2: N space-separated non-negative feature masks.","N: 1-100000
masks: 0 to 2^30 - 1
all arithmetic uses non-negative integers","1
1","1","1
1","1","3
1 2 4","7","2
3 5","7","3
0 0 0","0","4
8 4 2 1","15","2
7 3","7","3
16 16 1","17","3
9 6 3","15","1
9","9","3
13 8 23","31","5
6 28 3 24 11","31","7
26 3 14 21 11 22 25","31"
"G-029-2","Feature Shared by Everyone","Gold","Bit Manipulation","A feature mask is a non-negative integer whose binary digits represent on/off features. Combining masks with AND keeps only features that appears in at least one mask.","Read N masks and print the decimal mask of features enabled in every input mask.","Line 1: N.
Line 2: N space-separated non-negative feature masks.","N: 1-100000
masks: 0 to 2^30 - 1
all arithmetic uses non-negative integers","1
1","1","1
1","1","3
1 3 5","1","2
7 3","3","2
0 0","0","3
15 7 3","3","2
12 10","8","2
16 24","16","3
9 11 13","9","3
3 21 19","1","5
3 12 27 6 30","0","7
0 12 29 6 4 16 19","0","1
2","2"
"G-029-3","Missing Required Features","Gold","Bit Manipulation","A feature mask is a non-negative integer whose binary digits represent on/off features. Combining masks with OR keeps any feature that appears in at least one mask.","Read N masks and a required mask R. Print the decimal mask of required features that do not appear in any input mask.","Line 1: N R.
Line 2: N space-separated masks.","N: 1-100000
R and masks: 0 to 2^30 - 1","1 1
1","0","1 1
1","0","3 7
1 2 4","0","2 7
1 2","4","2 0
0 0","0","4 31
8 4 2 1","16","2 15
7 3","8","2 17
16 1","0","3 15
9 6 3","0","1 30
23","8","3 30
16 13 6","0","5 2
12 29 31 6 14","0","7 18
8 29 17 21 26 2 12","0"
"G-029-4","Union Feature Count","Gold","Bit Manipulation","A feature mask is a non-negative integer whose binary digits represent on/off features. Combining masks with OR keeps any feature that appears in at least one mask.","Read N masks and print how many different feature bits are enabled in their combined union.","Line 1: N.
Line 2: N space-separated non-negative feature masks.","N: 1-100000
masks: 0 to 2^30 - 1
all arithmetic uses non-negative integers","1
1","1","1
1","1","3
1 2 4","3","2
3 5","3","3
0 0 0","0","4
8 4 2 1","4","2
7 3","3","3
16 16 1","2","3
9 6 3","4","1
28","3","3
1 25 3","4","5
27 25 11 8 13","5","7
21 7 10 26 23 27 11","5"
"G-029-5","Required Coverage Check","Gold","Bit Manipulation","A feature mask is a non-negative integer whose binary digits represent on/off features. Combining masks with OR keeps any feature that appears in at least one mask.","Read N masks and required mask R. Print YES when the combined masks contain every required feature; otherwise print NO.","Line 1: N R.
Line 2: N space-separated masks.","N: 1-100000
R and masks: 0 to 2^30 - 1","1 1
1","YES","1 1
1","YES","3 7
1 2 4","YES","2 7
1 2","NO","2 0
0 0","YES","4 31
8 4 2 1","NO","2 15
7 3","NO","2 17
16 1","YES","3 15
9 6 3","YES","1 2
25","NO","3 5
3 10 12","YES","5 26
26 31 13 22 8","YES","7 5
16 10 15 7 3 6 13","YES"
"G-030-1","Unpaired Badge","Gold","Bit Manipulation","Every paired ID appears twice and cancels with its matching copy under XOR. Exactly one ID has no partner.","Print the unique value whose frequency is odd.","Line 1: N.
Line 2: N space-separated non-negative integers.","N: 1-200000
values: 0 to 2^30 - 1
exactly one value has odd frequency; every other value has even frequency","1
7","7","1
7","7","3
2 2 5","5","5
9 1 9 3 3","1","5
4 4 12 8 8","12","3
0 6 0","6","3
15 15 15","15","7
10 3 10 5 5 3 21","21","5
42 1 1 42 9","9","1
54","54","3
54 6 6","54","5
6 24 6 24 40","40","7
50 20 13 20 1 13 1","50"
"G-030-2","Odd Signal ID","Gold","Bit Manipulation","A signal appears an even number of times except for one unusual signal. XOR cancellation leaves the unusual signal.","Print the unique value whose frequency is odd.","Line 1: N.
Line 2: N space-separated non-negative integers.","N: 1-200000
values: 0 to 2^30 - 1
exactly one value has odd frequency; every other value has even frequency","1
7","7","1
7","7","3
2 2 5","5","5
9 1 9 3 3","1","5
4 4 12 8 8","12","3
0 6 0","6","3
15 15 15","15","7
10 3 10 5 5 3 21","21","5
42 1 1 42 9","9","1
56","56","3
21 31 21","31","5
33 11 0 11 0","33","7
57 15 20 20 24 24 15","57"
"G-030-3","Lone Ticket Number","Gold","Bit Manipulation","Tickets are normally issued in matching pairs. One number appears an odd number of times and is the one to report.","Print the unique value whose frequency is odd.","Line 1: N.
Line 2: N space-separated non-negative integers.","N: 1-200000
values: 0 to 2^30 - 1
exactly one value has odd frequency; every other value has even frequency","1
7","7","1
7","7","3
2 2 5","5","5
9 1 9 3 3","1","5
4 4 12 8 8","12","3
0 6 0","6","3
15 15 15","15","7
10 3 10 5 5 3 21","21","5
42 1 1 42 9","9","1
39","39","3
27 41 27","41","5
28 28 2 36 2","36","7
26 26 9 23 9 23 40","40"
"G-030-4","Single Sensor Reading","Gold","Bit Manipulation","Sensor codes may repeat in pairs. The code with odd frequency is the only unpaired reading.","Print the unique value whose frequency is odd.","Line 1: N.
Line 2: N space-separated non-negative integers.","N: 1-200000
values: 0 to 2^30 - 1
exactly one value has odd frequency; every other value has even frequency","1
7","7","1
7","7","3
2 2 5","5","5
9 1 9 3 3","1","5
4 4 12 8 8","12","3
0 6 0","6","3
15 15 15","15","7
10 3 10 5 5 3 21","21","5
42 1 1 42 9","9","1
35","35","3
18 18 39","39","5
2 47 18 18 2","47","7
6 30 16 16 46 6 30","46"
"G-030-5","Unmatched Toggle Code","Gold","Bit Manipulation","Applying the same toggle code twice cancels its effect. One code remains after all pairs cancel.","Print the unique value whose frequency is odd.","Line 1: N.
Line 2: N space-separated non-negative integers.","N: 1-200000
values: 0 to 2^30 - 1
exactly one value has odd frequency; every other value has even frequency","1
7","7","1
7","7","3
2 2 5","5","5
9 1 9 3 3","1","5
4 4 12 8 8","12","3
0 6 0","6","3
15 15 15","15","7
10 3 10 5 5 3 21","21","5
42 1 1 42 9","9","1
43","43","3
60 14 14","60","5
17 18 17 18 52","52","7
1 5 0 0 1 5 56","56"
"G-031-1","Rotate Array Right","Gold","Arrays","A right rotation by k moves each element k positions toward the end, wrapping around to the front. Positions are 1-based for explanation but use zero-based modulo arithmetic.","Given an array and a nonnegative integer k, output the array after performing a right rotation by k. If k >= n, use k mod n.","Line 1: two integers n and k separated by a space. Line 2: n integers separated by single spaces.","1 <= n <= 200000; 0 <= k <= 10^9; each array element is an integer between -10^9 and 10^9.","5 2
1 2 3 4 5
","4 5 1 2 3","5 2
1 2 3 4 5
","4 5 1 2 3","1 0
42
","42","4 4
7 8 9 10
","7 8 9 10","3 10
1 1 2
","2 1 1","6 3
0 -1 -2 3 3 3
","3 3 3 0 -1 -2","7 14
5 4 3 2 1 0 -1
","5 4 3 2 1 0 -1","5 7
9 9 9 9 9
","9 9 9 9 9","2 1
1000000000 -1000000000
","-1000000000 1000000000","1 9
-4","-4","3 0
6 -4 -6","6 -4 -6","5 5
-7 0 -9 3 -8","-7 0 -9 3 -8","7 6
0 1 1 1 -5 -6 9","1 1 1 -5 -6 9 0"
"G-031-2","Left-Rotate Words","Gold","Strings","A sentence is a sequence of words separated by single spaces. A left rotation by k moves the first k words to the end in order.","Given k and a sentence, output the sentence after a left rotation by k words. If k >= number of words, use k mod n.","Line 1: a nonnegative integer k. Line 2: a sentence as words separated by single spaces (no leading or trailing spaces).","The sentence contains n words with 1 <= n <= 200000. 0 <= k <= 10^9. Each word is non-empty and contains no spaces.","2
the quick brown fox jumps
","brown fox jumps the quick","2
the quick brown fox jumps
","brown fox jumps the quick","0
hello
","hello","7
a b c
","b c a","3
one one one one
","one one one one","1
hi, world!
","world! hi,","3
alpha beta gamma
","alpha beta gamma","100
single
","single","5
first-second third
","third first-second","7
bac","bac","6
bac c","bac c","6
c bcaa bbcc ba","bbcc ba c bcaa","8
bab b bcca c bba bb","bcca c bba bb bab b"
"G-031-3","Clockwise Seat Shift","Gold","Arrays","People sit around numbered chairs in clockwise order. The list gives people starting from chair 1 and proceeding clockwise. A clockwise shift by k moves each person k chairs clockwise.","Given the list of names and integer k, output the new clockwise order starting at chair 1 after shifting everyone k seats clockwise. If k >= n, use k mod n.","Line 1: two integers n and k separated by a space. Line 2: n names separated by single spaces.","1 <= n <= 200000; 0 <= k <= 10^9. Each name is non-empty and contains no spaces.","4 1
Alice Bob Charlie Dana
","Dana Alice Bob Charlie","4 1
Alice Bob Charlie Dana
","Dana Alice Bob Charlie","1 100
Solo
","Solo","3 0
A B C
","A B C","5 7
p q r s t
","s t p q r","4 2
Sam Sam Lee Lee
","Lee Lee Sam Sam","2 1
X Y
","Y X","3 3
u1 u2 u3
","u1 u2 u3","6 14
n1 n2 n3 n4 n5 n6
","n5 n6 n1 n2 n3 n4","1 1
b","b","2 3
aac b","b aac","4 11
b c baba b","c baba b b","6 2
b ac ab acc bc b","bc b b ac ab acc"
"G-031-4","Rotate Digits Left","Gold","Strings","A nonnegative integer can be viewed as a sequence of decimal digits (no leading zeros except for the number zero). A left rotation by k moves the first k digits to the end; resulting leading zeros, if any, must be kept.","Given k and a nonnegative integer as digits, output the digits after a left rotation by k. If k >= number of digits, use k mod n.","Line 1: a nonnegative integer k. Line 2: a nonnegative integer written without leading zeros unless it is zero.","The integer has n digits with 1 <= n <= 200000. 0 <= k <= 10^9. Input number fits in the given string format.","2
123456
","345612","2
123456
","345612","0
7
","7","0
1000
","1000","6
1203
","0312","10
0
","0","3
11111
","11111","1
9
","9","6
987654
","987654","12
2","2","6
32","32","5
9156","1569","8
981863","186398"
"G-031-5","Right-Rotate Bitstring","Gold","Bit Manipulation","A bitstring is a sequence of characters '0' and '1'. A right rotation by k moves the last k bits to the front, preserving order.","Given k and a bitstring, output the bitstring after a right rotation by k. If k >= length, use k mod n.","Line 1: a nonnegative integer k. Line 2: a bitstring consisting only of characters '0' and '1'.","The bitstring length n satisfies 1 <= n <= 200000. 0 <= k <= 10^9.","3
1011001
","0011011","3
1011001
","0011011","0
0
","0","123
1
","1","6
0101
","0101","2
00010
","10000","4
1111
","1111","1
01
","10","8
11001010
","11001010","5
1","1","1
11","11","11
1110","1101","4
1110001","0001111"
"G-032-1","Product Without Each Position","Gold","Arrays","For each position, imagine multiplying every value except the one at that position. The output has one result for every original position.","Print the product of all values except itself for every position, in order.","Line 1: N.
Line 2: N space-separated integers.","N: 1-200000
values: -20 to 20
all requested outputs fit signed 64-bit integers","1
5","1","1
5","1","2
1 2","2 1","4
1 2 3 4","24 12 8 6","3
2 0 4","0 8 0","3
-1 2 -3","-6 3 -2","3
0 0 5","0 0 0","3
3 3 3","9 9 9","4
-2 -2 1 4","-8 -8 16 4","1
0","1","2
-5 4","4 -5","3
2 -5 1","-5 2 -10","4
1 3 5 4","60 20 12 15"
"G-032-2","Backup Product Array","Gold","Arrays","For each position, imagine multiplying every value except the one at that position. The output has one result for every original position.","For every device, print the product of all other device factors. Zeros are ordinary input values.","Line 1: N.
Line 2: N space-separated integers.","N: 1-200000
values: -20 to 20
all requested outputs fit signed 64-bit integers","1
1","1","1
1","1","2
2 3","3 2","3
0 4 5","20 0 0","3
0 0 7","0 0 0","3
-2 5 0","0 0 -10","3
6 -1 -1","1 -6 -6","4
2 2 2 2","8 8 8 8","4
0 -3 2 1","-6 0 0 0","1
-3","1","2
-3 1","1 -3","3
-2 5 -2","-10 4 -10","4
3 0 4 -2","0 -24 0 0"
"G-032-3","Modular Product Without Self","Gold","Arrays","For each position, imagine multiplying every value except the one at that position. The output has one result for every original position.","Print the product of all values except itself at each position, reduced modulo M.","Line 1: N M.
Line 2: N space-separated non-negative integers.","N: 1-200000
M: 2-1000000007
values: 0 to M-1","1 7
5","1","1 7
5","1","3 7
1 2 3","6 3 2","3 11
2 0 4","0 8 0","3 13
12 12 2","11 11 1","4 5
3 4 2 1","3 1 2 4","3 17
16 3 5","15 12 14","4 9
2 2 2 2","8 8 8 8","3 100
10 0 5","0 50 0","1 11
1","1","2 11
10 2","2 10","3 11
2 9 6","10 1 7","4 13
11 4 4 9","1 6 6 7"
"G-032-4","All Other Switches On","Gold","Arrays","A binary switch is 1 when it is on and 0 when it is off. The product of binary values is 1 only when every multiplied value is 1.","For each switch, print 1 if every other switch is on; otherwise print 0.","Line 1: N.
Line 2: N space-separated integers.","N: 1-200000
values: each value is 0 or 1","1
1","1","1
1","1","2
1 1","1 1","3
1 0 1","0 1 0","3
0 0 1","0 0 0","4
1 1 1 1","1 1 1 1","4
0 1 0 1","0 0 0 0","2
1 0","0 1","3
0 0 0","0 0 0","1
0","1","2
0 1","1 0","3
0 1 0","0 0 0","5
1 1 0 0 0","0 0 0 0 0"
"G-032-5","Signed Team Product","Gold","Arrays","For each position, imagine multiplying every value except the one at that position. The output has one result for every original position.","For each player, print the product of every other signed score.","Line 1: N.
Line 2: N space-separated integers.","N: 1-200000
values: -20 to 20
all requested outputs fit signed 64-bit integers","1
-1","1","1
-1","1","2
-1 -1","-1 -1","3
-1 1 -1","-1 1 -1","3
2 -3 4","-12 8 -6","3
-2 -2 -2","4 4 4","3
1 -1 0","0 0 -1","4
5 -5 5 -5","125 -125 125 -125","3
0 -1 -1","1 0 0","1
1","1","2
2 2","2 2","3
-5 -3 -4","12 20 15","4
-4 5 3 -2","-30 24 40 -60"
"G-033-1","Best Circular Block Sum","Gold","Sliding Window","A circular list wraps around: after the last value, the next value is the first one. A block of K values may cross that wrap point once.","Print the largest sum of exactly K consecutive values, allowing the block to wrap once.","Line 1: N K.
Line 2: N space-separated integers in circular order.","N: 1-200000
1 <= K <= N
values: -10^9 to 10^9
use 64-bit sums","1 1
5","5","1 1
5","5","3 2
1 2 3","5","4 3
5 -2 4 1","10","3 2
-1 -2 -3","-3","4 3
3 3 3 3","9","5 4
8 -5 2 7 -1","16","4 4
1 9 -4 2","8","4 2
10 -1 -1 10","20","3 2
8 7 -8","15","4 3
-9 -8 4 4","0","6 1
-8 -3 7 1 -9 -9","7","1 1
-5","-5"
"G-033-2","Lowest Circular Block Sum","Gold","Sliding Window","A circular list wraps around: after the last value, the next value is the first one. A block of K values may cross that wrap point once.","Print the smallest sum of exactly K consecutive values, allowing the block to wrap once.","Line 1: N K.
Line 2: N space-separated integers in circular order.","N: 1-200000
1 <= K <= N
values: -10^9 to 10^9
use 64-bit sums","1 1
5","5","1 1
5","5","3 2
1 2 3","3","4 3
5 -2 4 1","3","3 2
-1 -2 -3","-5","4 3
3 3 3 3","9","5 4
8 -5 2 7 -1","3","4 4
1 9 -4 2","8","4 2
10 -1 -1 10","-2","1 1
-6","-6","3 1
0 -3 1","-3","4 1
6 -5 -3 8","-5","6 5
-3 0 9 -8 5 -1","-7"
"G-033-3","First Best Circular Start","Gold","Sliding Window","A circular list wraps around: after the last value, the next value is the first one. A block of K values may cross that wrap point once.","Print the 1-indexed start position of a maximum-sum circular block of exactly K values. If tied, print the smallest start position.","Line 1: N K.
Line 2: N space-separated integers in circular order.","N: 1-200000
1 <= K <= N
values: -10^9 to 10^9
use 64-bit sums","1 1
5","1","1 1
5","1","3 2
1 2 3","2","4 3
5 -2 4 1","3","3 2
-1 -2 -3","1","4 3
3 3 3 3","1","5 4
8 -5 2 7 -1","3","4 4
1 9 -4 2","1","4 2
10 -1 -1 10","4","1 1
9","1","3 1
2 7 -3","2","4 2
7 6 4 8","4","6 6
6 6 -6 -1 -4 6","1"
"G-033-4","Circular Blocks Meeting Target","Gold","Sliding Window","A circular list wraps around: after the last value, the next value is the first one. A block of K values may cross that wrap point once.","Count circular blocks of exactly K values whose sum is at least T.","Line 1: N K T.
Line 2: N space-separated integers in circular order.","N: 1-200000
1 <= K <= N
values and T: -10^9 to 10^9
use 64-bit sums","1 1 5
5","1","1 1 5
5","1","3 2 4
1 2 3","2","4 3 6
5 -2 4 1","2","3 2 -3
-1 -2 -3","1","4 3 9
3 3 3 3","4","5 4 10
8 -5 2 7 -1","2","4 4 8
1 9 -4 2","4","4 2 9
10 -1 -1 10","3","1 1 -7
-7","1","3 3 12
1 8 -7","0","4 3 -5
-1 -8 0 -2","1","6 5 3
-4 -9 -6 5 -6 -4","0"
"G-033-5","Best Circular Loss Reversal","Gold","Sliding Window","A circular score list wraps from its end back to its beginning. Reversing a loss means changing every score x into -x.","After reversing every score, print the largest sum of exactly K consecutive circular values.","Line 1: N K.
Line 2: N space-separated integers in circular order.","N: 1-200000
1 <= K <= N
values: -10^9 to 10^9
use 64-bit sums","1 1
5","-5","1 1
5","-5","3 2
1 2 3","-3","4 3
5 -2 4 1","-3","3 2
-1 -2 -3","5","4 3
3 3 3 3","-9","5 4
8 -5 2 7 -1","-3","4 4
1 9 -4 2","-8","4 2
10 -1 -1 10","2","1 1
8","-8","3 1
0 7 6","0","4 1
6 8 0 -7","7","6 4
1 -1 3 7 -2 -4","6"
"G-034-1","Best Fixed Window Sum","Gold","Sliding Window","A fixed-length window is a consecutive block containing exactly K neighboring values. It slides one position at a time and never wraps around.","Print the largest sum of any non-wrapping block of exactly K values.","Line 1: N K.
Line 2: N space-separated integers.","N: 1-300000
1 <= K <= N
values: -10^9 to 10^9
use 64-bit sums","1 1
5","5","1 1
5","5","3 2
1 2 3","5","4 3
5 -2 4 1","7","3 2
-1 -2 -3","-3","4 3
3 3 3 3","9","5 4
8 -5 2 7 -1","12","4 4
1 9 -4 2","8","4 2
10 -1 -1 10","9","3 1
-6 -5 9","9","4 2
4 7 7 4","14","6 6
7 0 3 -5 0 3","8","1 1
-4","-4"
"G-034-2","Lowest Fixed Window Sum","Gold","Sliding Window","A fixed-length window is a consecutive block containing exactly K neighboring values. It slides one position at a time and never wraps around.","Print the smallest sum of any non-wrapping block of exactly K values.","Line 1: N K.
Line 2: N space-separated integers.","N: 1-300000
1 <= K <= N
values: -10^9 to 10^9
use 64-bit sums","1 1
5","5","1 1
5","5","3 2
1 2 3","3","4 3
5 -2 4 1","3","3 2
-1 -2 -3","-5","4 3
3 3 3 3","9","5 4
8 -5 2 7 -1","3","4 4
1 9 -4 2","8","4 2
10 -1 -1 10","-2","1 1
0","0","3 1
-8 -5 2","-8","4 2
6 2 8 -6","0","6 6
-8 2 -8 -4 -1 2","-17"
"G-034-3","First Best Fixed Start","Gold","Sliding Window","A fixed-length window is a consecutive block containing exactly K neighboring values. It slides one position at a time and never wraps around.","Print the 1-indexed start position of a maximum-sum block of exactly K values. Break ties by the smallest position.","Line 1: N K.
Line 2: N space-separated integers.","N: 1-300000
1 <= K <= N
values: -10^9 to 10^9
use 64-bit sums","1 1
5","1","1 1
5","1","3 2
1 2 3","2","4 3
5 -2 4 1","1","3 2
-1 -2 -3","1","4 3
3 3 3 3","1","5 4
8 -5 2 7 -1","1","4 4
1 9 -4 2","1","4 2
10 -1 -1 10","1","1 1
4","1","3 1
-5 0 -9","2","4 3
5 3 8 -6","1","6 6
5 -1 0 0 3 -9","1"
"G-034-4","Fixed Windows Meeting Target","Gold","Sliding Window","A fixed-length window is a consecutive block containing exactly K neighboring values. It slides one position at a time and never wraps around.","Count non-wrapping blocks of exactly K values whose sum is at least T.","Line 1: N K T.
Line 2: N space-separated integers.","N: 1-300000
1 <= K <= N
values and T: -10^9 to 10^9
use 64-bit sums","1 1 5
5","1","1 1 5
5","1","3 2 4
1 2 3","1","4 3 6
5 -2 4 1","1","3 2 -3
-1 -2 -3","1","4 3 9
3 3 3 3","2","5 4 10
8 -5 2 7 -1","1","4 4 8
1 9 -4 2","1","4 2 9
10 -1 -1 10","2","1 1 -1
-5","0","3 2 8
-2 -2 -7","0","4 1 1
3 -3 7 -7","2","6 4 -1
-2 0 5 -5 9 3","2"
"G-034-5","Best Fixed Window Absolute Sum","Gold","Sliding Window","A fixed-length window is a consecutive block containing exactly K neighboring values. It slides one position at a time and never wraps around.","Print the largest absolute value of the sum of a non-wrapping block of exactly K values.","Line 1: N K.
Line 2: N space-separated integers.","N: 1-300000
1 <= K <= N
values: -10^9 to 10^9
use 64-bit sums","1 1
5","5","1 1
5","5","3 2
1 2 3","5","4 3
5 -2 4 1","7","3 2
-1 -2 -3","5","4 3
3 3 3 3","9","5 4
8 -5 2 7 -1","12","4 4
1 9 -4 2","8","4 2
10 -1 -1 10","9","1 1
9","9","3 3
5 6 -5","6","4 2
5 -3 7 -9","4","6 3
-1 5 -7 -5 0 6","12"
"G-035-1","Pairs Below Target Sum","Gold","Two Pointers","An unordered pair uses two different positions, and the order of the two positions does not create a second pair. Equal values at different positions are still different usable items.","Count unordered pairs whose sum is strictly less than T.","Line 1: N T.
Line 2: N space-separated integers.","N: 2-200000
values and T: -10^9 to 10^9
count may require 64-bit integers","2 4
1 2","1","2 4
1 2","1","3 5
1 2 3","2","4 5
5 -2 4 1","3","3 -3
-1 -2 -3","2","4 7
3 3 3 3","6","5 4
8 -5 2 7 -1","5","4 5
1 9 -4 2","3","4 10
10 -1 -1 10","5","2 2
9 8","0","3 -2
7 2 2","0","4 -3
2 -5 -1 -5","3","6 -2
-9 -9 1 7 8 5","5"
"G-035-2","Pairs At Most Target Sum","Gold","Two Pointers","An unordered pair uses two different positions, and the order of the two positions does not create a second pair. Equal values at different positions are still different usable items.","Count unordered pairs whose sum is at most T.","Line 1: N T.
Line 2: N space-separated integers.","N: 2-200000
values and T: -10^9 to 10^9
count may require 64-bit integers","2 4
1 2","1","2 4
1 2","1","3 5
1 2 3","3","4 5
5 -2 4 1","4","3 -3
-1 -2 -3","3","4 7
3 3 3 3","6","5 4
8 -5 2 7 -1","5","4 5
1 9 -4 2","4","4 10
10 -1 -1 10","5","2 -4
3 -1","0","3 -2
-5 -5 -6","3","4 0
-7 9 -9 -6","4","6 3
-4 2 7 -6 5 3","9"
"G-035-3","Pairs Above Target Sum","Gold","Two Pointers","An unordered pair uses two different positions, and the order of the two positions does not create a second pair. Equal values at different positions are still different usable items.","Count unordered pairs whose sum is strictly greater than T.","Line 1: N T.
Line 2: N space-separated integers.","N: 2-200000
values and T: -10^9 to 10^9
count may require 64-bit integers","2 4
1 2","0","2 4
1 2","0","3 5
1 2 3","0","4 5
5 -2 4 1","2","3 -3
-1 -2 -3","0","4 7
3 3 3 3","0","5 4
8 -5 2 7 -1","5","4 5
1 9 -4 2","2","4 10
10 -1 -1 10","1","2 3
8 -4","1","3 -3
-3 6 -3","2","4 -6
2 4 -3 2","6","6 4
-4 -2 9 9 2 -5","7"
"G-035-4","Pairs Within Difference","Gold","Two Pointers","The absolute difference between two numbers is their non-negative distance on the number line. Equal numbers have difference zero.","Read N values and D, then count unordered pairs whose absolute difference is at most D.","Line 1: N D.
Line 2: N space-separated integers.","N: 2-200000
values: -10^9 to 10^9
D: 0 to 10^9
count may require 64-bit integers","2 4
1 2","1","2 4
1 2","1","3 5
1 2 3","3","4 5
5 -2 4 1","4","3 -3
-1 -2 -3","0","4 7
3 3 3 3","6","5 4
8 -5 2 7 -1","3","4 5
1 9 -4 2","2","4 10
10 -1 -1 10","2","2 -5
-4 -4","0","3 -4
-5 -9 9","0","4 -2
9 2 -3 7","0","6 6
5 0 0 4 8 -6","10"
"G-035-5","Pairs Exactly at Target Sum","Gold","Two Pointers","An unordered pair uses two different positions, and the order of the two positions does not create a second pair. Equal values at different positions are still different usable items.","Count unordered pairs whose sum is exactly T. Equal values at two different positions may form a pair.","Line 1: N T.
Line 2: N space-separated integers.","N: 2-200000
values and T: -10^9 to 10^9
count may require 64-bit integers","2 4
1 2","0","2 4
1 2","0","3 5
1 2 3","1","4 5
5 -2 4 1","1","3 -3
-1 -2 -3","1","4 7
3 3 3 3","0","5 4
8 -5 2 7 -1","0","4 5
1 9 -4 2","1","4 10
10 -1 -1 10","0","2 -6
2 -1","0","3 0
5 -3 7","0","4 4
7 9 -1 -4","0","6 -2
0 -8 7 5 5 -4","0"
"G-036-1","Duplicate Entry Code","Gold","Arrays","A list contains N numbers but each valid number lies from 1 to N-1, so one number must occur more than once. Exactly one value is duplicated, although it may appear many times.","Print the repeated value.","Line 1: N.
Line 2: N space-separated integers.","N: 2-300000
values: 1 to N-1
exactly one distinct value is repeated; all others appear once","2
1 1","1","2
1 1","1","5
1 3 4 2 2","2","5
3 1 3 4 2","3","5
2 2 2 2 2","2","5
1 4 4 2 3","4","6
5 1 2 3 4 5","5","7
6 1 2 3 4 6 5","6","6
1 2 3 4 5 3","3","4
1 3 1 2","1","5
1 3 4 2 3","3","7
2 5 1 6 3 4 5","5","4
2 1 1 3","1"
"G-036-2","Repeated Locker Key","Gold","Arrays","Locker keys are numbered 1 through N-1. N recorded keys contain one repeated key and all other keys once.","Print the repeated value.","Line 1: N.
Line 2: N space-separated integers.","N: 2-300000
values: 1 to N-1
exactly one distinct value is repeated; all others appear once","2
1 1","1","2
1 1","1","5
1 3 4 2 2","2","5
3 1 3 4 2","3","5
2 2 2 2 2","2","5
1 4 4 2 3","4","6
5 1 2 3 4 5","5","7
6 1 2 3 4 6 5","6","6
1 2 3 4 5 3","3","4
2 3 1 2","2","5
2 3 2 4 1","2","7
2 6 4 1 3 5 6","6","4
2 3 2 1","2"
"G-036-3","Duplicate Sensor Channel","Gold","Arrays","Sensor channels use IDs from 1 through N-1. N readings contain exactly one repeated channel ID.","Print the repeated value.","Line 1: N.
Line 2: N space-separated integers.","N: 2-300000
values: 1 to N-1
exactly one distinct value is repeated; all others appear once","2
1 1","1","2
1 1","1","5
1 3 4 2 2","2","5
3 1 3 4 2","3","5
2 2 2 2 2","2","5
1 4 4 2 3","4","6
5 1 2 3 4 5","5","7
6 1 2 3 4 6 5","6","6
1 2 3 4 5 3","3","4
3 2 3 1","3","5
2 3 4 1 3","3","7
1 5 2 6 3 3 4","3","4
2 2 3 1","2"
"G-036-4","Repeated Route Marker","Gold","Arrays","A route marker list has N entries drawn from 1 through N-1. Exactly one marker number is repeated.","Print the repeated value.","Line 1: N.
Line 2: N space-separated integers.","N: 2-300000
values: 1 to N-1
exactly one distinct value is repeated; all others appear once","2
1 1","1","2
1 1","1","5
1 3 4 2 2","2","5
3 1 3 4 2","3","5
2 2 2 2 2","2","5
1 4 4 2 3","4","6
5 1 2 3 4 5","5","7
6 1 2 3 4 6 5","6","6
1 2 3 4 5 3","3","4
1 3 1 2","1","5
2 4 2 3 1","2","7
1 6 2 5 1 3 4","1","4
2 2 1 3","2"
"G-036-5","Copied Record Number","Gold","Arrays","Record numbers range from 1 through N-1. N entered numbers contain exactly one duplicate number.","Print the repeated value.","Line 1: N.
Line 2: N space-separated integers.","N: 2-300000
values: 1 to N-1
exactly one distinct value is repeated; all others appear once","2
1 1","1","2
1 1","1","5
1 3 4 2 2","2","5
3 1 3 4 2","3","5
2 2 2 2 2","2","5
1 4 4 2 3","4","6
5 1 2 3 4 5","5","7
6 1 2 3 4 6 5","6","6
1 2 3 4 5 3","3","4
3 1 2 1","1","5
4 1 2 1 3","1","7
4 5 1 5 2 3 6","5","4
2 3 1 3","3"
"G-037-1","Asteroid Survivors","Gold","Stacks","A positive asteroid moves right and a negative asteroid moves left. When a right-moving asteroid meets a left-moving one, the smaller absolute size disappears; equal sizes both disappear.","After all possible collisions, print the surviving signed values in left-to-right order. Print EMPTY when no value survives.","Line 1: N.
Line 2: N signed integers.","N: 1-300000
absolute value: 1 to 10^9
positive moves right; negative moves left
print survivors in original left-to-right order, or EMPTY when none remain","1
5","5","1
5","5","1
-5","-5","2
5 -5","EMPTY","3
5 10 -5","5 10","4
-2 -1 1 2","-2 -1 1 2","2
8 -8","EMPTY","3
10 2 -5","10","4
-3 4 -2 -4","-3","1
-8","-8","2
5 -4","5","4
-5 -4 -7 -7","-5 -4 -7 -7","6
3 -3 9 -2 8 3","9 8 3"
"G-037-2","Robot Lane Collisions","Gold","Stacks","A positive robot moves right and a negative robot moves left. Opposing robots collide; the robot with smaller absolute power is removed, and equal powers remove both.","After all possible collisions, print the surviving signed values in left-to-right order. Print EMPTY when no value survives.","Line 1: N.
Line 2: N signed integers.","N: 1-300000
absolute value: 1 to 10^9
positive moves right; negative moves left
print survivors in original left-to-right order, or EMPTY when none remain","1
5","5","1
5","5","1
-5","-5","2
5 -5","EMPTY","3
5 10 -5","5 10","4
-2 -1 1 2","-2 -1 1 2","2
8 -8","EMPTY","3
10 2 -5","10","4
-3 4 -2 -4","-3","2
-9 2","-9 2","4
-8 -2 -9 1","-8 -2 -9 1","6
7 -1 -2 9 -6 -1","7 9","1
-6","-6"
"G-037-3","Signal Packet Cancellation","Gold","Stacks","Positive packets travel forward and negative packets travel backward. Opposite packets cancel by absolute strength when they meet.","After all possible collisions, print the surviving signed values in left-to-right order. Print EMPTY when no value survives.","Line 1: N.
Line 2: N signed integers.","N: 1-300000
absolute value: 1 to 10^9
positive moves right; negative moves left
print survivors in original left-to-right order, or EMPTY when none remain","1
5","5","1
5","5","1
-5","-5","2
5 -5","EMPTY","3
5 10 -5","5 10","4
-2 -1 1 2","-2 -1 1 2","2
8 -8","EMPTY","3
10 2 -5","10","4
-3 4 -2 -4","-3","1
-7","-7","2
2 -5","-5","4
-4 -2 5 -6","-4 -2 -6","6
5 -7 -6 -1 -5 -9","-7 -6 -1 -5 -9"
"G-037-4","Magnet Train Impacts","Gold","Stacks","A positive train moves east and a negative train moves west. Only trains moving toward each other collide, and weaker trains are removed.","After all possible collisions, print the surviving signed values in left-to-right order. Print EMPTY when no value survives.","Line 1: N.
Line 2: N signed integers.","N: 1-300000
absolute value: 1 to 10^9
positive moves right; negative moves left
print survivors in original left-to-right order, or EMPTY when none remain","1
5","5","1
5","5","1
-5","-5","2
5 -5","EMPTY","3
5 10 -5","5 10","4
-2 -1 1 2","-2 -1 1 2","2
8 -8","EMPTY","3
10 2 -5","10","4
-3 4 -2 -4","-3","1
-2","-2","2
8 1","8 1","4
4 -2 -6 4","-6 4","6
7 3 -2 5 -9 4","-9 4"
"G-037-5","Opposing Drone Survivors","Gold","Stacks","Positive drones fly right and negative drones fly left. A head-on meeting removes the lower-power drone; equal powers remove both.","After all possible collisions, print the surviving signed values in left-to-right order. Print EMPTY when no value survives.","Line 1: N.
Line 2: N signed integers.","N: 1-300000
absolute value: 1 to 10^9
positive moves right; negative moves left
print survivors in original left-to-right order, or EMPTY when none remain","1
5","5","1
5","5","1
-5","-5","2
5 -5","EMPTY","3
5 10 -5","5 10","4
-2 -1 1 2","-2 -1 1 2","2
8 -8","EMPTY","3
10 2 -5","10","4
-3 4 -2 -4","-3","1
-7","-7","2
-5 1","-5 1","4
9 6 2 7","9 6 2 7","6
-5 9 -7 -2 8 -1","-5 9 8"
"G-038-1","Balanced Parentheses","Gold","Backtracking","A sequence is balanced when it never closes more groups than it has opened, and it ends with the same number of openings and closings.","Generate every balanced parentheses string with exactly N opening and N closing parentheses. Print strings in lexicographic generation order, one per line.","Line 1: N.","N: 1-4
output: all valid strings in order
Print strings in lexicographic generation order, one per line.","1","()","1","()","2","(())
()()","3","((()))
(()())
(())()
()(())
()()()","4","(((())))
((()()))
((())())
((()))()
(()(()))
(()()())
(()())()
(())(())
(())()()
()((()))
()(()())
()(())()
()()(())
()()()()","2","(())
()()","3","((()))
(()())
(())()
()(())
()()()","1","()","4","(((())))
((()()))
((())())
((()))()
(()(()))
(()()())
(()())()
(())(())
(())()()
()((()))
()(()())
()(())()
()()(())
()()()()","1","()","2","(())
()()","3","((()))
(()())
(())()
()(())
()()()","4","(((())))
((()()))
((())())
((()))()
(()(()))
(()()())
(()())()
(())(())
(())()()
()((()))
()(()())
()(())()
()()(())
()()()()"
"G-038-2","Balanced Square Brackets","Gold","Backtracking","A sequence is balanced when it never closes more groups than it has opened, and it ends with the same number of openings and closings.","Generate every balanced square-bracket string with exactly N opening and N closing brackets. Print strings in lexicographic generation order, one per line.","Line 1: N.","N: 1-4
output: all valid strings in order
Print strings in lexicographic generation order, one per line.","1","[]","1","[]","2","[[]]
[][]","3","[[[]]]
[[][]]
[[]][]
[][[]]
[][][]","4","[[[[]]]]
[[[][]]]
[[[]][]]
[[[]]][]
[[][[]]]
[[][][]]
[[][]][]
[[]][[]]
[[]][][]
[][[[]]]
[][[][]]
[][[]][]
[][][[]]
[][][][]","2","[[]]
[][]","3","[[[]]]
[[][]]
[[]][]
[][[]]
[][][]","1","[]","4","[[[[]]]]
[[[][]]]
[[[]][]]
[[[]]][]
[[][[]]]
[[][][]]
[[][]][]
[[]][[]]
[[]][][]
[][[[]]]
[][[][]]
[][[]][]
[][][[]]
[][][][]","1","[]","2","[[]]
[][]","3","[[[]]]
[[][]]
[[]][]
[][[]]
[][][]","4","[[[[]]]]
[[[][]]]
[[[]][]]
[[[]]][]
[[][[]]]
[[][][]]
[[][]][]
[[]][[]]
[[]][][]
[][[[]]]
[][[][]]
[][[]][]
[][][[]]
[][][][]"
"G-038-3","Balanced Curly Braces","Gold","Backtracking","A sequence is balanced when it never closes more groups than it has opened, and it ends with the same number of openings and closings.","Generate every balanced curly-brace string with exactly N opening and N closing braces. Print strings in lexicographic generation order, one per line.","Line 1: N.","N: 1-4
output: all valid strings in order
Print strings in lexicographic generation order, one per line.","1","{}","1","{}","2","{{}}
{}{}","3","{{{}}}
{{}{}}
{{}}{}
{}{{}}
{}{}{}","4","{{{{}}}}
{{{}{}}}
{{{}}{}}
{{{}}}{}
{{}{{}}}
{{}{}{}}
{{}{}}{}
{{}}{{}}
{{}}{}{}
{}{{{}}}
{}{{}{}}
{}{{}}{}
{}{}{{}}
{}{}{}{}","2","{{}}
{}{}","3","{{{}}}
{{}{}}
{{}}{}
{}{{}}
{}{}{}","1","{}","4","{{{{}}}}
{{{}{}}}
{{{}}{}}
{{{}}}{}
{{}{{}}}
{{}{}{}}
{{}{}}{}
{{}}{{}}
{{}}{}{}
{}{{{}}}
{}{{}{}}
{}{{}}{}
{}{}{{}}
{}{}{}{}","1","{}","2","{{}}
{}{}","3","{{{}}}
{{}{}}
{{}}{}
{}{{}}
{}{}{}","4","{{{{}}}}
{{{}{}}}
{{{}}{}}
{{{}}}{}
{{}{{}}}
{{}{}{}}
{{}{}}{}
{{}}{{}}
{{}}{}{}
{}{{{}}}
{}{{}{}}
{}{{}}{}
{}{}{{}}
{}{}{}{}"
"G-038-4","Open Close Bits","Gold","Backtracking","A sequence is balanced when it never closes more groups than it has opened, and it ends with the same number of openings and closings.","Generate every binary string with N opening bits 1 and N closing bits 0 such that every prefix has at least as many 1s as 0s. Print strings in lexicographic generation order, one per line.","Line 1: N.","N: 1-4
output: all valid strings in order
Print strings in lexicographic generation order, one per line.","1","10","1","10","2","1100
1010","3","111000
110100
110010
101100
101010","4","11110000
11101000
11100100
11100010
11011000
11010100
11010010
11001100
11001010
10111000
10110100
10110010
10101100
10101010","2","1100
1010","3","111000
110100
110010
101100
101010","1","10","4","11110000
11101000
11100100
11100010
11011000
11010100
11010010
11001100
11001010
10111000
10110100
10110010
10101100
10101010","1","10","2","1100
1010","3","111000
110100
110010
101100
101010","4","11110000
11101000
11100100
11100010
11011000
11010100
11010010
11001100
11001010
10111000
10110100
10110010
10101100
10101010"
"G-038-5","Balanced L R Signals","Gold","Backtracking","A sequence is balanced when it never closes more groups than it has opened, and it ends with the same number of openings and closings.","Generate every L/R string with N L symbols and N R symbols such that every prefix has at least as many L symbols as R symbols. Print strings in lexicographic generation order, one per line.","Line 1: N.","N: 1-4
output: all valid strings in order
Print strings in lexicographic generation order, one per line.","1","LR","1","LR","2","LLRR
LRLR","3","LLLRRR
LLRLRR
LLRRLR
LRLLRR
LRLRLR","4","LLLLRRRR
LLLRLRRR
LLLRRLRR
LLLRRRLR
LLRLLRRR
LLRLRLRR
LLRLRRLR
LLRRLLRR
LLRRLRLR
LRLLLRRR
LRLLRLRR
LRLLRRLR
LRLRLLRR
LRLRLRLR","2","LLRR
LRLR","3","LLLRRR
LLRLRR
LLRRLR
LRLLRR
LRLRLR","1","LR","4","LLLLRRRR
LLLRLRRR
LLLRRLRR
LLLRRRLR
LLRLLRRR
LLRLRLRR
LLRLRRLR
LLRRLLRR
LLRRLRLR
LRLLLRRR
LRLLRLRR
LRLLRRLR
LRLRLLRR
LRLRLRLR","1","LR","2","LLRR
LRLR","3","LLLRRR
LLRLRR
LLRRLR
LRLLRR
LRLRLR","4","LLLLRRRR
LLLRLRRR
LLLRRLRR
LLLRRRLR
LLRLLRRR
LLRLRLRR
LLRLRRLR
LLRRLLRR
LLRRLRLR
LRLLLRRR
LRLLRLRR
LRLLRRLR
LRLRLLRR
LRLRLRLR"
"G-039-1","Largest Joined Number","Gold","Sorting","Joining two number tokens means writing their digits next to each other. The final result is compared as a digit string, so ordinary numeric sorting is not always enough.","Reorder the tokens so their concatenation is as large as possible. Print the resulting digit string; if every token is 0, print one 0.","Line 1: N.
Line 2: N non-negative integer tokens without leading zeros except the token 0.","N: 1-100000
each token: 0 to 10^9
total number of digits: at most 200000","1
0","0","1
0","0","2
1 2","21","2
10 2","210","5
3 30 34 5 9","9534330","3
0 0 0","0","2
12 121","12121","3
8 80 808","880880","4
1 11 111 2","2111111","2
5 3","53","3
30 808 12","8083012","5
3 5 1 1 0","53110","1
30","30"
"G-039-2","Smallest Joined Number","Gold","Sorting","Joining two number tokens means writing their digits next to each other. The final result is compared as a digit string, so ordinary numeric sorting is not always enough.","Reorder the tokens so their concatenation is as small as possible. Print the resulting digit string; if every token is 0, print one 0.","Line 1: N.
Line 2: N non-negative integer tokens without leading zeros except the token 0.","N: 1-100000
each token: 0 to 10^9
total number of digits: at most 200000","1
0","0","1
0","0","2
1 2","12","2
10 2","102","5
3 30 34 5 9","3033459","3
0 0 0","0","2
12 121","12112","3
8 80 808","808088","4
1 11 111 2","1111112","1
808","808","2
5 30","305","3
30 808 808","30808808","5
0 5 1 30 0","001305"
"G-039-3","Best Display Code","Gold","Sorting","Joining two number tokens means writing their digits next to each other. The final result is compared as a digit string, so ordinary numeric sorting is not always enough.","Arrange display-code tokens to form the lexicographically largest possible concatenated code. Print the code; collapse all-zero answers to 0.","Line 1: N.
Line 2: N non-negative integer tokens without leading zeros except the token 0.","N: 1-100000
each token: 0 to 10^9
total number of digits: at most 200000","1
0","0","1
0","0","2
1 2","21","2
10 2","210","5
3 30 34 5 9","9534330","3
0 0 0","0","2
12 121","12121","3
8 80 808","880880","4
1 11 111 2","2111111","1
80","80","2
0 1","10","3
3 3 808","80833","5
80 808 3 808 808","808808808803"
"G-039-4","Lowest Serial String","Gold","Sorting","Joining two number tokens means writing their digits next to each other. The final result is compared as a digit string, so ordinary numeric sorting is not always enough.","Arrange serial-number tokens to form the lexicographically smallest possible concatenated string. Print the string; collapse all-zero answers to 0.","Line 1: N.
Line 2: N non-negative integer tokens without leading zeros except the token 0.","N: 1-100000
each token: 0 to 10^9
total number of digits: at most 200000","1
0","0","1
0","0","2
1 2","12","2
10 2","102","5
3 30 34 5 9","3033459","3
0 0 0","0","2
12 121","12112","3
8 80 808","808088","4
1 11 111 2","1111112","2
80 30","3080","3
808 1 3","13808","5
12 80 808 3 30","1230380808","1
3","3"
"G-039-5","Maximum Banner Digits","Gold","Sorting","Joining two number tokens means writing their digits next to each other. The final result is compared as a digit string, so ordinary numeric sorting is not always enough.","Choose an order for the digit tokens that makes the final banner number largest. Print the completed banner with no separators; print 0 if all tokens are zero.","Line 1: N.
Line 2: N non-negative integer tokens without leading zeros except the token 0.","N: 1-100000
each token: 0 to 10^9
total number of digits: at most 200000","1
0","0","1
0","0","2
1 2","21","2
10 2","210","5
3 30 34 5 9","9534330","3
0 0 0","0","2
12 121","12121","3
8 80 808","880880","4
1 11 111 2","2111111","1
5","5","2
3 30","330","3
808 80 808","80880880","5
808 12 1 5 12","808512121"
"G-040-1","Grid Word Trace","Gold","DFS","A word trace starts on a matching grid letter and moves one square up, down, left, or right for each next letter. A trace cannot reuse a square.","Print YES if W can be traced under the stated movement rules; otherwise print NO.","Line 1: R C.
Lines 2 through R+1: C uppercase letters per row, with no spaces.
Line R+2: target word W.","1 <= R,C <= 6
1 <= |W| <= 12
grid and W use uppercase English letters
move only up, down, left, or right
a grid cell may be used at most once in one trace","1 1
A
A","YES","1 1
A
A","YES","2 2
AB
CD
AB","YES","2 2
AB
CD
ACD","YES","2 2
AB
CD
ABA","NO","3 3
CAT
RAT
DOG
CAT","YES","3 3
CAT
RAT
DOG
CAR","NO","3 3
ABC
DEF
GHI
BEH","YES","3 3
ABC
DEF
GHI
ABFJ","NO","1 1
A
B","NO","2 2
CC
AC
B","NO","3 3
ABC
CAB
ACC
BA","YES","2 3
AAA
CAB
BC","NO"
"G-040-2","Museum Letter Path","Gold","DFS","A museum map is a grid of letter tiles. A visitor may walk to neighboring tiles in the four main directions and may not step on the same tile twice.","Print YES if W can be traced under the stated movement rules; otherwise print NO.","Line 1: R C.
Lines 2 through R+1: C uppercase letters per row, with no spaces.
Line R+2: target word W.","1 <= R,C <= 6
1 <= |W| <= 12
grid and W use uppercase English letters
move only up, down, left, or right
a grid cell may be used at most once in one trace","1 1
A
A","YES","1 1
A
A","YES","2 2
AB
CD
AB","YES","2 2
AB
CD
ACD","YES","2 2
AB
CD
ABA","NO","3 3
CAT
RAT
DOG
CAT","YES","3 3
CAT
RAT
DOG
CAR","NO","3 3
ABC
DEF
GHI
BEH","YES","3 3
ABC
DEF
GHI
ABFJ","NO","1 1
C
BCA","NO","2 2
CB
AC
B","YES","3 3
ACC
BAA
BCA
AB","YES","2 3
ABC
ABC
CB","YES"
"G-040-3","Robot Command Trail","Gold","DFS","A robot command is written as letters on a rectangular board. The robot can move one cell north, south, east, or west for each next command letter without revisiting a cell.","Print YES if W can be traced under the stated movement rules; otherwise print NO.","Line 1: R C.
Lines 2 through R+1: C uppercase letters per row, with no spaces.
Line R+2: target word W.","1 <= R,C <= 6
1 <= |W| <= 12
grid and W use uppercase English letters
move only up, down, left, or right
a grid cell may be used at most once in one trace","1 1
A
A","YES","1 1
A
A","YES","2 2
AB
CD
AB","YES","2 2
AB
CD
ACD","YES","2 2
AB
CD
ABA","NO","3 3
CAT
RAT
DOG
CAT","YES","3 3
CAT
RAT
DOG
CAR","NO","3 3
ABC
DEF
GHI
BEH","YES","3 3
ABC
DEF
GHI
ABFJ","NO","1 1
A
C","NO","2 2
BC
CB
CB","YES","3 3
BBA
AAA
CCB
B","YES","2 3
AAC
AAB
CAA","YES"
"G-040-4","Signal Route in a Grid","Gold","DFS","A signal follows adjacent letter cells in a rectangular board. It must match the target in order and cannot pass through one cell twice.","Print YES if W can be traced under the stated movement rules; otherwise print NO.","Line 1: R C.
Lines 2 through R+1: C uppercase letters per row, with no spaces.
Line R+2: target word W.","1 <= R,C <= 6
1 <= |W| <= 12
grid and W use uppercase English letters
move only up, down, left, or right
a grid cell may be used at most once in one trace","1 1
A
A","YES","1 1
A
A","YES","2 2
AB
CD
AB","YES","2 2
AB
CD
ACD","YES","2 2
AB
CD
ABA","NO","3 3
CAT
RAT
DOG
CAT","YES","3 3
CAT
RAT
DOG
CAR","NO","3 3
ABC
DEF
GHI
BEH","YES","3 3
ABC
DEF
GHI
ABFJ","NO","1 1
C
CCC","NO","2 2
CC
AC
AB","NO","3 3
ACA
AAA
CAC
A","YES","2 3
ACC
ABA
C","YES"
"G-040-5","Treasure Word Search","Gold","DFS","A treasure word is hidden along horizontally or vertically neighboring letter tiles. The same tile cannot represent two positions of the same word.","Print YES if W can be traced under the stated movement rules; otherwise print NO.","Line 1: R C.
Lines 2 through R+1: C uppercase letters per row, with no spaces.
Line R+2: target word W.","1 <= R,C <= 6
1 <= |W| <= 12
grid and W use uppercase English letters
move only up, down, left, or right
a grid cell may be used at most once in one trace","1 1
A
A","YES","1 1
A
A","YES","2 2
AB
CD
AB","YES","2 2
AB
CD
ACD","YES","2 2
AB
CD
ABA","NO","3 3
CAT
RAT
DOG
CAT","YES","3 3
CAT
RAT
DOG
CAR","NO","3 3
ABC
DEF
GHI
BEH","YES","3 3
ABC
DEF
GHI
ABFJ","NO","1 1
B
AAB","NO","2 2
CB
BA
CB","YES","3 3
BAB
ACB
ACB
B","YES","2 3
ABA
ABA
CB","NO"
