"id","name","division","category","background","task","input_format","constraints","sample_input","sample_output","test1_input","test1_output","test2_input","test2_output","test3_input","test3_output","test4_input","test4_output","test5_input","test5_output","test6_input","test6_output","test7_input","test7_output","test8_input","test8_output"
"B-001-1","Clamp to Range","Bronze","Loops","Clamping means forcing a number to stay inside an allowed window. If the number is below the low bound it becomes the low bound; if it is above the high bound it becomes the high bound; otherwise it is left alone. Clamping 20 into the window [0, 10] gives 10.","Read N integers and clamp each one into the inclusive range [L, R]. Print the resulting N integers in order.","Line 1: N, L, R (space-separated).
Line 2: N space-separated integers.","N: 1-100
L, R: -1000 to 1000, with L <= R
values: -10000 to 10000","5 0 10
-5 3 20 7 0","0 3 10 7 0","5 0 10
-5 3 20 7 0","0 3 10 7 0","1 5 5
5","5","1 -3 3
-100","-3","6 -2 2
-2 -1 0 1 2 3","-2 -1 0 1 2 2","4 0 0
-7 0 7 1","0 0 0 0","8 -1000 1000
-10000 10000 0 999 -999 1000 -1000 1","-1000 1000 0 999 -999 1000 -1000 1","3 2 4
1 2 3","2 2 3","7 -5 -1
-6 -5 -3 -1 0 4 -10","-5 -5 -3 -1 -1 -1 -5"
"B-001-2","Residue Reduction","Bronze","Loops","The residue of a number modulo M is the remainder left after dividing by M, always reported as a value from 0 to M-1. Note that negative numbers still get a non-negative residue: -1 modulo 5 is 4, because -1 = (-1 x 5) + 4.","Read N integers and replace each one with its non-negative residue modulo M. Print the resulting sequence.","Line 1: N, M (space-separated).
Line 2: N space-separated integers.","N: 1-100
M: 1-1000
values: -10000 to 10000","5 5
7 -1 0 5 13","2 4 0 0 3","5 5
7 -1 0 5 13","2 4 0 0 3","1 1
999","0","1 7
-7","0","6 3
-6 -5 -4 -3 -2 -1","0 1 2 0 1 2","4 10
10000 -10000 0 1","0 0 0 1","3 2
-3 -2 -1","1 0 1","8 4
0 1 2 3 4 5 6 7","0 1 2 3 0 1 2 3","5 1000
-1 -999 -1000 -1001 1001","999 1 0 999 1"
"B-001-3","Truncated Quotient","Bronze","Loops","Truncating division throws away the fractional part and always rounds toward zero, never away from it. So 7 divided by 2 truncates to 3, and -7 divided by 2 truncates to -3 (not -4). This differs from the floor division used by default in some languages.","Read N integers and replace each one with the quotient of dividing it by K, truncated toward zero. Print the resulting N integers.","Line 1: N, K (space-separated).
Line 2: N space-separated integers.","N: 1-100
K: 1-1000
values: -10000 to 10000","5 2
7 -7 0 3 -3","3 -3 0 1 -1","5 2
7 -7 0 3 -3","3 -3 0 1 -1","1 1
-4242","-4242","1 5
4","0","6 3
-1 -2 -3 -4 -5 -6","0 0 -1 -1 -1 -2","4 10
9 10 11 -11","0 1 1 -1","3 1000
999 1000 -1001","0 1 -1","8 4
-8 -7 -1 0 1 7 8 9","-2 -1 0 0 0 1 2 2","5 6
-5 5 -6 6 -12","0 0 -1 1 -2"
"B-001-4","Sign Map","Bronze","Loops","The sign of a number records only its direction, not its size. Negative numbers have sign -1, zero has sign 0, and positive numbers have sign 1. So the list [-9, 0, 2] maps to [-1, 0, 1].","Read N integers and output the sign of each one (-1, 0, or 1) in the original order.","Line 1: N.
Line 2: N space-separated integers.","N: 1-100
values: -10000 to 10000","5
-9 0 2 -1 7","-1 0 1 -1 1","5
-9 0 2 -1 7","-1 0 1 -1 1","1
0","0","1
-10000","-1","3
0 0 0","0 0 0","6
-1 1 -1 1 -1 1","-1 1 -1 1 -1 1","4
10000 -10000 1 -1","1 -1 1 -1","8
5 4 3 2 1 0 -1 -2","1 1 1 1 1 0 -1 -1","2
-3 -3","-1 -1"
"B-001-5","Absolute Cap","Bronze","Loops","The absolute value of a number is its distance from zero, so it is never negative: the absolute value of -8 is 8. Capping at C means any value larger than C is replaced by C. Combining both, -8 with a cap of 5 becomes 5.","Read N integers. Replace each with its absolute value, capped at C. Print the resulting N non-negative integers.","Line 1: N, C (space-separated).
Line 2: N space-separated integers.","N: 1-100
C: 0-10000
values: -10000 to 10000","5 5
-8 3 0 -2 9","5 3 0 2 5","5 5
-8 3 0 -2 9","5 3 0 2 5","1 0
-77","0","1 10000
-10000","10000","4 1
-1 0 1 2","1 0 1 1","6 3
-3 -4 3 4 0 -2","3 3 3 3 0 2","3 100
-99 100 -101","99 100 100","8 7
-7 7 -6 6 -8 8 0 1","7 7 6 6 7 7 0 1","2 0
0 0","0 0"
"B-002-1","Reverse the Line","Bronze","Arrays","Reversing a sequence means reading it back to front, so the last item becomes first and the first becomes last. Reversing [1, 2, 3] gives [3, 2, 1]. Nothing is added or removed, only repositioned.","Read N integers and print them in reverse order.","Line 1: N.
Line 2: N space-separated integers.","N: 1-100
values: -10000 to 10000","5
1 2 3 4 5","5 4 3 2 1","5
1 2 3 4 5","5 4 3 2 1","1
42","42","2
7 7","7 7","4
-1 0 1 -2","-2 1 0 -1","6
10 20 30 40 50 60","60 50 40 30 20 10","3
0 0 1","1 0 0","8
1 1 2 2 3 3 4 4","4 4 3 3 2 2 1 1","7
-10000 10000 0 5 -5 3 -3","-3 3 -5 5 0 10000 -10000"
"B-002-2","Rotate Right","Bronze","Arrays","A right rotation slides every element K places toward the end, and anything pushed off the end wraps back around to the front. Rotating [1, 2, 3, 4] right by 1 gives [4, 1, 2, 3]. The elements keep their relative order; only their starting point shifts.","Read N integers and print the sequence after rotating it right by K positions.","Line 1: N, K (space-separated).
Line 2: N space-separated integers.","N: 1-100
K: 0 to N-1
values: -10000 to 10000","5 2
1 2 3 4 5","4 5 1 2 3","5 2
1 2 3 4 5","4 5 1 2 3","1 0
9","9","4 0
1 2 3 4","1 2 3 4","4 3
1 2 3 4","2 3 4 1","6 1
-1 -2 -3 -4 -5 -6","-6 -1 -2 -3 -4 -5","3 2
7 7 7","7 7 7","8 4
1 2 3 4 5 6 7 8","5 6 7 8 1 2 3 4","2 1
100 -100","-100 100"
"B-002-3","Shuffle the Halves","Bronze","Arrays","A riffle shuffle splits a deck into two halves and alternates cards from each. Here the first half and second half are woven together the same way: first item of half one, first item of half two, second of half one, and so on. [1, 2, 3, 4] becomes [1, 3, 2, 4].","Read N integers (N is even), split them into two equal halves, and print the two halves interleaved.","Line 1: N (always even).
Line 2: N space-separated integers.","N: 2-100, always even
values: -10000 to 10000","4
1 2 3 4","1 3 2 4","4
1 2 3 4","1 3 2 4","2
5 6","5 6","6
1 2 3 4 5 6","1 4 2 5 3 6","8
1 1 1 1 2 2 2 2","1 2 1 2 1 2 1 2","4
-1 -2 -3 -4","-1 -3 -2 -4","10
1 2 3 4 5 6 7 8 9 10","1 6 2 7 3 8 4 9 5 10","6
0 0 0 0 0 0","0 0 0 0 0 0","2
-10000 10000","-10000 10000"
"B-002-4","Evens Take the Front","Bronze","Arrays","Positions here are counted starting at 1, so the 1st, 3rd, 5th items sit at odd positions and the 2nd, 4th, 6th sit at even positions. This is about where an item sits, not whether the number itself is even. For [9, 8, 7], position 2 holds the value 8.","Read N integers. Print all elements at even positions first (in increasing position order), followed by all elements at odd positions (also in increasing position order).","Line 1: N.
Line 2: N space-separated integers.","N: 1-100
positions are 1-based
values: -10000 to 10000","5
1 2 3 4 5","2 4 1 3 5","5
1 2 3 4 5","2 4 1 3 5","1
42","42","2
1 2","2 1","4
10 20 30 40","20 40 10 30","6
-1 -2 -3 -4 -5 -6","-2 -4 -6 -1 -3 -5","3
7 7 7","7 7 7","8
1 2 3 4 5 6 7 8","2 4 6 8 1 3 5 7","7
0 1 0 1 0 1 0","1 1 1 0 0 0 0"
"B-002-5","Swap Neighbours","Bronze","Arrays","The sequence is walked in pairs from the left: items 1 and 2 trade places, then items 3 and 4, and so on. If the count is odd there is no partner left for the final item, so it stays exactly where it is. [1, 2, 3] becomes [2, 1, 3].","Read N integers and swap each adjacent pair (1st with 2nd, 3rd with 4th, and so on). If N is odd the last element stays in place. Print the resulting sequence.","Line 1: N.
Line 2: N space-separated integers.","N: 1-100
values: -10000 to 10000","5
1 2 3 4 5","2 1 4 3 5","5
1 2 3 4 5","2 1 4 3 5","1
42","42","2
1 2","2 1","4
-1 -2 -3 -4","-2 -1 -4 -3","6
10 20 30 40 50 60","20 10 40 30 60 50","3
7 7 7","7 7 7","8
1 1 2 2 3 3 4 4","1 1 2 2 3 3 4 4","7
0 1 2 3 4 5 6","1 0 3 2 5 4 6"
"B-003-1","Negate the Segment","Bronze","Arrays","A segment is a run of consecutive positions described by a start L and an end R. Both endpoints are included, so the segment [2, 4] covers positions 2, 3 and 4. Negating a number flips its sign, turning 5 into -5 and -5 into 5.","Read N integers and negate every element inside the inclusive segment [L, R]. Print the resulting array in order.","Line 1: N, L, R (space-separated).
Line 2: N space-separated integers.","N: 1-100
L, R: 1-based, with 1 <= L <= R <= N
values: -10000 to 10000","5 2 4
1 2 3 4 5","1 -2 -3 -4 5","5 2 4
1 2 3 4 5","1 -2 -3 -4 5","1 1 1
7","-7","4 1 4
1 -2 3 -4","-1 2 -3 4","6 3 3
1 2 3 4 5 6","1 2 -3 4 5 6","5 1 1
-5 1 2 3 4","5 1 2 3 4","5 5 5
1 2 3 4 -5","1 2 3 4 5","8 2 7
0 0 0 0 0 0 0 0","0 0 0 0 0 0 0 0","7 4 6
-1 2 -3 4 -5 6 -7","-1 2 -3 -4 5 -6 -7"
"B-003-2","Reverse a Substring","Bronze","Strings","A substring is a stretch of consecutive characters inside a longer word, marked here by a start position L and an end position R with both ends included. Only that stretch is flipped back to front; every character outside it stays untouched. In 'abcde', reversing positions 2 to 4 gives 'adcbe'.","Read a lowercase string and two positions L and R. Reverse the substring covering positions L through R (inclusive) and print the modified string.","Line 1: the string S (lowercase letters only).
Line 2: L, R (space-separated).","length of S: 1-100
L, R: 1-based, with 1 <= L <= R <= length of S","abcde
2 4","adcbe","abcde
2 4","adcbe","a
1 1","a","abcd
1 4","dcba","hello
1 1","hello","hello
5 5","hello","abcdef
3 4","abdcef","aaaa
1 4","aaaa","byteblitz
2 8","btilbetyz"
"B-003-3","Overwrite then Total","Bronze","Arrays","Every position from L to R (both included) is overwritten with the same value V, wiping out whatever was there before. Afterwards the whole array is added up. Overwriting positions 2 to 3 of [1, 2, 3, 4] with 0 leaves [1, 0, 0, 4], which totals 5.","Read N integers, replace every element in the inclusive segment [L, R] with V, then print the sum of the whole array.","Line 1: N, L, R, V (space-separated).
Line 2: N space-separated integers.","N: 1-100
L, R: 1-based, with 1 <= L <= R <= N
V: -10000 to 10000
values: -10000 to 10000","5 2 4 0
1 2 3 4 5","6","5 2 4 0
1 2 3 4 5","6","1 1 1 9
-9","9","4 1 4 1
100 200 300 400","4","6 3 3 -5
1 1 1 1 1 1","0","5 1 5 0
1 2 3 4 5","0","3 2 3 7
-7 -7 -7","7","8 5 8 2
1 2 3 4 5 6 7 8","18","4 1 2 -10000
10000 10000 10000 10000","0"
"B-003-4","Flip and Count Ones","Bronze","Arrays","A binary array holds only 0s and 1s. Flipping a bit swaps it to the other value: 0 becomes 1 and 1 becomes 0. Only bits inside the inclusive window [L, R] are flipped, then the total number of 1s left in the whole array is reported.","Read N bits and flip every bit in the inclusive segment [L, R]. Print how many 1s the array contains afterwards.","Line 1: N, L, R (space-separated).
Line 2: N space-separated bits, each 0 or 1.","N: 1-100
L, R: 1-based, with 1 <= L <= R <= N
bits: 0 or 1","5 2 4
1 0 0 1 1","4","5 2 4
1 0 0 1 1","4","1 1 1
0","1","1 1 1
1","0","6 1 6
1 1 1 1 1 1","0","6 1 6
0 0 0 0 0 0","6","4 2 3
1 0 1 0","2","8 3 5
0 1 0 1 0 1 0 1","5","7 7 7
1 1 1 1 1 1 0","7"
"B-003-5","Zero Out and Report","Bronze","Arrays","Every position from L to R (both included) is set to 0. An entry only counts as changed if it was something other than 0 to begin with, since setting a 0 to 0 changes nothing. Zeroing positions 1 to 3 of [0, 4, 0] changes just one entry.","Read N integers and set every element in the inclusive segment [L, R] to 0. Print how many array entries actually changed value.","Line 1: N, L, R (space-separated).
Line 2: N space-separated integers.","N: 1-100
L, R: 1-based, with 1 <= L <= R <= N
values: -10000 to 10000","5 2 4
1 0 3 0 5","1","5 2 4
1 0 3 0 5","1","1 1 1
0","0","1 1 1
-7","1","6 1 6
0 0 0 0 0 0","0","6 1 6
1 2 3 4 5 6","6","4 2 3
5 0 0 5","0","8 5 8
1 1 1 1 0 1 0 1","2","7 3 3
-1 -2 -3 -4 -5 -6 -7","1"
"B-004-1","Above the Bar","Bronze","Conditionals","Filtering keeps only the entries that pass a test and discards the rest, without reordering anything that survives. Here the test is 'strictly greater than T', so a score exactly equal to T does not pass. If nothing passes, the output line is simply empty.","Read N scores and print only those strictly greater than T, in their original order. If no score qualifies, print an empty line.","Line 1: N, T (space-separated).
Line 2: N space-separated integers.","N: 1-100
T: -10000 to 10000
scores: -10000 to 10000","5 50
30 70 50 90 10","70 90","5 50
30 70 50 90 10","70 90","1 0
0","","1 0
1","1","4 100
10 20 30 40","","4 -1
0 -5 3 -1","0 3","6 5
6 7 8 9 10 11","6 7 8 9 10 11","8 0
-1 1 -2 2 -3 3 0 0","1 2 3","3 10000
10000 9999 -10000",""
"B-004-2","Even IDs Only","Bronze","Conditionals","A number is even when dividing it by 2 leaves no remainder, so 4 and 100 are even while 7 is not. The surviving IDs must stay in the order they arrived. If none of them are even, the output line is empty.","Read N positive integer IDs and print only the even ones, preserving the original order. If there are no even IDs, print an empty line.","Line 1: N.
Line 2: N space-separated positive integers.","N: 1-100
IDs: 1-10000","5
11 12 13 14 15","12 14","5
11 12 13 14 15","12 14","1
2","2","1
3","","4
1 3 5 7","","4
2 4 6 8","2 4 6 8","6
10000 9999 1 2 3 4","10000 2 4","8
100 101 102 103 104 105 106 107","100 102 104 106","3
7 7 8","8"
"B-004-3","Divisible Survivors","Bronze","Conditionals","A number is divisible by K when dividing it by K leaves a remainder of exactly zero. Note that 0 is divisible by every K, since 0 divided by anything leaves no remainder. Order is preserved among the numbers that pass.","Read N integers and print those divisible by K, in their original order. If none are divisible, print an empty line.","Line 1: N, K (space-separated).
Line 2: N space-separated integers.","N: 1-100
K: 1-1000
values: -10000 to 10000","6 3
3 4 9 10 12 13","3 9 12","6 3
3 4 9 10 12 13","3 9 12","1 1
7","7","1 5
7","","4 2
1 3 5 7","","5 4
0 -4 4 -8 3","0 -4 4 -8","3 1000
1000 -1000 999","1000 -1000","8 7
7 14 21 28 35 42 49 50","7 14 21 28 35 42 49","4 6
-6 -12 5 0","-6 -12 0"
"B-004-4","Pick the Category","Bronze","Conditionals","Each item carries a label saying which category it belongs to. Only items whose label matches the requested category exactly are kept, and matching is case-sensitive so 'Fruit' and 'fruit' are different labels. Kept items appear in the order they were listed.","Read N item/category pairs and a target category C. Print the item names whose category equals C, preserving input order. If no item matches, print an empty line.","Line 1: N.
Next N lines: item_name and category, separated by a space.
Last line: the target category C.","N: 1-100
names and categories: 1-20 letters, case-sensitive, no spaces","5
apple fruit
carrot veg
banana fruit
potato veg
cherry fruit
fruit","apple banana cherry","5
apple fruit
carrot veg
banana fruit
potato veg
cherry fruit
fruit","apple banana cherry","1
rock mineral
mineral","rock","1
rock mineral
plant","","3
a x
b y
c z
w","","4
p q
r q
s q
t q
q","p r s t","4
Apple fruit
apple Fruit
APPLE FRUIT
banana fruit
fruit","Apple banana","6
n1 c1
n2 c2
n3 c1
n4 c3
n5 c1
n6 c2
c1","n1 n3 n5","2
solo only
duo other
other","duo"
"B-004-5","Vowel Starters","Bronze","Conditionals","The vowels are a, e, i, o and u. Only the very first letter of each word is examined, and the check ignores capitalisation so 'Apple' and 'apple' both start with a vowel. The letter y is not treated as a vowel here.","Read N words and print only those starting with a vowel (a, e, i, o, u; case-insensitive), keeping their original order. If none start with a vowel, print an empty line.","Line 1: N.
Line 2: N space-separated words.","N: 1-100
words: 1-20 English letters, may be upper or lower case","5
apple banana orange kiwi egg","apple orange egg","5
apple banana orange kiwi egg","apple orange egg","1
ice","ice","1
sky","","4
dog cat fish bird","","4
Eagle Igloo Umbrella Owl","Eagle Igloo Umbrella Owl","6
yellow yak eel oak up you","eel oak up","8
a b c d e f g h","a e","3
Aaa zzz Eee","Aaa Eee"
"B-005-1","Count the Runs","Bronze","Loops","A run is a maximal block of neighbouring items that are all identical. The sequence [1, 1, 2, 2, 2, 1] contains three runs: two 1s, then three 2s, then a single 1. Note the last run counts even though the same value appeared earlier, because runs are about adjacency.","Read N integers and print the number of runs, where a run is a maximal block of consecutive equal values.","Line 1: N.
Line 2: N space-separated integers.","N: 1-100
values: -10000 to 10000","6
1 1 2 2 2 1","3","6
1 1 2 2 2 1","3","1
5","1","2
4 4","1","2
4 5","2","5
7 7 7 7 7","1","5
1 2 3 4 5","5","8
0 0 -1 -1 0 0 -1 -1","4","7
9 9 9 1 9 9 9","3"
"B-005-2","Spell Out the Runs","Bronze","Strings","Run-length encoding rewrites a word by naming each block of repeated letters once, followed by how many times it repeats. The word 'aab' becomes 'a 2 b 1'. Blocks are read strictly left to right, and a letter that reappears later starts a brand new block.","Read a lowercase string and print its run-length encoding as 'letter count' pairs separated by single spaces, in left-to-right order.","Line 1: the string S (lowercase letters only).","length of S: 1-100","aab","a 2 b 1","aab","a 2 b 1","a","a 1","aaaa","a 4","abcd","a 1 b 1 c 1 d 1","aabbaa","a 2 b 2 a 2","zzzzzzzzzy","z 9 y 1","ababab","a 1 b 1 a 1 b 1 a 1 b 1","byteblitz","b 1 y 1 t 1 e 1 b 1 l 1 i 1 t 1 z 1"
"B-005-3","Longest Colour Streak","Bronze","Strings","A streak is a block of neighbouring tiles sharing the same colour. The goal is the single longest such block. If two different streaks are tied at the same maximum length, the one that starts earliest (furthest left) wins.","Read N colour names describing a strip and print the colour of the longest consecutive run followed by that run's length, separated by a space. If several runs tie, choose the leftmost.","Line 1: N.
Line 2: N space-separated colour names.","N: 1-100
colour names: 1-15 lowercase letters","7
red red blue blue blue green green","blue 3","7
red red blue blue blue green green","blue 3","1
red","red 1","3
red blue green","red 1","4
red red blue blue","red 2","5
blue blue blue blue blue","blue 5","6
red blue blue red red red","red 3","8
a a b b b a a a","b 3","5
green red red green green","red 2"
"B-005-4","Compress the Bits","Bronze","Strings","A binary string is squeezed into segments written as value:length, listing each block of identical bits once. The string '0011100' compresses to '0:2,1:3,0:2'. Segments are joined by commas with no spaces anywhere in the output.","Read a binary string and print its compression as segments 'v:l' joined by commas with no spaces, in left-to-right order.","Line 1: the binary string B (characters 0 and 1 only).","length of B: 1-100","0011100","0:2,1:3,0:2","0011100","0:2,1:3,0:2","0","0:1","1","1:1","0000","0:4","0101","0:1,1:1,0:1,1:1","1110000011","1:3,0:5,1:2","1111111110","1:9,0:1","0110","0:1,1:2,0:1"
"B-005-5","Bracketed Encoding","Bronze","Loops","Each block of repeated values is written as a bracketed pair holding the value and the block length, like (7,3) for three consecutive 7s. There are no spaces inside a pair, and pairs are separated by exactly one space.","Read N non-negative integers and print their run-length encoding as pairs written (v,L), with no spaces inside a pair and a single space between pairs.","Line 1: N.
Line 2: N space-separated integers.","N: 1-100
values: 0-9","6
7 7 7 1 1 3","(7,3) (1,2) (3,1)","6
7 7 7 1 1 3","(7,3) (1,2) (3,1)","1
0","(0,1)","4
5 5 5 5","(5,4)","4
1 2 3 4","(1,1) (2,1) (3,1) (4,1)","8
0 0 1 1 0 0 1 1","(0,2) (1,2) (0,2) (1,2)","5
9 9 9 9 9","(9,5)","7
2 2 3 3 3 2 2","(2,2) (3,3) (2,2)","3
0 1 0","(0,1) (1,1) (0,1)"
"B-006-1","Odd Gets A, Even Gets B","Bronze","Loops","Positions are counted starting at 1, so the 1st, 3rd and 5th slots are odd and the 2nd, 4th and 6th are even. This depends purely on where a number sits, not on whether the number itself is odd or even. Every odd slot gains A and every even slot gains B.","Read N integers. Add A to every element at an odd position and B to every element at an even position. Print the resulting array.","Line 1: N, A, B (space-separated).
Line 2: N space-separated integers.","N: 1-100
A, B: -1000 to 1000
positions are 1-based
values: -10000 to 10000","5 10 -10
1 2 3 4 5","11 -8 13 -6 15","5 10 -10
1 2 3 4 5","11 -8 13 -6 15","1 5 99
0","5","2 0 0
7 8","7 8","4 1 1
0 0 0 0","1 1 1 1","6 -1 1
1 1 1 1 1 1","0 2 0 2 0 2","3 1000 -1000
0 0 0","1000 -1000 1000","8 2 3
-1 -2 -3 -4 -5 -6 -7 -8","1 1 -1 -1 -3 -3 -5 -5","7 0 5
1 1 1 1 1 1 1","1 6 1 6 1 6 1"
"B-006-2","Zigzag Case","Bronze","Strings","Positions here start at 0, so the very first character sits at position 0 which is even. Even positions are forced to uppercase and odd positions to lowercase, regardless of how the letter was originally typed. 'hello' becomes 'HeLlO'.","Read a string of letters. Convert characters at even positions to uppercase and characters at odd positions to lowercase. Print the transformed string.","Line 1: the string S (English letters only).","length of S: 1-100
positions are 0-based","hello","HeLlO","hello","HeLlO","a","A","Z","Z","AAAA","AaAa","abcdef","AbCdEf","ByTeBlItZ","ByTeBlItZ","xyzXYZ","XyZxYz","aB","Ab"
"B-006-3","Alternating Total","Bronze","Loops","Positions start at 1. Everything sitting at an odd position is added and everything at an even position is subtracted, giving a single running total. For [5, 3, 2] the result is 5 - 3 + 2, which is 4.","Read N integers and print the alternating sum: the total of elements at odd positions minus the total of elements at even positions.","Line 1: N.
Line 2: N space-separated integers.","N: 1-100
positions are 1-based
values: -10000 to 10000","3
5 3 2","4","3
5 3 2","4","1
7","7","2
7 7","0","4
1 1 1 1","0","6
-1 -1 -1 -1 -1 -1","0","5
10000 10000 10000 10000 10000","10000","8
1 2 3 4 5 6 7 8","-4","7
0 0 0 0 0 0 -5","-5"
"B-006-4","Flip Every Other Word","Bronze","Strings","Word positions start at 0, so the first word sits at position 0 which is even and is left alone. Words at odd positions have their letters written back to front. The words themselves never change places, only their internal spelling.","Read N words. Reverse the letters of each word at an odd position (0-based) and leave words at even positions unchanged. Print the words in order.","Line 1: N.
Line 2: N space-separated words.","N: 1-100
positions are 0-based
words: 1-20 lowercase letters","4
abc def ghi jkl","abc fed ghi lkj","4
abc def ghi jkl","abc fed ghi lkj","1
solo","solo","2
one two","one owt","3
racecar level noon","racecar level noon","5
a bb ccc dddd eeeee","a bb ccc dddd eeeee","6
red blue green yellow black white","red eulb green wolley black etihw","8
x yz x yz x yz x yz","x zy x zy x zy x zy","7
alpha beta gamma delta epsilon zeta eta","alpha ateb gamma atled epsilon atez eta"
"B-006-5","Square the Odds, Cube the Evens","Bronze","Loops","Positions start at 1. Squaring means multiplying a number by itself once (3 squared is 9) and cubing means multiplying it by itself twice (3 cubed is 27). Squares are never negative, but cubes keep the sign of the original number: -2 cubed is -8.","Read N integers. Replace each element at an odd position with its square and each element at an even position with its cube. Print the updated array.","Line 1: N.
Line 2: N space-separated integers.","N: 1-100
positions are 1-based
values: -100 to 100","5
1 2 3 4 5","1 8 9 64 25","5
1 2 3 4 5","1 8 9 64 25","1
-3","9","2
-2 -2","4 -8","4
0 0 0 0","0 0 0 0","6
-1 -1 -1 -1 -1 -1","1 -1 1 -1 1 -1","3
100 100 100","10000 1000000 10000","8
1 -1 2 -2 3 -3 4 -4","1 -1 4 -8 9 -27 16 -64","7
2 2 2 2 2 2 2","4 8 4 8 4 8 4"
"B-007-1","Coldest Day","Bronze","Arrays","Scanning for a minimum means tracking the smallest value seen so far. A witness is the extra detail reported alongside it, here the position where it lives. If the same low reading occurs more than once, the earliest one wins, so positions are compared as a tie-breaker.","Read N daily temperatures. Print the minimum temperature followed by the 1-based index of its first occurrence, separated by a space.","Line 1: N.
Line 2: N space-separated integers.","N: 1-100
temperatures: -1000 to 1000","5
12 7 19 7 20","7 2","5
12 7 19 7 20","7 2","1
0","0 1","3
5 5 5","5 1","4
-1 -2 -3 -4","-4 4","4
-4 -3 -2 -1","-4 1","6
1000 -1000 1000 -1000 0 0","-1000 2","8
3 1 4 1 5 9 2 6","1 2","7
0 0 0 -1 0 0 -1","-1 4"
"B-007-2","Last Peak Price","Bronze","Arrays","The maximum is the largest value in the list. When that same peak value shows up several times, the required answer is the latest position where it appears, not the first. Positions are counted starting at 1.","Read N stock prices in chronological order. Print the 1-based index of the LAST occurrence of the maximum price. Output the index only.","Line 1: N.
Line 2: N space-separated integers.","N: 1-100
prices: 0-100000","5
10 40 25 40 30","4","5
10 40 25 40 30","4","1
7","1","3
5 5 5","3","4
1 2 3 4","4","4
4 3 2 1","1","6
0 0 0 0 0 0","6","8
100000 1 100000 1 100000 1 1 1","5","7
3 9 9 2 9 1 0","5"
"B-007-3","Top Score","Bronze","Arrays","The highest score is simply the largest number in the list. Because only the value is reported and not who achieved it, ties make no difference to the answer: several contestants sharing the top score still produce the same single number.","Read N contest scores and print the highest score value.","Line 1: N.
Line 2: N space-separated integers.","N: 1-100
scores: -1000 to 1000","5
45 92 92 17 60","92","5
45 92 92 17 60","92","1
-1000","-1000","3
0 0 0","0","4
-5 -4 -3 -2","-2","4
1000 999 998 997","1000","6
-1 -2 -3 -4 -5 -6","-1","8
1 2 3 4 5 6 7 8","8","7
7 7 7 7 7 7 7","7"
"B-007-4","Latest Low Reading","Bronze","Arrays","Indices here start at 0, so the first sensor reading sits at index 0. The task looks for the smallest reading, and when that value repeats it reports the greatest index holding it rather than the first. The index is printed before the reading itself.","Read N sensor readings. Print the 0-based index of the LAST occurrence of the minimum reading, followed by that minimum reading, separated by a space.","Line 1: N.
Line 2: N space-separated integers.","N: 1-100
indices are 0-based
readings: -1000 to 1000","5
8 3 9 3 6","3 3","5
8 3 9 3 6","3 3","1
42","0 42","3
5 5 5","2 5","4
1 2 3 4","0 1","4
4 3 2 1","3 1","6
-1000 0 -1000 0 -1000 0","4 -1000","8
2 2 1 3 1 4 1 5","6 1","7
0 0 0 0 0 0 0","6 0"
"B-007-5","Highest Point on the Trail","Bronze","Arrays","The maximum is the largest elevation recorded. The position reported alongside it is counted starting at 1. When the same peak elevation is measured more than once, the earliest position is the one that is reported.","Read N elevation measurements. Print the maximum elevation followed by the 1-based position of its first occurrence, separated by a space.","Line 1: N.
Line 2: N space-separated integers.","N: 1-100
elevations: -1000 to 10000","5
120 340 340 90 200","340 2","5
120 340 340 90 200","340 2","1
-1000","-1000 1","3
7 7 7","7 1","4
1 2 3 4","4 4","4
4 3 2 1","4 1","6
0 0 0 0 0 0","0 1","8
10000 5 10000 5 10000 5 5 5","10000 1","7
-5 -4 -3 -2 -1 -2 -3","-1 5"
"B-008-1","Count the Rich Accounts","Bronze","Loops","Counting means reporting how many entries pass a test, not the entries themselves. The test here is 'strictly greater than T', so a balance exactly equal to T is not counted. If nothing passes, the answer is 0.","Read N account balances and print how many of them are strictly greater than T.","Line 1: N, T (space-separated).
Line 2: N space-separated integers.","N: 1-100
T: -10000 to 10000
balances: -10000 to 10000","5 100
50 150 100 200 99","2","5 100
50 150 100 200 99","2","1 0
0","0","1 0
1","1","4 10000
1 2 3 4","0","4 -10000
1 2 3 4","4","6 0
-1 0 1 -2 0 2","2","8 5
5 5 5 5 5 5 5 5","0","3 -1
-1 -2 0","1"
"B-008-2","Count the Odd Days","Bronze","Loops","A number is odd when dividing it by 2 leaves a remainder of 1. Negative numbers can be odd too: -3 is odd because it is not evenly divisible by 2. Zero is even, so it is never counted.","Read N daily step counts and print how many of them are odd numbers.","Line 1: N.
Line 2: N space-separated integers.","N: 1-100
step counts: -10000 to 10000","5
1001 2000 333 4444 5","3","5
1001 2000 333 4444 5","3","1
0","0","1
-1","1","4
2 4 6 8","0","4
1 3 5 7","4","6
-1 -2 -3 -4 -5 -6","3","8
0 0 0 0 0 0 0 1","1","3
10000 9999 -9999","2"
"B-008-3","Count the Freezing Readings","Bronze","Loops","A reading is below freezing when it is strictly less than zero. Exactly 0.0 degrees is not below zero and so is not counted. Readings are decimal values, so -0.1 counts even though it is only just negative.","Read N Celsius temperature readings and print how many of them are below 0.","Line 1: N.
Line 2: N space-separated decimal numbers.","N: 1-100
readings: -100.0 to 100.0, given with one decimal place","5
-3.5 0.0 12.1 -0.2 7.8","2","5
-3.5 0.0 12.1 -0.2 7.8","2","1
0.0","0","1
-0.1","1","4
1.0 2.0 3.0 4.0","0","4
-1.0 -2.0 -3.0 -4.0","4","6
0.0 0.0 0.0 0.0 0.0 0.0","0","8
-100.0 100.0 -0.1 0.1 -50.5 50.5 0.0 -0.0","3","3
-99.9 -0.5 0.5","2"
"B-008-4","Count the Divisible Codes","Bronze","Loops","A code is divisible by K when dividing it by K leaves a remainder of exactly zero. Zero itself is divisible by every K. Only the count is reported, not the codes.","Read N product codes and print how many are divisible by K.","Line 1: N, K (space-separated).
Line 2: N space-separated integers.","N: 1-100
K: 1-1000
codes: -10000 to 10000","6 5
5 12 25 30 7 0","4","6 5
5 12 25 30 7 0","4","1 1
999","1","1 3
7","0","4 2
1 3 5 7","0","4 2
2 4 6 8","4","6 7
-7 -14 7 14 0 1","5","8 1000
1000 2000 -1000 999 1001 0 500 10000","5","3 9
9 18 27","3"
"B-008-5","Count the Capitals","Bronze","Strings","An uppercase letter is one of the 26 characters A through Z. Digits, punctuation, spaces and lowercase letters all fail the test. The string may mix any of these together.","Read a line of text and print how many characters are uppercase English letters (A-Z).","Line 1: the string S.","length of S: 1-100
S may contain letters, digits, spaces and symbols","Hello World 123!","2","Hello World 123!","2","a","0","A","1","abcdef","0","ABCDEF","6","1234567890","0","aA bB cC dD eE fF","6","!@#$%^&*()","0"
"B-009-1","Positive Odd-Position Sum","Bronze","Loops","Two filters apply at once: the element must sit at an odd position (positions start at 1) and it must be strictly positive. An element failing either test contributes nothing. If no element passes both, the total is 0.","Read N integers and print the sum of all positive elements located at odd positions (1-based). If no element qualifies, print 0.","Line 1: N.
Line 2: N space-separated integers.","N: 1-100
positions are 1-based
values: -10000 to 10000","5
4 -2 -7 8 9","13","5
4 -2 -7 8 9","13","1
-5","0","1
5","5","4
-1 -2 -3 -4","0","4
1 2 3 4","4","6
0 0 0 0 0 0","0","8
10 -10 20 -20 30 -30 40 -40","100","7
-1 100 -1 100 -1 100 -1","0"
"B-009-2","Every Third Bit","Bronze","Loops","Only the bits sitting at positions 3, 6, 9 and so on are examined; positions start at 1. Their product is 1 only when every one of them is 1, because a single 0 drags the product to 0. If the sequence is too short to have any such position, the answer is 1, the multiplicative identity.","Read N bits and compute the product of all bits at positions that are multiples of 3. Print 1 if that product equals 1, otherwise 0. If no such position exists, print 1.","Line 1: N.
Line 2: N space-separated bits, each 0 or 1.","N: 1-100
positions are 1-based
bits: 0 or 1","7
1 0 1 1 0 1 0","1","7
1 0 1 1 0 1 0","1","1
0","1","2
1 1","1","3
1 1 0","0","3
0 0 1","1","6
1 1 1 1 1 1","1","9
0 0 1 0 0 1 0 0 0","0","8
1 1 1 1 1 1 1 1","1"
"B-009-3","Digit Sums of Multiples","Bronze","Loops","Only numbers divisible by K are considered. For each of those, its decimal digits are added up: the digit sum of 45 is 4 + 5 = 9. All those digit sums are then totalled. Zero is divisible by every K and has a digit sum of 0.","Read N integers and print the total of the decimal digit-sums of every element divisible by K. If no element is divisible by K, print 0.","Line 1: N, K (space-separated).
Line 2: N space-separated integers.","N: 1-100
K: 1-10
values: 0-1000000","5 3
12 45 7 99 100","30","5 3
12 45 7 99 100","30","1 1
0","0","1 5
7","0","4 2
1 3 5 7","0","4 2
2 4 6 8","20","6 10
10 20 30 40 50 60","21","8 7
7 14 21 28 35 42 49 50","52","3 1
1000000 999999 1","56"
"B-009-4","Within Tolerance","Bronze","Loops","An element is within tolerance when its distance from zero is at most T, meaning both x and -x are compared against the same bound. The boundary is included, so a value of exactly T or exactly -T qualifies. Both how many qualified and their total are reported.","Read N integers and count how many satisfy |value| <= T, also computing the sum of those values. Print the count and the sum separated by a space. If none qualify, print '0 0'.","Line 1: N, T (space-separated).
Line 2: N space-separated integers.","N: 1-100
T: 0-1000000
values: -1000000 to 1000000","5 10
3 -12 10 -10 25","3 3","5 10
3 -12 10 -10 25","3 3","1 0
0","1 0","1 0
1","0 0","4 5
-6 -7 -8 -9","0 0","4 5
5 -5 5 -5","4 0","6 1000000
1000000 -1000000 0 1 -1 500","6 500","8 3
0 1 2 3 4 -1 -2 -3","7 0","3 2
-3 3 2","1 2"
"B-009-5","Heads and Even","Bronze","Loops","Each coin carries both a value and a face label, H for heads or T for tails. A coin counts only if it is showing heads AND its value is an even number; failing either condition excludes it. Zero is even, so a heads coin worth 0 qualifies but adds nothing.","Read N coin values and a label string of H and T characters. Print the sum of values for coins labelled 'H' whose value is even. If no coin matches, print 0.","Line 1: N.
Line 2: N space-separated non-negative integers.
Line 3: a string of N characters, each 'H' or 'T'.","N: 1-100
values: 0-1000000
label string length equals N","5
4 7 10 3 6
HTHHT","14","5
4 7 10 3 6
HTHHT","14","1
0
H","0","1
2
T","0","4
1 3 5 7
HHHH","0","4
2 4 6 8
TTTT","0","6
1000000 999999 0 2 4 6
HHHHHH","1000012","8
1 2 3 4 5 6 7 8
HTHTHTHT","0","3
5 5 5
HHH","0"
"B-010-1","Find the Target","Bronze","Arrays","A linear scan walks the array from left to right and stops at the very first item that matches. Later matches are irrelevant once one has been found. Positions are counted starting at 1, and a missing target is reported as -1.","Read N integers and a target T. Print the 1-based index of the first element equal to T, or -1 if T does not appear.","Line 1: N, T (space-separated).
Line 2: N space-separated integers.","N: 1-100
T: -10000 to 10000
values: -10000 to 10000","5 7
3 7 1 7 9","2","5 7
3 7 1 7 9","2","1 5
5","1","1 5
6","-1","4 0
1 2 3 4","-1","4 4
4 4 4 4","1","6 -3
1 -3 2 -3 3 -3","2","8 8
1 2 3 4 5 6 7 8","8","3 10000
-10000 0 10000","3"
"B-010-2","First Tall Person","Bronze","Arrays","The queue is scanned from the front backwards, stopping at the first person strictly taller than H; someone exactly H tall does not qualify. Positions start at 0, so the person at the front is at position 0. If nobody is tall enough the word NONE is printed instead.","Read N heights in queue order (front to back) and a threshold H. Print the 0-based position of the first person strictly taller than H, or NONE if nobody qualifies.","Line 1: N, H (space-separated).
Line 2: N space-separated integers.","N: 1-100
positions are 0-based
H and heights: 1-300","5 170
165 180 172 190 160","1","5 170
165 180 172 190 160","1","1 100
100","NONE","1 100
101","0","4 300
100 150 200 250","NONE","4 1
2 3 4 5","0","6 175
175 175 175 175 175 176","5","8 150
300 1 300 1 300 1 1 1","0","3 200
199 200 201","2"
"B-010-3","Locate the Product Class","Bronze","Arrays","The shelf is read from left to right and the first position whose category matches the request is reported. Positions start at 1, which frees up 0 to mean 'not found anywhere on the shelf'.","Read N product category IDs along a shelf and a requested class C. Print the 1-based position of the first product whose category equals C, or 0 if no product matches.","Line 1: N, C (space-separated).
Line 2: N space-separated integers.","N: 1-100
C and category IDs: 1-1000","6 4
2 9 4 4 7 1","3","6 4
2 9 4 4 7 1","3","1 3
3","1","1 3
4","0","4 5
1 2 3 4","0","4 1
1 1 1 1","1","6 1000
1 2 3 4 5 1000","6","8 2
2 2 2 2 2 2 2 2","1","3 7
1 7 7","2"
"B-010-4","First Passing Grade","Bronze","Arrays","Scores are read oldest to newest and the search stops at the first one that reaches the pass mark. 'At least P' includes P itself, so a score exactly equal to the pass mark counts as a pass. If the mark is never reached, the word NO is printed.","Read N exam scores in chronological order and a passing mark P. Print the 1-based index of the first score that is at least P, or NO if the mark is never reached.","Line 1: N, P (space-separated).
Line 2: N space-separated integers.","N: 1-100
P and scores: 0-100","5 60
45 50 72 40 88","3","5 60
45 50 72 40 88","3","1 50
50","1","1 50
49","NO","4 100
97 98 99 100","4","4 0
0 0 0 0","1","6 75
74 74 74 74 74 74","NO","8 60
100 0 100 0 100 0 0 0","1","3 1
0 0 1","3"
"B-010-5","First Upward Move","Bronze","Arrays","Neighbouring days are compared in pairs, looking for the first time the price goes strictly up from one day to the next. Equal prices do not count as an increase. The answer is the 1-based index of the earlier day in that pair, or -1 when prices never rise.","Read N daily stock prices in time order. Print the 1-based index i of the earliest adjacent pair where price[i] < price[i+1], or -1 if no such pair exists.","Line 1: N.
Line 2: N space-separated integers.","N: 1-100
prices: 0-100000","5
9 8 8 12 3","3","5
9 8 8 12 3","3","1
5","-1","2
1 2","1","2
2 1","-1","4
4 3 2 1","-1","4
1 1 1 1","-1","8
5 5 5 5 5 5 5 6","7","6
100000 0 100000 0 100000 0","2"
"B-011-1","Is It Sorted","Bronze","Arrays","A sequence is nondecreasing when every element is less than or equal to the one after it, so it never steps downward. Equal neighbours are allowed, meaning [2, 2, 5] is nondecreasing. A single element is trivially nondecreasing since there are no pairs to compare.","Read N integers and print YES if the sequence is nondecreasing, otherwise NO.","Line 1: N.
Line 2: N space-separated integers.","N: 1-100
values: -10000 to 10000","5
1 3 3 7 9","YES","5
1 3 3 7 9","YES","1
5","YES","2
2 1","NO","2
1 2","YES","4
4 4 4 4","YES","6
1 2 3 4 5 0","NO","8
-10000 -1 0 1 2 3 4 10000","YES","3
0 -1 0","NO"
"B-011-2","Smooth Enough","Bronze","Arrays","The gap between two neighbours is the absolute difference between them, so direction does not matter: the gap between 5 and 9 is the same as between 9 and 5. The sequence passes only if every single adjacent gap is at most K. One bad gap is enough to fail.","Read N integers and a limit K. Print YES if every adjacent pair differs by at most K in absolute value, otherwise NO.","Line 1: N, K (space-separated).
Line 2: N space-separated integers.","N: 1-100
K: 0-20000
values: -10000 to 10000","5 3
4 6 5 8 7","YES","5 3
4 6 5 8 7","YES","1 0
99","YES","2 0
5 5","YES","2 0
5 6","NO","4 1
1 2 3 5","NO","6 20000
-10000 10000 -10000 10000 0 0","YES","8 2
1 3 5 7 9 11 13 15","YES","3 4
0 4 9","NO"
"B-011-3","Perfect Alternation","Bronze","Strings","A binary string alternates strictly when no two neighbouring characters are the same, producing patterns like 0101 or 1010. Any place where two identical bits sit side by side breaks the pattern. A single-character string alternates trivially.","Read a binary string and print YES if no two adjacent characters are equal, otherwise NO.","Line 1: the binary string S (characters 0 and 1 only).","length of S: 1-100","010101","YES","010101","YES","0","YES","00","NO","01","YES","1010101010","YES","0101101010","NO","1111111111","NO","10101010101010101011","NO"
"B-011-4","Find a Close Pair","Bronze","Arrays","Neighbouring heights are compared in pairs, looking for one whose absolute difference is at most D. The boundary counts, so a difference of exactly D qualifies. When several pairs qualify, report the earliest one; the index printed is that of the left member of the pair.","Read N heights and a limit D. Print the smallest 1-based index i such that |h[i+1] - h[i]| <= D, or -1 if no adjacent pair is that close.","Line 1: N, D (space-separated).
Line 2: N space-separated integers.","N: 1-100
D: 0-20000
heights: -10000 to 10000","5 2
10 20 21 40 60","2","5 2
10 20 21 40 60","2","1 5
7","-1","2 0
3 3","1","2 0
3 4","-1","4 1
10 20 30 40","-1","6 0
1 2 3 4 5 5","5","8 100
1 2 3 4 5 6 7 8","1","3 3
0 10 7","2"
"B-011-5","No Repeats Side by Side","Bronze","Strings","The list is checked for two identical words sitting next to each other. A word may appear many times overall without breaking the rule, as long as its copies are never adjacent. If a violation exists, the 1-based index of the first (left) word of that pair is reported.","Read N words and verify that no two neighbouring words are equal. Print OK if the property holds, otherwise print the 1-based index i of the first position where w[i] equals w[i+1].","Line 1: N.
Line 2: N space-separated words.","N: 1-100
words: 1-20 lowercase letters","5
red blue blue green red","2","5
red blue blue green red","2","1
solo","OK","2
same same","1","2
this that","OK","4
a b a b","OK","6
x y z z y x","3","8
cat dog cat dog cat dog cat cat","7","3
up up up","1"
"B-012-1","Best Two-Day Haul","Bronze","Arrays","Only pairs of days that sit next to each other are considered, never days further apart. Each pair's earnings are added together and the largest such total wins. Earnings can be negative, so the best total may still be a negative number.","Read N daily earnings in order and print the maximum sum of any two consecutive days.","Line 1: N.
Line 2: N space-separated integers.","N: 2-100
earnings: -1000000 to 1000000","5
3 -1 4 8 -2","12","5
3 -1 4 8 -2","12","2
1 2","3","2
-5 -5","-10","4
-1 -2 -3 -4","-3","4
-4 -3 -2 -1","-3","6
1000000 1000000 -1000000 0 0 0","2000000","8
5 5 5 5 5 5 5 5","10","3
-1000000 -1000000 -1000000","-2000000"
"B-012-2","Steadiest Moment","Bronze","Arrays","Every neighbouring pair of readings has a gap, measured as an absolute difference so it is never negative. The smallest such gap marks the steadiest moment. If several pairs share that same smallest gap, the earliest one wins, and its left index is reported.","Read N temperature readings. Print the minimum absolute difference between adjacent readings, followed by the 1-based left index of the first pair achieving it, separated by a space.","Line 1: N.
Line 2: N space-separated integers.","N: 2-100
readings: -1000000 to 1000000","5
10 14 15 30 31","1 2","5
10 14 15 30 31","1 2","2
5 5","0 1","2
-1000000 1000000","2000000 1","4
1 2 3 4","1 1","4
10 0 10 0","10 1","6
5 5 9 9 1 1","0 1","8
0 3 6 9 12 15 18 19","1 7","3
-5 -5 -5","0 1"
"B-012-3","Strongest Adjacent Product","Bronze","Arrays","Each neighbouring pair of troop strengths is multiplied together and the largest product wins. Watch the signs: two negative numbers multiply to a positive, so a pair of large negatives can beat a pair of small positives. Products may be much larger than the inputs themselves.","Read N troop strengths along a line and print the largest product of any two adjacent strengths.","Line 1: N.
Line 2: N space-separated integers.","N: 2-100
strengths: -100000 to 100000","5
2 3 -4 -5 1","20","5
2 3 -4 -5 1","20","2
0 0","0","2
-7 6","-42","4
1 2 3 4","12","4
-1 -2 -3 -4","12","6
100000 100000 0 1 1 1","10000000000","8
-100000 -100000 1 1 1 1 1 1","10000000000","3
-3 0 -3","0"
"B-012-4","Busiest Adjacent Window","Bronze","Arrays","Neighbouring timestamps are summed and the pair with the largest total is located. What gets reported is not the sum itself but the two positions involved, left one first, counted from 1. Ties are broken by choosing the pair with the smaller left index.","Read N timestamps in chronological order. Find the adjacent pair with the largest sum and print its two 1-based indices (left then right), separated by a space. If several pairs tie, choose the earliest left index.","Line 1: N.
Line 2: N space-separated integers.","N: 2-100
timestamps: -1000000 to 1000000","5
4 9 2 11 1","1 2","5
4 9 2 11 1","1 2","2
1 2","1 2","2
-5 -5","1 2","4
1 1 1 1","1 2","4
1 2 3 4","3 4","6
-1000000 -1000000 0 0 -1 -1","3 4","8
5 5 5 5 5 5 5 5","1 2","3
1000000 0 1000000","1 2"
"B-012-5","Closest to Cancelling Out","Bronze","Arrays","Two neighbouring voltages cancel out when they add to zero, so the pair whose sum is nearest to zero is wanted. The measure is the absolute value of the sum, meaning -2 and +2 are equally close. The two actual readings are printed, not their positions.","Read N sensor voltage readings. Find the adjacent pair whose values have the smallest absolute sum and print those two values (left then right), separated by a space. If several pairs tie, choose the earliest left index.","Line 1: N.
Line 2: N space-separated integers.","N: 2-100
readings: -1000000 to 1000000","5
7 -6 3 -3 8","3 -3","5
7 -6 3 -3 8","3 -3","2
1 -1","1 -1","2
4 4","4 4","4
5 -5 5 -5","5 -5","4
1 2 3 4","1 2","6
-1000000 1000000 2 -1 0 0","-1000000 1000000","8
9 9 9 9 9 9 9 -9","9 -9","3
-2 2 -2","-2 2"
"B-013-1","Digit Census","Bronze","Counting","A tally counts how many times each possible value shows up. Here all ten digits 0 through 9 are always reported in that fixed order, even the ones that never appear, which get a count of 0. The string '112' produces the tally 0 2 1 0 0 0 0 0 0 0.","Read a string of decimal digits and print ten integers: how many times each digit 0 through 9 appears, in that exact order.","Line 1: the string S (characters 0-9 only).","length of S: 1-100","112","0 2 1 0 0 0 0 0 0 0","112","0 2 1 0 0 0 0 0 0 0","0","1 0 0 0 0 0 0 0 0 0","9","0 0 0 0 0 0 0 0 0 1","0123456789","1 1 1 1 1 1 1 1 1 1","1111111111","0 10 0 0 0 0 0 0 0 0","9876543210","1 1 1 1 1 1 1 1 1 1","5005005005","6 0 0 0 0 4 0 0 0 0","0000011111","5 5 0 0 0 0 0 0 0 0"
"B-013-2","Letter Census","Bronze","Counting","Every one of the 26 letters from a to z is reported in alphabetical order, including letters that never occur, which score 0. The output therefore always contains exactly 26 numbers no matter how short the input is.","Read a string of N lowercase letters and print 26 integers: the count of each letter from 'a' to 'z' in alphabetical order.","Line 1: N.
Line 2: a string of exactly N lowercase letters.","N: 1-100","5
abaca","3 1 1 0 0 0 0 0 0 0 0 0 0 0 0 0 0 0 0 0 0 0 0 0 0 0","5
abaca","3 1 1 0 0 0 0 0 0 0 0 0 0 0 0 0 0 0 0 0 0 0 0 0 0 0","1
a","1 0 0 0 0 0 0 0 0 0 0 0 0 0 0 0 0 0 0 0 0 0 0 0 0 0","1
z","0 0 0 0 0 0 0 0 0 0 0 0 0 0 0 0 0 0 0 0 0 0 0 0 0 1","26
abcdefghijklmnopqrstuvwxyz","1 1 1 1 1 1 1 1 1 1 1 1 1 1 1 1 1 1 1 1 1 1 1 1 1 1","10
zzzzzzzzzz","0 0 0 0 0 0 0 0 0 0 0 0 0 0 0 0 0 0 0 0 0 0 0 0 0 10","6
aabbcc","2 2 2 0 0 0 0 0 0 0 0 0 0 0 0 0 0 0 0 0 0 0 0 0 0 0","9
byteblitz","0 2 0 0 1 0 0 0 1 0 0 1 0 0 0 0 0 0 0 2 0 0 0 0 1 1","12
mississippii","0 0 0 0 0 0 0 0 5 0 0 0 1 0 0 2 0 0 4 0 0 0 0 0 0 0"
"B-013-3","Colour Census","Bronze","Counting","The six colours are always reported in the fixed order red, orange, yellow, green, blue, purple, regardless of the order they appear in the input. Colours that never appear still get printed with a count of 0.","Read N colour names and print six integers: the count of each colour in the fixed order red, orange, yellow, green, blue, purple.","Line 1: N.
Line 2: N space-separated colour names.","N: 1-100
colours are always one of: red, orange, yellow, green, blue, purple","5
red blue red green blue","2 0 0 1 2 0","5
red blue red green blue","2 0 0 1 2 0","1
purple","0 0 0 0 0 1","1
red","1 0 0 0 0 0","6
red orange yellow green blue purple","1 1 1 1 1 1","4
yellow yellow yellow yellow","0 0 4 0 0 0","8
blue blue blue red red purple orange orange","2 2 0 0 3 1","3
green green green","0 0 0 3 0 0","7
purple blue green yellow orange red purple","1 1 1 1 1 2"
"B-013-4","Weekday Census","Bronze","Counting","The seven weekdays are always reported starting with Monday and ending with Sunday, no matter what order they arrived in. Days that never appear are printed as 0. Names are matched exactly, including their capital first letter.","Read N weekday names and print seven integers: the count of Monday, Tuesday, Wednesday, Thursday, Friday, Saturday, Sunday in that order.","Line 1: N.
Line 2: N space-separated weekday names.","N: 1-100
names are always one of: Monday, Tuesday, Wednesday, Thursday, Friday, Saturday, Sunday","5
Monday Friday Monday Sunday Friday","2 0 0 0 2 0 1","5
Monday Friday Monday Sunday Friday","2 0 0 0 2 0 1","1
Sunday","0 0 0 0 0 0 1","1
Monday","1 0 0 0 0 0 0","7
Monday Tuesday Wednesday Thursday Friday Saturday Sunday","1 1 1 1 1 1 1","4
Saturday Saturday Sunday Sunday","0 0 0 0 0 2 2","8
Wednesday Wednesday Wednesday Monday Monday Tuesday Friday Friday","2 1 3 0 2 0 0","3
Thursday Thursday Thursday","0 0 0 3 0 0 0","6
Tuesday Monday Tuesday Monday Tuesday Monday","3 3 0 0 0 0 0"
"B-013-5","Rating Census","Bronze","Counting","Ratings run from 1 to 5 and all five are always reported in increasing order, including any that nobody gave, which appear as 0. The output always contains exactly five numbers.","Read N ratings, each between 1 and 5, and print five integers: the frequency of ratings 1, 2, 3, 4 and 5 respectively.","Line 1: N.
Line 2: N space-separated integers.","N: 1-100
ratings: 1-5","6
5 3 5 1 4 5","1 0 1 1 3","6
5 3 5 1 4 5","1 0 1 1 3","1
1","1 0 0 0 0","1
5","0 0 0 0 1","5
1 2 3 4 5","1 1 1 1 1","4
3 3 3 3","0 0 4 0 0","8
1 1 2 2 4 4 5 5","2 2 0 2 2","3
2 2 2","0 3 0 0 0","10
5 4 3 2 1 1 2 3 4 5","2 2 2 2 2"
"B-014-1","Most Popular Digit","Bronze","Counting","Every digit from 0 to 9 is a candidate, and digits that never appear simply have a count of 0. The winner is whichever digit appears most often. When two or more digits are tied at the top, the smallest of those digits is chosen.","Read N digits and print the digit that appears most often. If several digits tie, print the smallest one among them.","Line 1: N.
Line 2: N space-separated digits.","N: 1-100
digits: 0-9","7
3 5 3 9 5 3 1","3","7
3 5 3 9 5 3 1","3","1
7","7","2
4 2","2","4
1 1 2 2","1","5
9 9 9 9 9","9","6
0 0 0 1 1 1","0","8
9 8 7 6 5 4 3 2","2","3
0 5 0","0"
"B-014-2","Least Popular Colour","Bronze","Counting","All eight colours are candidates in the fixed order red, orange, yellow, green, blue, indigo, violet, brown, and a colour nobody voted for has a count of 0, which usually makes it the winner. The least frequent colour is wanted. Ties go to whichever colour comes first in that listed order.","Read N colour votes and print the least frequent colour. If several colours tie, print the one appearing earliest in the order red, orange, yellow, green, blue, indigo, violet, brown.","Line 1: N.
Line 2: N space-separated colour names.","N: 1-100
colours are always one of: red, orange, yellow, green, blue, indigo, violet, brown","5
red blue red violet blue","orange","5
red blue red violet blue","orange","1
brown","red","8
red orange yellow green blue indigo violet brown","red","9
red red orange yellow green blue indigo violet brown","orange","3
brown brown brown","red","10
violet violet brown brown red red orange orange yellow yellow","green","4
indigo indigo indigo indigo","red","16
red red orange orange yellow yellow green green blue blue indigo indigo violet violet brown brown","red"
"B-014-3","Most Common Rating","Bronze","Counting","All five ratings from 1 to 5 are candidates, and a rating nobody gave counts as 0. The most common rating wins. Unusually, ties here are broken by choosing the HIGHEST tied rating rather than the lowest.","Read N ratings between 1 and 5 and print the most common rating. If there is a tie, print the highest rating among those tied.","Line 1: N.
Line 2: N space-separated integers.","N: 1-100
ratings: 1-5","6
4 2 4 5 2 1","4","6
4 2 4 5 2 1","4","1
3","3","2
1 5","5","4
1 1 5 5","5","5
3 3 3 3 3","3","8
1 1 2 2 3 3 4 4","4","3
5 4 3","5","10
2 2 2 4 4 4 1 1 1 5","4"
"B-014-4","Most Chosen Option","Bronze","Counting","The four options A, B, C and D are all candidates, and an option nobody picked counts as 0. The option chosen most often wins, and when there is a tie the alphabetically smallest of the tied options is reported.","Read N multiple-choice answers, each one of A, B, C or D, and print the option that occurs most frequently. If there is a tie, print the alphabetically smallest tied option.","Line 1: N.
Line 2: N space-separated letters, each A, B, C or D.","N: 1-100
answers: A, B, C or D","6
B D B A C B","B","6
B D B A C B","B","1
D","D","2
A B","A","4
C C D D","C","5
A A A A A","A","8
A A B B C C D D","A","3
D D C","D","7
B B B C C C D","B"
"B-014-5","Least Chosen Emoji","Bronze","Counting","The ten labels emoji1 through emoji10 are all candidates in that order, and any label nobody chose counts as 0. The least chosen label is reported, with ties broken by taking the lowest-numbered label in the list.","Read N emoji labels and print the least chosen one. If several tie, print the one appearing earliest in the order emoji1, emoji2, ..., emoji10.","Line 1: N.
Line 2: N space-separated labels from emoji1 to emoji10.","N: 1-100
labels are always one of: emoji1 ... emoji10","5
emoji3 emoji1 emoji3 emoji7 emoji1","emoji2","5
emoji3 emoji1 emoji3 emoji7 emoji1","emoji2","1
emoji10","emoji1","10
emoji1 emoji2 emoji3 emoji4 emoji5 emoji6 emoji7 emoji8 emoji9 emoji10","emoji1","11
emoji1 emoji1 emoji2 emoji3 emoji4 emoji5 emoji6 emoji7 emoji8 emoji9 emoji10","emoji2","3
emoji5 emoji5 emoji5","emoji1","12
emoji10 emoji10 emoji9 emoji9 emoji8 emoji8 emoji7 emoji7 emoji6 emoji6 emoji5 emoji5","emoji1","4
emoji2 emoji2 emoji2 emoji2","emoji1","20
emoji1 emoji1 emoji2 emoji2 emoji3 emoji3 emoji4 emoji4 emoji5 emoji5 emoji6 emoji6 emoji7 emoji7 emoji8 emoji8 emoji9 emoji9 emoji10 emoji10","emoji1"
"B-015-1","Exact Palindrome","Bronze","Strings","A palindrome reads the same forwards and backwards, like 'level'. This check is case-sensitive, so 'Aba' is NOT a palindrome because the capital A does not match the lowercase a. An empty string counts as a palindrome, as does any single character.","Read a string S and print YES if it reads identically forwards and backwards (case-sensitive), otherwise NO.","Line 1: the string S (may be empty).","length of S: 0-100
S contains English letters only","level","YES","level","YES","","YES","a","YES","ab","NO","Aba","NO","abba","YES","racecarr","NO","AbBA","NO"
"B-015-2","Palindrome After Cleaning","Bronze","Strings","Before checking, every space and comma is stripped out of the text, leaving only the letters. The palindrome test then runs on that cleaned-up string. So 'ab, ba' cleans to 'abba', which reads the same both ways.","Read a line of text made of lowercase letters, spaces and commas. Remove all spaces and commas, then print YES if what remains is a palindrome, otherwise NO.","Line 1: the text T (lowercase letters, spaces and commas only).","length of T: 1-100","ab, ba","YES","ab, ba","YES","a","YES","ab","NO","never odd or even","YES",",,,","YES","a man a plan a canal panama","YES","no lemon, no melon","YES","hello world","NO"
"B-015-3","Symmetric Array","Bronze","Arrays","An array is symmetric when the first element matches the last, the second matches the second-to-last, and so on inward. An array of length 0 or 1 is symmetric because there is nothing that can mismatch.","Read N integers and print YES if the array is symmetric (element i equals element N+1-i for every position), otherwise NO.","Line 1: N.
Line 2: N space-separated integers (this line is empty when N is 0).","N: 0-100
values: -10000 to 10000","5
1 2 3 2 1","YES","5
1 2 3 2 1","YES","0
","YES","1
7","YES","2
4 4","YES","2
4 5","NO","4
1 2 2 1","YES","6
1 2 3 3 2 2","NO","8
-1 0 1 5 5 1 0 -1","YES"
"B-015-4","Case-Blind Palindrome","Bronze","Strings","Every uppercase letter is first folded down to lowercase, while digits are left exactly as they are. The palindrome test then runs on that normalised string, so 'AbBa' passes because it becomes 'abba'.","Read a string of letters and digits. Convert all uppercase letters to lowercase, then print YES if the result reads the same forwards and backwards, otherwise NO.","Line 1: the string S (English letters and digits only).","length of S: 1-100","AbBa","YES","AbBa","YES","a","YES","1","YES","Aa","YES","Ab","NO","1A2a1","YES","RaceCar","YES","12321a","NO"
"B-015-5","Where It Breaks","Bronze","Strings","The string is compared against its mirror image from the outside in: position 1 against the last position, position 2 against the second-to-last, and so on. If everything matches the answer is YES; otherwise the 1-based position of the leftmost mismatch is reported instead.","Read a string S. If S is a palindrome (case-sensitive), print YES. Otherwise print the 1-based index of the leftmost position whose character differs from its mirror position.","Line 1: the string S (may be empty).","length of S: 0-100
S contains English letters only","abcda","2","abcda","2","","YES","a","YES","ab","1","abba","YES","abcde","1","aabaa","YES","racecarX","1"
"B-016-1","Mirror Mismatches","Bronze","Strings","Characters are paired up from the outside inward: the 1st with the last, the 2nd with the second-to-last, and so on. With an odd length the exact middle character has no partner and is simply ignored. The answer counts how many of those pairs disagree.","Read a string S and print how many mirror pairs (positions i and N+1-i) contain different characters.","Line 1: the string S.","length of S: 1-100
S contains English letters only","abcda","1","abcda","1","a","0","ab","1","abba","0","abcde","2","abcdef","3","aaaaaa","0","xyzzyx","0"
"B-016-2","Mirror Distance","Bronze","Arrays","Elements are paired from the outside inward, first with last and so on, and with an odd length the middle element is left out. For each pair the absolute difference is taken, so order within the pair does not matter, and all those differences are added up.","Read N integers and print the sum of |A[i] - A[N+1-i]| over all mirror pairs.","Line 1: N.
Line 2: N space-separated integers.","N: 1-100
values: -10000 to 10000","5
1 5 9 2 4","6","5
1 5 9 2 4","6","1
7","0","2
3 3","0","2
3 10","7","4
1 2 2 1","0","6
-5 0 5 5 0 5","10","8
1 1 1 1 1 1 1 1","0","7
10000 -10000 0 99 0 10000 -10000","40000"
"B-016-3","List the Broken Mirrors","Bronze","Strings","Bits are paired from the outside inward, and with an odd length the middle bit has no partner. Rather than counting the disagreeing pairs, this task lists the left-hand position of each one, in increasing order. If every pair agrees, the output line is empty.","Read a binary string B. Print the 1-based left-side indices i where B[i] differs from B[N+1-i], in increasing order, separated by spaces. If there are none, print an empty line.","Line 1: the binary string B (characters 0 and 1 only).","length of B: 1-100","010110","3","010110","3","0","","01","1","00","","0110","","000111","1 2 3","10101","","1111111111",""
"B-016-4","DNA Mirror Faults","Bronze","Strings","A DNA string uses only the four letters A, C, G and T. Positions are paired from the outside inward, and an odd-length strand leaves its middle base unpaired. The answer is how many of those pairs hold different bases.","Read a DNA string D over the alphabet A, C, G, T. Print the number of mirror pairs (positions i and N+1-i) where the two bases differ.","Line 1: the DNA string D (characters A, C, G, T only).","length of D: 1-100","ACGTA","1","ACGTA","1","A","0","AC","1","AA","0","ACGT","2","ACGTGCA","0","AAAAAA","0","ACGTTGCA","0"
"B-016-5","Report the Mismatched Tiles","Bronze","Arrays","Tiles are paired from the outside inward, first with last and so on. First the number of disagreeing pairs is printed, then one line per disagreeing pair giving its left and right positions. When nothing disagrees, the output is just the single number 0.","Read N tile colours. Print the number of mirror pairs whose colours are unequal, then print that many lines, each containing the left and right 1-based indices (i and N+1-i) of a mismatched pair, in increasing order of i.","Line 1: N.
Line 2: N space-separated integers.","N: 1-100
colours: 0-1000","5
1 2 3 4 1","1
2 4","5
1 2 3 4 1","1
2 4","1
7","0","2
3 3","0","2
3 4","1
1 2","4
1 2 2 1","0","6
1 2 3 4 5 6","3
1 6
2 5
3 4","7
1 1 1 9 1 1 1","0","8
0 1000 0 1000 1000 0 1000 0","0"
"B-017-1","Four-Way Character Split","Bronze","Strings","Each character is sorted into at most one bucket. Vowels are a, e, i, o, u in either case; consonants are all other English letters; digits are 0-9; and punctuation means only the marks in this exact set: . , ! ? : ; - ' "" ( ) [ ] { }. Anything else, such as a space, is ignored entirely.","Read a line of text and print four integers: the counts of vowels, consonants, digits and punctuation, in that order.","Line 1: the string S.","length of S: 1-100
S contains printable ASCII characters
punctuation set: . , ! ? : ; - ' "" ( ) [ ] { }","Hello, World! 42","3 7 2 2","Hello, World! 42","3 7 2 2","a","1 0 0 0","z","0 1 0 0","12345","0 0 5 0","...!!!???","0 0 0 9","AEIOUaeiou","10 0 0 0","bcd BCD 007 (x)","0 7 3 2","   ","0 0 0 0"
"B-017-2","Nameplate Breakdown","Bronze","Strings","Four separate tallies are kept: capital letters A-Z, small letters a-z, space characters, and digits 0-9. Every other character, such as a hyphen or full stop, belongs to none of these and is simply not counted.","Read a nameplate line and print four integers: the counts of uppercase letters, lowercase letters, spaces and digits, in that order.","Line 1: the string S.","length of S: 1-100
S contains printable ASCII characters","John Smith 42","2 7 2 2","John Smith 42","2 7 2 2","a","0 1 0 0","A","1 0 0 0"," ","0 0 1 0","ABCdef123","3 3 0 3","   1   ","0 0 6 1","no-digits-here","0 12 0 0","MiXeD CaSe 007","5 4 2 3"
"B-017-3","Log Line Anatomy","Bronze","Strings","Characters are grouped into four buckets: letters A-Z and a-z, digits 0-9, bracket characters from the set [ ] ( ) { } < >, and other printable symbols. That last bucket means any printable character that is not a letter, digit, bracket or space, so spaces themselves are never counted anywhere.","Read a log line and print four integers: the counts of letters, digits, brackets and other printable symbols, in that order.","Line 1: the string S.","length of S: 1-100
S contains printable ASCII characters
bracket set: [ ] ( ) { } < >","[ERROR] code=42; ok?","11 2 2 3","[ERROR] code=42; ok?","11 2 2 3","a","1 0 0 0","1","0 1 0 0","<>","0 0 2 0","   ","0 0 0 0","!@#$%^&*","0 0 0 8","abc123[]{}()<>","3 3 8 0","GET /path?x=1 (200)","8 4 2 3"
"B-017-4","Password Composition","Bronze","Strings","A password is scored on four counts: capital letters, small letters, digits, and special characters drawn from this exact set: ! @ # $ % ^ & * ( ) - _ + =. Characters outside all four groups, such as a full stop or a space, are not counted at all.","Read a password string and print four integers: the counts of uppercase letters, lowercase letters, digits and special characters, in that order.","Line 1: the string S.","length of S: 1-100
S contains printable ASCII characters
special set: ! @ # $ % ^ & * ( ) - _ + =","Passw0rd!","1 6 1 1","Passw0rd!","1 6 1 1","a","0 1 0 0","A","1 0 0 0","1","0 0 1 0","!@#$%^&*()-_+=","0 0 0 14","abcdefgh","0 8 0 0","ABC123abc!!!","3 3 3 3","no.specials.here","0 14 0 0"
"B-017-5","Inventory Code Audit","Bronze","Strings","The whole code string is scanned character by character, without splitting it into tokens first. Four tallies are kept: vowels (a, e, i, o, u in either case), consonants (all other English letters), separators (commas and semicolons), and digits. Empty tokens between two separators are perfectly legal.","Read an inventory-code string and print four integers: the counts of vowels, consonants, separators (',' and ';') and digits, in that order.","Line 1: the string S.","length of S: 1-100
S contains letters, digits, commas and semicolons","ab1,cd2;ef3","2 4 2 3","ab1,cd2;ef3","2 4 2 3","a","1 0 0 0",",","0 0 1 0",",,;;","0 0 4 0","AEIOU","5 0 0 0","bcdfg","0 5 0 0","a1,,b2;;c3","1 2 4 3","1234567890","0 0 0 10"
"B-018-1","Sum the Digits","Bronze","Math","The digit sum adds up the individual decimal digits of a number, so 407 gives 4 + 0 + 7 = 11. A minus sign is not a digit and is ignored, meaning -407 also gives 11. The number 0 counts as the single digit 0.","Read an integer V, ignore any minus sign, and print the sum of its decimal digits.","Line 1: the integer V.","|V| up to 10^18","407","11","407","11","0","0","-407","11","9","9","1000000000000000000","1","-999999999999999999","162","1111111111","10","-1","1"
"B-018-2","Multiply the Digits","Bronze","Math","The digit product multiplies the decimal digits together, so 234 gives 2 x 3 x 4 = 24. A single 0 digit anywhere drags the whole product to 0. A minus sign is ignored, and the number 0 is treated as the single digit 0.","Read an integer K, ignore any minus sign, and print the product of its decimal digits.","Line 1: the integer K.","|K| up to 10^18","234","24","234","24","0","0","-234","24","7","7","1203","0","999999999","387420489","-1111111111","1","1000000000000000000","0"
"B-018-3","Count a Digit","Bronze","Math","Only the digits actually written in the number are examined, so there are no invisible leading zeros to worry about. A minus sign is ignored. The number 0 is written as the single digit 0, so searching it for the digit 0 gives an answer of 1.","Read an integer ID and a digit D. Ignoring any minus sign, print how many times D appears in the decimal representation of ID.","Line 1: the integer ID.
Line 2: the digit D.","|ID| up to 10^18
D: 0-9","1201
1","2","1201
1","2","0
0","1","0
5","0","-1201
1","2","999999999
9","9","1234567890
0","1","1000000000000000000
0","18","-55555
4","0"
"B-018-4","Reverse the Serial","Bronze","Math","The digits of the number's magnitude are written back to front, and the original sign is then reattached. Any zeros that end up at the front simply vanish, because numbers are not written with leading zeros: 1200 reverses to 0021, which is just 21.","Read an integer S. Reverse the decimal digits of its magnitude, drop any leading zeros, and print the result carrying the original sign.","Line 1: the integer S.","|S| up to 10^18","1200","21","1200","21","0","0","-1200","-21","7","7","-7","-7","1234567890","987654321","1000000000000000000","1","-100","-1"
"B-018-5","Count the Even Digits","Bronze","Math","The even digits are 0, 2, 4, 6 and 8, and note that 0 counts as even. A minus sign is ignored, so only the digits themselves matter. The number 0 is a single digit 0, giving an answer of 1.","Read an integer P, ignore any minus sign, and print how many of its decimal digits are even.","Line 1: the integer P.","|P| up to 10^18","13579","0","13579","0","0","1","-2468","4","1","0","2","1","1234567890","5","1111111111","0","-1000000000000000000","18"
"B-019-1","Even or Odd","Bronze","Math","A number is even when dividing it by 2 leaves no remainder, and odd otherwise. This works for negatives too: -4 is even and -3 is odd. Zero is even.","Read a single integer N and print EVEN if it is divisible by 2, otherwise ODD.","Line 1: the integer N.","|N| up to 10^18","10","EVEN","10","EVEN","0","EVEN","7","ODD","-4","EVEN","-3","ODD","1000000000000000000","EVEN","999999999999999999","ODD","-1","ODD"
"B-019-2","Divisible by Three","Bronze","Math","A number is divisible by 3 when dividing it by 3 leaves a remainder of exactly zero. Negative numbers follow the same rule, so -9 is divisible by 3. Zero is divisible by 3.","Read a single integer N and print DIVISIBLE if N is divisible by 3, otherwise NOT DIVISIBLE.","Line 1: the integer N.","|N| up to 10^18","9","DIVISIBLE","9","DIVISIBLE","0","DIVISIBLE","10","NOT DIVISIBLE","-9","DIVISIBLE","-10","NOT DIVISIBLE","999999999999999999","DIVISIBLE","1000000000000000000","NOT DIVISIBLE","-3","DIVISIBLE"
"B-019-3","Inside the Window","Bronze","Math","The interval is inclusive, so landing exactly on either endpoint still counts as being inside. The value must be at least L and at most R simultaneously. If L is greater than R the interval is empty and nothing can be inside it.","Read three integers X, L and R. Print INSIDE if L <= X <= R, otherwise OUTSIDE.","Line 1: X, L, R (space-separated).","|X|, |L|, |R| up to 10^18","5 1 10","INSIDE","5 1 10","INSIDE","1 1 10","INSIDE","10 1 10","INSIDE","0 1 10","OUTSIDE","11 1 10","OUTSIDE","-5 -10 -1","INSIDE","0 5 1","OUTSIDE","1000000000000000000 -1000000000000000000 1000000000000000000","INSIDE"
"B-019-4","Leap Year Check","Bronze","Math","The Gregorian rule has three layers: a year divisible by 4 is a leap year, EXCEPT that years divisible by 100 are not, EXCEPT that years divisible by 400 are. So 2000 is a leap year but 1900 is not. The same arithmetic is applied to zero and negative years here.","Read a year Y and print LEAP if it is a Gregorian leap year, otherwise COMMON.","Line 1: the integer Y.","|Y| up to 10^18
Y may be zero or negative","2024","LEAP","2024","LEAP","1900","COMMON","2000","LEAP","2023","COMMON","0","LEAP","-4","LEAP","-100","COMMON","-400","LEAP"
"B-019-5","Classify the Sign","Bronze","Math","Every integer falls into exactly one of three groups: greater than zero, exactly zero, or less than zero. Zero is neither positive nor negative and gets its own answer.","Read a single integer N. Print POSITIVE if N > 0, ZERO if N = 0, and NEGATIVE if N < 0.","Line 1: the integer N.","|N| up to 10^18","42","POSITIVE","42","POSITIVE","0","ZERO","-42","NEGATIVE","1","POSITIVE","-1","NEGATIVE","1000000000000000000","POSITIVE","-1000000000000000000","NEGATIVE","999999999999999999","POSITIVE"
"B-020-1","Count the Divisors","Bronze","Math","A divisor of N is any positive whole number that divides N leaving no remainder. Both 1 and N itself always count. For example 12 has the divisors 1, 2, 3, 4, 6 and 12, so the answer would be 6.","Read a positive integer N and print how many positive divisors it has.","Line 1: the integer N.","N: 1-100000","12","6","12","6","1","1","2","2","7","2","36","9","100000","36","99991","2","65536","17"
"B-020-2","List the Proper Divisors","Bronze","Math","A proper divisor of M is a divisor strictly smaller than M, so M itself is excluded while 1 is included. The proper divisors of 12 are 1, 2, 3, 4 and 6. The number 1 has no proper divisors at all, giving an empty line.","Read a positive integer M and print all its proper divisors (divisors strictly less than M) in increasing order, separated by spaces. If there are none, print an empty line.","Line 1: the integer M.","M: 1-100000","12","1 2 3 4 6","12","1 2 3 4 6","1","","2","1","13","1","36","1 2 3 4 6 9 12 18","100000","1 2 4 5 8 10 16 20 25 32 40 50 80 100 125 160 200 250 400 500 625 800 1000 1250 2000 2500 3125 4000 5000 6250 10000 12500 20000 25000 50000","99991","1","64","1 2 4 8 16 32"
"B-020-3","Smallest Real Divisor","Bronze","Math","Every number above 1 has a smallest divisor greater than 1, and that divisor is always a prime. For a prime number the answer is the number itself, since nothing smaller divides it. The special case X = 1 has no divisor above 1, so the answer is defined as 1.","Read a positive integer X and print its smallest divisor greater than 1. If X is 1, print 1.","Line 1: the integer X.","X: 1-100000","12","2","12","2","1","1","2","2","13","13","99991","99991","100000","2","9409","97","49","7"
"B-020-4","Sum the Proper Divisors","Bronze","Math","The proper divisors of A are its divisors excluding A itself, so 1 is included but A is not. For 12 those are 1, 2, 3, 4 and 6, which total 16. The number 1 has no proper divisors, so its total is 0.","Read a positive integer A and print the sum of all its proper divisors (excluding A itself).","Line 1: the integer A.","A: 1-100000","12","16","12","16","1","0","2","1","6","6","28","28","99991","1","100000","146078","496","496"
"B-020-5","Small Divisors Only","Bronze","Math","Only divisors that do not exceed the bound K are counted. Since 1 divides every number, the answer is at least 1 whenever K is at least 1. Divisors larger than K are ignored even though they still divide N.","Read a positive integer N and a bound K. Print how many positive divisors of N are at most K.","Line 1: N, K (space-separated).","N: 1-100000
K: 1-1000","12 4","4","12 4","4","1 1","1","12 1","1","12 1000","6","100000 10","6","99991 1000","1","36 6","5","1000 1000","16"
"B-021-1","Scale the Elevation Map","Bronze","Grids","A grid is a rectangle of numbers arranged in rows and columns. Scaling means every single cell is multiplied by the same factor K, independently of its neighbours. The shape of the grid never changes, only the values inside it.","Read an R by C grid of integers and multiply every cell by K. Print the resulting grid, one row per line with values separated by spaces.","Line 1: R, C, K (space-separated).
Next R lines: C space-separated integers each.","R, C: 1-20
K: -100 to 100
cell values: -1000 to 1000","2 3 2
1 2 3
4 5 6","2 4 6
8 10 12","2 3 2
1 2 3
4 5 6","2 4 6
8 10 12","1 1 0
7","0","1 1 -1
-5","5","2 2 1
1 2
3 4","1 2
3 4","3 1 10
-1
0
1","-10
0
10","1 4 -100
1000 -1000 0 1","-100000 100000 0 -100","4 4 0
1 1 1 1
1 1 1 1
1 1 1 1
1 1 1 1","0 0 0 0
0 0 0 0
0 0 0 0
0 0 0 0","2 2 100
1000 -1000
-1000 1000","100000 -100000
-100000 100000"
"B-021-2","Paint the Border","Bronze","Grids","The border of a grid is every cell sitting in the first row, the last row, the first column or the last column. Everything else is an inner cell. In a grid with only one row or only one column, every cell is on the border.","Read an R by C pixel grid and replace every border cell with B, leaving inner cells unchanged. Print the modified grid.","Line 1: R, C, B (space-separated).
Next R lines: C space-separated integers each.","R, C: 1-20
B: -1000 to 1000
cell values: -1000 to 1000","3 4 0
1 2 3 4
5 6 7 8
9 10 11 12","0 0 0 0
0 6 7 0
0 0 0 0","3 4 0
1 2 3 4
5 6 7 8
9 10 11 12","0 0 0 0
0 6 7 0
0 0 0 0","1 1 9
1","9","1 5 0
1 2 3 4 5","0 0 0 0 0","5 1 0
1
2
3
4
5","0
0
0
0
0","2 2 7
1 2
3 4","7 7
7 7","3 3 -1
1 1 1
1 1 1
1 1 1","-1 -1 -1
-1 1 -1
-1 -1 -1","4 4 0
1 2 3 4
5 6 7 8
9 10 11 12
13 14 15 16","0 0 0 0
0 6 7 0
0 10 11 0
0 0 0 0","2 3 1000
-1000 -1000 -1000
-1000 -1000 -1000","1000 1000 1000
1000 1000 1000"
"B-021-3","Transpose the Matrix","Bronze","Grids","Transposing flips a square matrix over its main diagonal, so the value in row i column j moves to row j column i. The diagonal cells, where the row and column numbers match, never move. Transposing twice returns the original matrix.","Read an N by N integer matrix and print its transpose, one row per line.","Line 1: N.
Next N lines: N space-separated integers each.","N: 1-20
cell values: -1000 to 1000","3
1 2 3
4 5 6
7 8 9","1 4 7
2 5 8
3 6 9","3
1 2 3
4 5 6
7 8 9","1 4 7
2 5 8
3 6 9","1
5","5","2
1 2
3 4","1 3
2 4","2
1 1
1 1","1 1
1 1","3
1 0 0
0 1 0
0 0 1","1 0 0
0 1 0
0 0 1","4
1 2 3 4
5 6 7 8
9 10 11 12
13 14 15 16","1 5 9 13
2 6 10 14
3 7 11 15
4 8 12 16","3
-1 -2 -3
0 0 0
1000 -1000 0","-1 0 1000
-2 0 -1000
-3 0 0","2
0 1000
-1000 0","0 -1000
1000 0"
"B-021-4","Checkerboard Negation","Bronze","Grids","Rows and columns are numbered starting at 1. A cell is flipped when its row number plus its column number is even, which produces a checkerboard pattern starting with the top-left cell (1+1 = 2, which is even). Negating a value simply flips its sign.","Read an R by C matrix and negate every cell whose row index plus column index is even (indices start at 1). Print the updated matrix.","Line 1: R, C (space-separated).
Next R lines: C space-separated integers each.","R, C: 1-20
row and column indices are 1-based
cell values: -1000 to 1000","2 3
1 2 3
4 5 6","-1 2 -3
4 -5 6","2 3
1 2 3
4 5 6","-1 2 -3
4 -5 6","1 1
5","-5","1 1
-5","5","2 2
1 1
1 1","-1 1
1 -1","1 4
1 2 3 4","-1 2 -3 4","4 1
1
2
3
4","-1
2
-3
4","3 3
0 0 0
0 0 0
0 0 0","0 0 0
0 0 0
0 0 0","2 2
-1000 1000
1000 -1000","1000 1000
1000 1000"
"B-021-5","Weight the Columns","Bronze","Grids","Each column has its own multiplier, supplied as a list with one factor per column. Every cell in column 1 is multiplied by the first factor, every cell in column 2 by the second, and so on. Cells in the same column always share the same factor regardless of their row.","Read an R by C grid and a list of C column factors. Multiply every element in column j by the j-th factor and print the transformed grid.","Line 1: R, C (space-separated).
Next R lines: C space-separated integers each.
Last line: C space-separated factors.","R, C: 1-20
factors: -100 to 100
cell values: -1000 to 1000","2 3
1 2 3
4 5 6
1 0 2","1 0 6
4 0 12","2 3
1 2 3
4 5 6
1 0 2","1 0 6
4 0 12","1 1
7
3","21","1 1
7
0","0","2 2
1 2
3 4
1 1","1 2
3 4","3 2
1 1
1 1
1 1
-1 -1","-1 -1
-1 -1
-1 -1","1 4
1000 -1000 0 1
100 100 100 100","100000 -100000 0 100","4 1
1
2
3
4
-1","-1
-2
-3
-4","2 3
0 0 0
0 0 0
5 -5 0","0 0 0
0 0 0"
"B-022-1","Heaviest Row","Bronze","Grids","Each row is reduced to a single number by adding up all the values in it, then the largest of those row totals is located. If two rows tie on total, the one nearer the top wins. Row numbers start at 1, and a grid with no rows at all answers -1.","Read an R by C grid and print the 1-based index of the row with the largest sum. If several rows tie, choose the smallest index. If R is 0, print -1.","Line 1: R, C (space-separated).
Next R lines: C space-separated integers each.","R: 0-20
C: 1-20
cell values: -1000 to 1000","3 3
1 2 3
9 0 0
4 4 4","3","3 3
1 2 3
9 0 0
4 4 4","3","0 3","-1","1 1
5","1","2 2
1 1
1 1","1","3 2
-1 -1
-2 -2
-3 -3","1","2 3
1000 1000 1000
1000 1000 999","1","4 1
0
0
0
0","1","3 3
-1000 -1000 -1000
0 0 0
1000 1000 1000","3"
"B-022-2","Column Maxima","Bronze","Grids","Each column is reduced to a single number by taking the largest value anywhere in that column, scanning down through all the rows. The results are then listed left to right, one per column. If there are no columns, the output is an empty line.","Read an R by C matrix and print the maximum value of each column, in left-to-right order, separated by spaces. If C is 0, print an empty line.","Line 1: R, C (space-separated).
Next R lines: C space-separated integers each.","R: 1-20
C: 0-20
cell values: -1000 to 1000","3 3
1 8 3
9 0 2
4 4 7","9 8 7","3 3
1 8 3
9 0 2
4 4 7","9 8 7","1 0","","1 1
5","5","2 2
1 2
3 4","3 4","3 2
-1 -9
-2 -8
-3 -7","-1 -7","1 4
1000 -1000 0 1","1000 -1000 0 1","4 1
1
2
3
4","4","2 3
0 0 0
0 0 0","0 0 0"
"B-022-3","Count Walls per Row","Bronze","Grids","The grid is drawn with two characters: a hash marks a wall and a dot marks empty space. Each row is reduced to how many walls it contains, and those counts are listed from the top row downward. A grid with no rows produces an empty line.","Read an R by C grid of '.' and '#' characters and print the number of '#' in each row, top to bottom, separated by spaces. If R is 0, print an empty line.","Line 1: R, C (space-separated).
Next R lines: a string of exactly C characters, each '.' or '#'.","R: 0-20
C: 1-20","3 4
.#..
####
....","1 4 0","3 4
.#..
####
....","1 4 0","0 4","","1 1
#","1","1 1
.","0","2 3
...
###","0 3","4 2
##
#.
.#
..","2 1 1 0","3 5
#####
#####
#####","5 5 5","5 1
.
#
.
#
.","0 1 0 1 0"
"B-022-4","Weakest Strongest Row","Bronze","Grids","Each row is first reduced to its own largest element. Among those row maxima, the smallest one is then located. Note the unusual tie-break: if several rows share that smallest maximum, the one nearest the BOTTOM wins. A grid with no rows answers -1.","Read an R by C grid. For each row compute its maximum element, then print the 1-based index of the row whose maximum is smallest. If several rows tie, choose the largest index. If R is 0, print -1.","Line 1: R, C (space-separated).
Next R lines: C space-separated integers each.","R: 0-20
C: 1-20
cell values: -1000 to 1000","3 3
1 2 9
4 4 4
0 5 5","2","3 3
1 2 9
4 4 4
0 5 5","2","0 2","-1","1 1
5","1","2 2
1 1
1 1","2","3 2
9 9
1 1
1 1","3","2 3
-1000 -1000 -1000
-999 -999 -999","1","4 1
4
3
2
1","4","3 3
0 0 0
0 0 0
0 0 0","3"
"B-022-5","Weakest Column","Bronze","Grids","Each column is first reduced to its own largest value. Among those column maxima, the smallest one is located and its column number reported, counting from 1 on the left. Ties go to the leftmost such column, and a grid with no columns answers -1.","Read an R by C matrix. Compute the maximum of each column, then print the 1-based index of the column whose maximum is smallest. If several tie, choose the leftmost. If C is 0, print -1.","Line 1: R, C (space-separated).
Next R lines: C space-separated integers each.","R: 1-20
C: 0-20
cell values: -1000 to 1000","3 3
1 8 3
2 0 9
0 4 7","1","3 3
1 8 3
2 0 9
0 4 7","1","2 0","-1","1 1
5","1","2 2
1 1
1 1","1","2 3
1 2 3
1 2 3","1","1 4
-1000 1000 -1000 0","1","3 1
5
6
7","1","2 4
0 0 0 0
0 0 0 0","1"
"B-023-1","Robot on a Ledge","Bronze","Simulation","The robot walks a grid whose rows run 1 to R from the top and whose columns run 1 to C from the left. N moves up one row, S down, E right and W left. A move that would carry the robot off the edge is simply ignored, so it stays put for that step rather than wrapping around.","Read a grid size, a starting position and a string of moves from {N, S, E, W}. Moves that would leave the grid are ignored. Print the robot's final row and column, separated by a space.","Line 1: R, C, r, c (space-separated).
Line 2: the move string.","R, C: 1-100
start 1 <= r <= R, 1 <= c <= C
move string length: 1-100
moves are N, S, E or W","3 3 2 2
NNEES","2 3","3 3 2 2
NNEES","2 3","1 1 1 1
N","1 1","1 1 1 1
NSEW","1 1","5 5 1 1
WWWW","1 1","5 5 5 5
SSSS","5 5","2 2 1 1
SENW","1 1","4 6 2 3
NNNNWWWWSSSSEEEEEE","4 6","3 3 2 2
EEEE","2 3"
"B-023-2","Probe on a Donut","Bronze","Simulation","This grid wraps around like the surface of a donut: stepping off the top edge brings you back on the bottom, and stepping off the right edge brings you back on the left. Rows run 1 to R and columns 1 to C. No move is ever blocked.","Read a grid size, a starting position and a string of moves from {N, S, E, W} on a wraparound grid. Print the probe's final row and column, separated by a space.","Line 1: R, C, r, c (space-separated).
Line 2: the move string.","R, C: 1-100
start 1 <= r <= R, 1 <= c <= C
move string length: 1-100
moves are N, S, E or W","3 3 1 1
NW","3 3","3 3 1 1
NW","3 3","1 1 1 1
N","1 1","1 1 1 1
NSEW","1 1","5 5 1 1
WWWW","1 2","5 5 5 5
SSSS","4 5","2 2 1 1
SENW","1 1","4 6 2 3
NNNNWWWWSSSSEEEEEE","2 5","3 3 3 3
SE","1 1"
"B-023-3","Trace the Courier","Bronze","Simulation","Rows and columns are numbered from 0 here, so the top-left cell is (0,0) and the bottom-right is (R-1, C-1). A move that would leave the grid is ignored. Every step produces a coordinate, including blocked steps where the courier does not actually move, and the starting cell is reported first.","Read a grid size, a starting position and a list of moves from {N, S, E, W}. Moves that would exit the grid are ignored. Print every visited coordinate in order, including the start, one 'row col' pair per line.","Line 1: R, C, r, c (space-separated).
Line 2: the move string.","R, C: 1-100
row and column indices are 0-based
start 0 <= r < R, 0 <= c < C
move string length: 1-50
moves are N, S, E or W","3 3 1 1
NES","1 1
0 1
0 2
1 2","3 3 1 1
NES","1 1
0 1
0 2
1 2","1 1 0 0
N","0 0
0 0","1 1 0 0
NSEW","0 0
0 0
0 0
0 0
0 0","2 2 0 0
SE","0 0
1 0
1 1","3 3 0 0
WWNN","0 0
0 0
0 0
0 0
0 0","2 3 1 2
NWWS","1 2
0 2
0 1
0 0
1 0","4 4 2 2
NNNN","2 2
1 2
0 2
0 2
0 2","3 3 1 1
EEWW","1 1
1 2
1 2
1 1
1 0"
"B-023-4","How Far Did the Drone Get","Bronze","Simulation","The grid wraps around at every edge, so the drone can never be blocked. Manhattan distance measures how far apart two cells are by adding the row gap and the column gap, ignoring any wraparound: from (1,1) to (3,2) the distance is 2 + 1 = 3.","Read a grid size, a starting position and a string of moves from {N, S, E, W} on a wraparound grid. Print the Manhattan distance between the final position and the starting position.","Line 1: R, C, r, c (space-separated).
Line 2: the move string.","R, C: 1-100
start 1 <= r <= R, 1 <= c <= C
move string length: 1-100
moves are N, S, E or W","3 3 1 1
NW","4","3 3 1 1
NW","4","1 1 1 1
N","0","1 1 1 1
NSEW","0","5 5 3 3
NSEW","0","5 5 1 1
SSEE","4","2 2 1 1
N","1","4 6 2 3
NNNNWWWWSSSSEEEEEE","2","10 10 5 5
NNNNN","5"
"B-023-5","Cells the Painter Touched","Bronze","Simulation","The painter marks every cell it stands on, including the one it starts on. A move that would leave the grid is ignored, leaving the painter in place. Revisiting a cell does not paint it twice, so only distinct cells are counted.","Read a grid size, a starting position and a string of moves from {N, S, E, W}. Moves that would leave the grid are ignored. Print how many distinct cells were visited, including the start.","Line 1: R, C, r, c (space-separated).
Line 2: the move string.","R, C: 1-100
start 1 <= r <= R, 1 <= c <= C
move string length: 1-100
moves are N, S, E or W","3 3 1 1
SSEE","5","3 3 1 1
SSEE","5","1 1 1 1
N","1","1 1 1 1
NSEW","1","3 3 2 2
NSNSNS","2","5 5 1 1
WWWW","1","2 2 1 1
SENW","4","4 4 1 1
EEESSSWWWNNN","12","3 3 2 2
EEWW","3"
"B-024-1","Bank Balance Floor","Bronze","Simulation","Transactions are applied one after another in the order given, with positive values adding and negative values subtracting. The balance can never go below zero: if a withdrawal would push it negative, the balance stops at zero instead and the excess is simply lost.","Read a starting balance and N transactions. Apply them in order, clamping the balance to a minimum of 0 after each one. Print the final balance.","Line 1: the starting balance and N (space-separated).
Line 2: N space-separated integers.","starting balance: 0-1000000
N: 1-100
transactions: -1000000 to 1000000","100 4
50 -30 -200 20","20","100 4
50 -30 -200 20","20","0 1
0","0","0 1
-5","0","10 3
-5 -5 -5","0","0 3
10 20 30","60","1000000 2
-1000000 -1000000","0","5 8
-1 -1 -1 -1 -1 -1 -1 -1","0","50 4
-100 100 -100 100","100"
"B-024-2","Peak Temperature","Bronze","Simulation","Adjustments are applied one at a time, positive values warming and negative values cooling. The answer is the highest temperature the thermometer ever showed at any moment, including the starting reading before any adjustment was made. There is no clamping here.","Read a starting temperature and N adjustments. Apply them in order and print the maximum temperature reached at any point, including the starting value.","Line 1: the starting temperature and N (space-separated).
Line 2: N space-separated integers.","starting temperature: -1000000 to 1000000
N: 1-100
adjustments: -1000000 to 1000000","10 4
5 -20 3 8","15","10 4
5 -20 3 8","15","0 1
0","0","5 1
-5","5","-10 3
1 1 1","-7","100 3
-1 -1 -1","100","0 4
10 -10 10 -10","10","-1000000 2
1000000 1000000","1000000","7 5
-1 -1 -1 -1 -1","7"
"B-024-3","First Time in the Red","Bronze","Simulation","Event deltas are applied one at a time to a running score. The answer is the position of the first event that leaves the score below zero, counting events from 1. A score of exactly zero is not negative. If the score never dips below zero, the answer is -1.","Read a starting score and N event deltas. Apply them in order and print the 1-based index of the first event after which the score becomes negative, or -1 if it never does.","Line 1: the starting score and N (space-separated).
Line 2: N space-separated integers.","starting score: -1000000 to 1000000
N: 1-100
deltas: -1000000 to 1000000","10 4
-3 -4 -5 100","3","10 4
-3 -4 -5 100","3","0 1
0","-1","0 1
-1","1","5 3
-1 -1 -1","-1","-1 2
5 5","-1","100 4
-50 -50 -50 -50","3","0 5
1 -1 1 -1 -1","5","1000000 3
-1000000 -1 1","2"
"B-024-4","Warehouse Stock Level","Bronze","Simulation","Changes are applied one after another, positive values adding stock and negative values removing it. Stock cannot go negative: if a removal exceeds what is present, the count is clamped to zero and the shortfall is not carried forward.","Read a starting inventory count and N changes. Apply them in order, clamping the inventory to a minimum of 0 after each change. Print the final inventory count.","Line 1: the starting inventory and N (space-separated).
Line 2: N space-separated integers.","starting inventory: 0-1000000
N: 1-100
changes: -1000000 to 1000000","20 4
10 -5 -40 7","7","20 4
10 -5 -40 7","7","0 1
0","0","0 1
-100","0","50 3
-10 -10 -10","20","0 3
5 5 5","15","1000000 2
-999999 -2","0","3 6
-1 1 -1 1 -1 1","3","10 4
-20 5 -20 5","5"
"B-024-5","Fuel Remaining","Bronze","Simulation","Operations are applied in sequence, positive values refuelling and negative values burning fuel. The tank can never hold less than zero: a burn larger than the remaining fuel empties the tank rather than creating a negative reading.","Read a starting fuel amount and N operations. Apply them in order, clamping fuel to a minimum of 0 after each one. Print the remaining fuel level.","Line 1: the starting fuel and N (space-separated).
Line 2: N space-separated integers.","starting fuel: 0-1000000
N: 1-100
operations: -1000000 to 1000000","80 4
-30 -60 40 -10","30","80 4
-30 -60 40 -10","30","0 1
0","0","0 1
-1","0","100 3
-50 -50 -50","0","0 3
25 25 25","75","1000000 2
-1000000 1","1","10 6
-3 -3 -3 -3 3 3","6","5 4
-10 10 -10 10","10"
"B-025-1","Sort by the Given Order","Bronze","Sorting","Instead of the usual numeric order, a custom order is supplied as a list naming every distinct value exactly once. A value's rank is its position in that list, so the first listed value comes first in the output. Duplicates in the array simply group together.","Read N integers and an ordering list P containing each distinct value exactly once. Reorder the array so its elements follow the order given by P, and print the result.","Line 1: N.
Line 2: N space-separated integers.
Line 3: M, the length of P.
Line 4: M space-separated integers.","N: 1-100
M: 1-100
P contains every distinct value of the array exactly once","5
3 1 2 1 3
3
3 2 1","3 3 2 1 1","5
3 1 2 1 3
3
3 2 1","3 3 2 1 1","1
7
1
7","7","4
1 1 1 1
1
1","1 1 1 1","4
1 2 3 4
4
4 3 2 1","4 3 2 1","6
5 5 9 9 1 1
3
1 5 9","1 1 5 5 9 9","3
-1 0 1
3
0 1 -1","0 1 -1","8
2 1 2 1 2 1 2 1
2
2 1","2 2 2 2 1 1 1 1","5
10 20 30 40 50
5
10 20 30 40 50","10 20 30 40 50"
"B-025-2","Sort by an Alien Alphabet","Bronze","Sorting","Words are compared letter by letter as usual, but letter order comes from a supplied permutation of the alphabet rather than a-to-z. Whichever letter appears earlier in that permutation is considered smaller. If one word is a prefix of another, the shorter word comes first.","Read N lowercase words and a custom alphabet (a permutation of the 26 letters). Sort the words by that alphabet's lexicographic order and print them.","Line 1: N.
Line 2: N space-separated lowercase words.
Line 3: a 26-letter permutation of the alphabet.","N: 1-100
words: 1-20 lowercase letters
alphabet line is always a permutation of all 26 letters","4
banana apple cherry date
zyxwvutsrqponmlkjihgfedcba","date cherry banana apple","4
banana apple cherry date
zyxwvutsrqponmlkjihgfedcba","date cherry banana apple","1
solo
abcdefghijklmnopqrstuvwxyz","solo","3
a ab abc
abcdefghijklmnopqrstuvwxyz","a ab abc","3
abc ab a
abcdefghijklmnopqrstuvwxyz","a ab abc","4
bb ba ab aa
abcdefghijklmnopqrstuvwxyz","aa ab ba bb","4
bb ba ab aa
bacdefghijklmnopqrstuvwxyz","bb ba ab aa","5
zz yy xx ww vv
zyxwvutsrqponmlkjihgfedcba","zz yy xx ww vv","2
same same
abcdefghijklmnopqrstuvwxyz","same same"
"B-025-3","Sort Names by Length","Bronze","Sorting","Names are ordered by how many characters they contain, either shortest first (ASC) or longest first (DESC). The sort is stable, meaning names of equal length keep the relative order they had in the input, and this applies in both directions.","Read N names and a direction token (ASC or DESC). Sort the names by length in that direction, keeping the original relative order among names of equal length. Print the sorted names.","Line 1: N.
Line 2: N space-separated names.
Line 3: ASC or DESC.","N: 1-100
names: 1-20 letters","5
anna bob christopher di edward
ASC","di bob anna edward christopher","5
anna bob christopher di edward
ASC","di bob anna edward christopher","1
solo
ASC","solo","1
solo
DESC","solo","4
ab cd ef gh
ASC","ab cd ef gh","4
ab cd ef gh
DESC","ab cd ef gh","5
a bb ccc dddd eeeee
DESC","eeeee dddd ccc bb a","6
zz aa yy bb xx cc
ASC","zz aa yy bb xx cc","3
long longer longest
DESC","longest longer long"
"B-025-4","Sort by First-Letter Priority","Bronze","Sorting","Only the very first character of each code matters. A priority string lists characters in the order they should rank, so a code beginning with the earliest-listed character comes first. The sort is stable, so codes sharing a first character keep their input order.","Read N product codes and a priority string listing characters in rank order. Sort the codes by the rank of their first character, keeping the input order among ties. Print the sorted list.","Line 1: N.
Line 2: N space-separated codes.
Line 3: the priority string.","N: 1-100
codes: 1-20 characters, non-empty
the priority string contains every possible first character exactly once","5
x1 a2 m3 a9 x7
max","m3 a2 a9 x1 x7","5
x1 a2 m3 a9 x7
max","m3 a2 a9 x1 x7","1
z9
z","z9","3
ab ba ca
abc","ab ba ca","3
ab ba ca
cba","ca ba ab","4
aa ab ac ad
abcd","aa ab ac ad","6
b1 a1 b2 a2 b3 a3
ba","b1 b2 b3 a1 a2 a3","4
z1 y1 x1 w1
wxyz","w1 x1 y1 z1","5
q1 q2 q3 q4 q5
q","q1 q2 q3 q4 q5"
"B-025-5","Reorder to the Standard Ranking","Bronze","Sorting","A ranked list defines the official order of the colour names. Each colour's rank is its position in that list, and the input sequence is rearranged to follow it. Repeated colours simply group together at their rank.","Read N colour names and a ranked list defining the standard order. Reorder the input colours to follow that ranking exactly and print the reordered list.","Line 1: N.
Line 2: N space-separated colour names.
Line 3: M, the length of the ranked list.
Line 4: M space-separated colour names.","N: 1-100
M: 1-100
the ranked list contains every colour appearing in the input","5
blue red green red blue
3
red green blue","red red green blue blue","5
blue red green red blue
3
red green blue","red red green blue blue","1
red
1
red","red","4
red red red red
1
red","red red red red","3
a b c
3
c b a","c b a","6
x y z x y z
3
z y x","z z y y x x","4
p q r s
4
p q r s","p q r s","8
b a b a b a b a
2
a b","a a a a b b b b","5
one two three four five
5
five four three two one","five four three two one"
"B-026-1","Build an Arithmetic Run","Bronze","Loops","An arithmetic sequence starts at some value and adds a fixed step to get each following term. With start 2 and step 3 the terms run 2, 5, 8, 11 and so on. The step may be zero (every term identical) or negative (the sequence counts down).","Read three integers N, S and D. Build a sequence of length N whose i-th term (1-based) equals S + (i-1) x D, and print the N integers separated by spaces.","Line 1: N, S, D (space-separated).","N: 1-100
S: -10000 to 10000
D: -1000 to 1000","5 2 3","2 5 8 11 14","5 2 3","2 5 8 11 14","1 7 100","7","3 0 0","0 0 0","4 10 -3","10 7 4 1","6 -5 5","-5 0 5 10 15 20","2 10000 1000","10000 11000","8 0 -1","0 -1 -2 -3 -4 -5 -6 -7","10 1 1","1 2 3 4 5 6 7 8 9 10"
"B-026-2","Alternate Two Values","Bronze","Loops","The sequence flips back and forth between two values based on position, with positions counted from 1. Odd positions take X and even positions take Y, so the pattern reads X, Y, X, Y and so on. The two values may be equal.","Read three integers N, X and Y. Build a sequence of length N where the i-th element (1-based) is X when i is odd and Y when i is even. Print the N values.","Line 1: N, X, Y (space-separated).","N: 1-100
X, Y: -10000 to 10000
positions are 1-based","5 1 2","1 2 1 2 1","5 1 2","1 2 1 2 1","1 9 4","9","2 9 4","9 4","4 0 0","0 0 0 0","6 -1 1","-1 1 -1 1 -1 1","3 10000 -10000","10000 -10000 10000","8 7 7","7 7 7 7 7 7 7 7","7 1 2","1 2 1 2 1 2 1"
"B-026-3","Repeat the Pattern","Bronze","Loops","A short pattern is tiled over and over until the required length is reached. When the pattern runs out it starts again from its first element. The final repetition may be cut off partway if N is not a multiple of the pattern length.","Read integers N and K followed by K pattern values. Build a sequence of length N by repeating the pattern, and print the N numbers.","Line 1: N, K (space-separated).
Line 2: K space-separated integers.","N: 1-100
K: 1-20
pattern values: -10000 to 10000","7 3
1 2 3","1 2 3 1 2 3 1","7 3
1 2 3","1 2 3 1 2 3 1","1 1
5","5","1 3
1 2 3","1","6 3
1 2 3","1 2 3 1 2 3","5 1
9","9 9 9 9 9","8 4
-1 0 1 0","-1 0 1 0 -1 0 1 0","10 3
10000 -10000 0","10000 -10000 0 10000 -10000 0 10000 -10000 0 10000","4 5
1 2 3 4 5","1 2 3 4"
"B-026-4","Pronic Numbers","Bronze","Loops","Each term multiplies a counter by the next number up, so term 1 is 1 x 2 = 2, term 2 is 2 x 3 = 6, and term 3 is 3 x 4 = 12. These are sometimes called pronic or oblong numbers. The counter always starts at 1.","Read an integer N and build the sequence whose i-th term equals i x (i+1) for i from 1 to N. Print the N values in order.","Line 1: N.","N: 1-100","5","2 6 12 20 30","5","2 6 12 20 30","1","2","2","2 6","3","2 6 12","10","2 6 12 20 30 42 56 72 90 110","7","2 6 12 20 30 42 56","20","2 6 12 20 30 42 56 72 90 110 132 156 182 210 240 272 306 342 380 420","4","2 6 12 20"
"B-026-5","Staircase Sequence","Bronze","Loops","The sequence holds a value steady for R positions, then jumps by D, holds for another R positions, and so on, producing a staircase. With R = 2, start 5 and step 3 the terms run 5, 5, 8, 8, 11, 11. The final step may be incomplete.","Read integers N, R, S and D. Build a sequence of length N whose i-th term (1-based) equals S + floor((i-1)/R) x D, so the value increases by D every R positions. Print the N integers.","Line 1: N, R, S, D (space-separated).","N: 1-100
R: 1-100
S: -10000 to 10000
D: -1000 to 1000","6 2 5 3","5 5 8 8 11 11","6 2 5 3","5 5 8 8 11 11","1 1 7 9","7","5 1 0 1","0 1 2 3 4","5 10 4 100","4 4 4 4 4","7 3 0 -2","0 0 0 -2 -2 -2 -4","4 2 -10000 1000","-10000 -10000 -9000 -9000","9 3 1 1","1 1 1 2 2 2 3 3 3","8 4 0 0","0 0 0 0 0 0 0 0"
"B-027-1","Running Total","Bronze","Loops","A running sum reports the total so far at every step rather than just the final answer. For [1, 2, 3] the running sums are 1, then 1+2 = 3, then 1+2+3 = 6. The output always has exactly as many numbers as the input.","Read N integers and print the running sum after each element: the total of the first i elements, for i from 1 to N.","Line 1: N.
Line 2: N space-separated integers.","N: 1-100
values: -10000 to 10000","5
1 2 3 4 5","1 3 6 10 15","5
1 2 3 4 5","1 3 6 10 15","1
0","0","1
-7","-7","4
-1 -1 -1 -1","-1 -2 -3 -4","4
5 -5 5 -5","5 0 5 0","6
10000 10000 10000 -10000 -10000 -10000","10000 20000 30000 20000 10000 0","8
0 0 0 0 0 0 0 1","0 0 0 0 0 0 0 1","3
-10000 20000 -10000","-10000 10000 0"
"B-027-2","Best So Far","Bronze","Loops","A running maximum reports the highest value seen up to each point. Once a new record appears the reported value rises and then never falls again, so the output is always nondecreasing. For [3, 1, 5] the running maxima are 3, 3, 5.","Read N game scores and print, for every prefix, the maximum score seen so far.","Line 1: N.
Line 2: N space-separated integers.","N: 1-100
scores: -10000 to 10000","5
3 1 5 2 9","3 3 5 5 9","5
3 1 5 2 9","3 3 5 5 9","1
0","0","1
-7","-7","4
4 3 2 1","4 4 4 4","4
1 2 3 4","1 2 3 4","6
-1 -2 -3 -4 -5 -6","-1 -1 -1 -1 -1 -1","8
5 5 5 5 5 5 5 5","5 5 5 5 5 5 5 5","3
-10000 0 10000","-10000 0 10000"
"B-027-3","Running Parity","Bronze","Loops","Parity records whether a running total is even (0) or odd (1). Each new 1 flips the parity and each 0 leaves it unchanged. For [1, 1, 0] the parities run 1, 0, 0.","Read N binary values and print, for every prefix, the parity of the sum so far (that is, the running total modulo 2).","Line 1: N.
Line 2: N space-separated bits, each 0 or 1.","N: 1-100
bits: 0 or 1","5
1 1 0 1 0","1 0 0 1 1","5
1 1 0 1 0","1 0 0 1 1","1
0","0","1
1","1","4
1 1 1 1","1 0 1 0","4
0 0 0 0","0 0 0 0","6
1 0 1 0 1 0","1 1 0 0 1 1","8
0 0 0 0 0 0 0 1","0 0 0 0 0 0 0 1","3
1 1 1","1 0 1"
"B-027-4","Running Divisible Count","Bronze","Loops","At every step the output reports how many elements so far are divisible by K, that is, leave no remainder when divided by K. The count never decreases as more elements are read. Zero is divisible by every K.","Read an integer K and N values. For every prefix, print how many of the first i elements are divisible by K.","Line 1: N, K (space-separated).
Line 2: N space-separated integers.","N: 1-100
K: 1-1000
values: -10000 to 10000","5 3
3 4 9 10 12","1 1 2 2 3","5 3
3 4 9 10 12","1 1 2 2 3","1 1
7","1","1 5
7","0","4 2
1 3 5 7","0 0 0 0","4 2
2 4 6 8","1 2 3 4","6 7
0 7 -7 1 14 2","1 2 3 3 4 4","8 1000
1000 1 2000 2 -1000 3 0 4","1 1 2 2 3 3 4 4","3 4
-4 -8 5","1 2 2"
"B-027-5","Running Above-Threshold Count","Bronze","Loops","At every step the output reports how many elements so far are strictly greater than T, so a value exactly equal to T is never counted. The count never decreases as more elements arrive.","Read a threshold T and N values. For every prefix, print how many of the first i elements are strictly greater than T.","Line 1: N, T (space-separated).
Line 2: N space-separated integers.","N: 1-100
T: -10000 to 10000
values: -10000 to 10000","5 4
1 5 4 9 2","0 1 1 2 2","5 4
1 5 4 9 2","0 1 1 2 2","1 0
0","0","1 0
1","1","4 10
1 2 3 4","0 0 0 0","4 0
1 2 3 4","1 2 3 4","6 -1
-2 -1 0 -3 5 -1","0 0 1 1 2 2","8 5
5 5 5 5 5 5 5 6","0 0 0 0 0 0 0 1","3 -10000
-10000 0 10000","0 1 2"
"B-028-1","Title Case the Line","Bronze","Strings","The line is split into tokens wherever spaces occur, and runs of several spaces act as a single divider. Each token then has its first character made uppercase and every other letter made lowercase. Punctuation stays attached to whatever token it sits in, and tokens are rejoined with exactly one space.","Read a line of text whose tokens are separated by one or more spaces. Capitalise the first character of each token and lowercase the rest, then print the tokens joined by single spaces.","Line 1: the text line.","line length: 1-200
tokens are separated by one or more spaces
no leading or trailing spaces","hello WORLD foo","Hello World Foo","hello WORLD foo","Hello World Foo","a","A","A","A","hello    world","Hello World","MIXED case HeRe","Mixed Case Here","one two three four five","One Two Three Four Five","don't stop! now?","Don't Stop! Now?","x1 y2 z3","X1 Y2 Z3"
"B-028-2","Reverse Each Token","Bronze","Strings","The line is split into tokens on spaces, treating several spaces in a row as one divider. Each token's characters are then written back to front, but the tokens themselves stay in their original order. Punctuation travels with its token and gets reversed along with it.","Read a line of text whose tokens are separated by one or more spaces. Reverse the characters of each token independently, then print the tokens joined by single spaces.","Line 1: the text line.","line length: 1-200
tokens are separated by one or more spaces
no leading or trailing spaces","abc def ghi","cba fed ihg","abc def ghi","cba fed ihg","a","a","racecar","racecar","hello    world","olleh dlrow","one two three","eno owt eerht","ab! cd? ef.","!ba ?dc .fe","12 345 6789","21 543 9876","level noon civic","level noon civic"
"B-028-3","Swap a Word","Bronze","Strings","Only tokens that match A exactly and completely are replaced, and the comparison is case-sensitive so 'Cat' does not match 'cat'. A token that merely contains A as part of a longer word is left alone. Several spaces in a row count as a single divider.","Read a line of text and two words A and B. Replace every token exactly equal to A with B (case-sensitive), leave other tokens unchanged, and print the tokens joined by single spaces.","Line 1: the text line.
Line 2: A and B, separated by a space.","line length: 1-200
A and B: 1-20 characters, no spaces
tokens are separated by one or more spaces
no leading or trailing spaces","the cat sat on the cat
cat dog","the dog sat on the dog","the cat sat on the cat
cat dog","the dog sat on the dog","a
a b","b","a
b c","a","cat Cat CAT
cat dog","dog Cat CAT","catalog cat cats
cat dog","catalog dog cats","x    x    x
x y","y y y","one two three
four five","one two three","aa aa aa aa
aa bb","bb bb bb bb"
"B-028-4","Number the Tokens","Bronze","Strings","Each token gets an underscore and its position appended, with positions counted from 1. So the first token becomes token_1, the second token_2, and so on. Multiple spaces act as a single divider, so they do not create empty tokens or skip numbers.","Read a line of text whose tokens are separated by one or more spaces. Append _k to each token, where k is its 1-based position, then print the tokens joined by single spaces.","Line 1: the text line.","line length: 1-200
tokens are separated by one or more spaces
no leading or trailing spaces","alpha beta gamma","alpha_1 beta_2 gamma_3","alpha beta gamma","alpha_1 beta_2 gamma_3","a","a_1","one    two","one_1 two_2","x y z w","x_1 y_2 z_3 w_4","hello, world!","hello,_1 world!_2","a a a a a","a_1 a_2 a_3 a_4 a_5","1 2 3","1_1 2_2 3_3","only","only_1"
"B-028-5","Shout the Line","Bronze","Strings","Every letter is converted to uppercase while digits and punctuation are unaffected. The line is split on spaces with runs of spaces treated as one divider, and the tokens are rejoined with exactly one space between them.","Read a line of text whose tokens are separated by one or more spaces. Convert every token to uppercase, then print the tokens joined by single spaces.","Line 1: the text line.","line length: 1-200
tokens are separated by one or more spaces
no leading or trailing spaces","hello world","HELLO WORLD","hello world","HELLO WORLD","a","A","A","A","hello    world","HELLO WORLD","MiXeD cAsE","MIXED CASE","abc, def! ghi?","ABC, DEF! GHI?","123 456","123 456","one two three four","ONE TWO THREE FOUR"
"B-029-1","First Circular Twin","Bronze","Arrays","The array is treated as a closed ring, so the element after the last one is the first one again. Indices start at 0. The search looks for the earliest position whose neighbour on the ring holds the same value, which includes the wraparound pair of last-and-first.","Read N integers treated as a circular array. Print the smallest 0-based index i such that a[i] equals a[(i+1) mod N], or -1 if no such index exists.","Line 1: N.
Line 2: N space-separated integers.","N: 1-100
indices are 0-based
values: -10000 to 10000","5
1 2 2 3 4","1","5
1 2 2 3 4","1","1
7","0","2
5 5","0","2
5 6","-1","4
1 2 3 1","3","4
7 1 2 7","3","6
1 2 3 4 5 6","-1","3
9 9 9","0"
"B-029-2","Count the Circular Climbs","Bronze","Arrays","Every position is compared with the position K steps ahead of it, wrapping around the end of the array back to the start. Indices start at 0. The answer counts how many of those comparisons find the value ahead to be strictly larger.","Read N integers and an offset K. Print how many indices i satisfy a[(i+K) mod N] > a[i].","Line 1: N, K (space-separated).
Line 2: N space-separated integers.","N: 1-100
K: 0 to N-1
indices are 0-based
values: -10000 to 10000","5 1
1 3 2 5 4","2","5 1
1 3 2 5 4","2","1 0
7","0","4 0
1 2 3 4","0","2 1
1 2","1","4 2
1 2 3 4","2","6 3
1 1 1 2 2 2","3","8 1
1 2 3 4 5 6 7 8","7","3 1
5 5 5","0"
"B-029-3","Read the Ring","Bronze","Strings","The string is arranged in a circle so that after the last character comes the first again. Starting at position P (counted from 0) and walking forward one step at a time, exactly N characters are read, which produces a rotation of the original string.","Read a string of length N and a start position P. Print the N characters obtained by walking forward from P with wraparound.","Line 1: the string S.
Line 2: P.","length of S: 1-100
P: 0 to N-1
positions are 0-based","abcde
2","cdeab","abcde
2","cdeab","a
0","a","ab
0","ab","ab
1","ba","abcd
3","dabc","aaaa
2","aaaa","byteblitz
4","blitzbyte","xyz
1","yzx"
"B-029-4","Find a Circular Peak","Bronze","Arrays","The array wraps into a ring, so the first element's left neighbour is the last element and vice versa. A peak is strictly greater than BOTH of its ring neighbours. Indices start at 0, and when several peaks exist the smallest index is reported.","Read N integers treated as a circular array. Print the smallest 0-based index i where a[i] is strictly greater than both a[(i-1) mod N] and a[(i+1) mod N], or -1 if no such index exists.","Line 1: N.
Line 2: N space-separated integers.","N: 1-100
indices are 0-based
values: -10000 to 10000","5
1 4 2 5 3","1","5
1 4 2 5 3","1","1
7","-1","2
5 5","-1","2
9 1","0","4
1 1 1 1","-1","4
1 2 3 4","3","6
3 1 3 1 3 1","0","3
5 5 5","-1"
"B-029-5","Pair Each with Its Jump","Bronze","Arrays","Every element is paired with whatever sits K steps ahead of it on the ring, wrapping past the end back to the start. Indices start at 0 and one pair is produced for each position. Pairs are written with no spaces inside the brackets.","Read N integers and a jump K. Print the N pairs (a[i], a[(i+K) mod N]) for i from 0 to N-1, each written as (x,y) with no internal spaces, separated by single spaces.","Line 1: N, K (space-separated).
Line 2: N space-separated integers.","N: 1-100
K: 0 to N-1
indices are 0-based
values: -10000 to 10000","4 1
1 2 3 4","(1,2) (2,3) (3,4) (4,1)","4 1
1 2 3 4","(1,2) (2,3) (3,4) (4,1)","1 0
7","(7,7)","3 0
1 2 3","(1,1) (2,2) (3,3)","2 1
5 6","(5,6) (6,5)","4 2
1 2 3 4","(1,3) (2,4) (3,1) (4,2)","5 4
1 2 3 4 5","(1,5) (2,1) (3,2) (4,3) (5,4)","6 3
0 0 0 1 1 1","(0,1) (0,1) (0,1) (1,0) (1,0) (1,0)","3 2
-1 0 1","(-1,1) (0,-1) (1,0)"
"B-030-1","Add Two Arrays","Bronze","Arrays","Two arrays of the same length are combined position by position: the first element of one is added to the first element of the other, the second to the second, and so on. No element is ever combined with one at a different position.","Read two arrays A and B of N integers each and print the array C where C[i] = A[i] + B[i].","Line 1: N.
Line 2: N space-separated integers (array A).
Line 3: N space-separated integers (array B).","N: 1-100
values: -10000 to 10000","4
1 2 3 4
10 20 30 40","11 22 33 44","4
1 2 3 4
10 20 30 40","11 22 33 44","1
0
0","0","1
-5
5","0","3
1 1 1
-1 -1 -1","0 0 0","4
10000 10000 10000 10000
10000 10000 10000 10000","20000 20000 20000 20000","5
-1 -2 -3 -4 -5
1 2 3 4 5","0 0 0 0 0","8
0 0 0 0 0 0 0 0
1 2 3 4 5 6 7 8","1 2 3 4 5 6 7 8","2
-10000 10000
-10000 10000","-20000 20000"
"B-030-2","Subtract Two Readings","Bronze","Arrays","Two equal-length sequences are combined position by position, subtracting the second from the first at each index. Order matters here, since subtraction is not symmetric: 3 minus 5 is -2, not 2.","Read two sequences T and U of N integers each and print the sequence D where D[i] = T[i] - U[i].","Line 1: N.
Line 2: N space-separated integers (sequence T).
Line 3: N space-separated integers (sequence U).","N: 1-100
values: -10000 to 10000","4
10 20 30 40
1 2 3 4","9 18 27 36","4
10 20 30 40
1 2 3 4","9 18 27 36","1
0
0","0","1
3
5","-2","3
1 1 1
1 1 1","0 0 0","4
-10000 -10000 10000 10000
10000 -10000 -10000 10000","-20000 0 20000 0","5
0 0 0 0 0
1 -1 2 -2 3","-1 1 -2 2 -3","8
1 2 3 4 5 6 7 8
8 7 6 5 4 3 2 1","-7 -5 -3 -1 1 3 5 7","2
-5 5
5 -5","-10 10"
"B-030-3","Match Mask","Bronze","Strings","Two strings of equal length are compared one character position at a time. Each position produces a single digit: 1 when the two characters are identical and 0 when they differ. The comparison is case-sensitive.","Read two equal-length strings S and T. Print a binary string R where R[i] is '1' if S[i] equals T[i] and '0' otherwise.","Line 1: the string S.
Line 2: the string T.","length of S and T: 1-100, always equal
both strings contain English letters only","abcde
abxde","11011","abcde
abxde","11011","a
a","1","a
b","0","aaaa
aaaa","1111","abcd
wxyz","0000","AbCd
abcd","0101","hello
hallo","10111","xyzxyz
xyzxyz","111111"
"B-030-4","Stronger of Each Pair","Bronze","Arrays","Two equal-length lists are compared position by position, and at each index the larger of the two values is kept. When the two values are equal, that shared value is kept.","Read two lists H1 and H2 of N positive integers each and print the list M where M[i] = max(H1[i], H2[i]).","Line 1: N.
Line 2: N space-separated integers (list H1).
Line 3: N space-separated integers (list H2).","N: 1-100
values: 1-10000","4
3 9 2 7
5 1 2 8","5 9 2 8","4
3 9 2 7
5 1 2 8","5 9 2 8","1
1
1","1","1
1
10000","10000","3
5 5 5
5 5 5","5 5 5","4
1 2 3 4
4 3 2 1","4 3 3 4","5
10000 1 10000 1 10000
1 10000 1 10000 1","10000 10000 10000 10000 10000","8
1 1 1 1 1 1 1 1
2 2 2 2 2 2 2 2","2 2 2 2 2 2 2 2","2
9999 10000
10000 9999","10000 10000"
"B-030-5","Zip Two Strings","Bronze","Strings","Two equal-length strings are woven together character by character: the first character of one, then the first of the other, then the second of each, and so on. The result is twice as long as either input.","Read two equal-length strings A and B and print the interleaved string A[1]B[1]A[2]B[2]...A[N]B[N].","Line 1: the string A.
Line 2: the string B.","length of A and B: 1-100, always equal
both strings contain English letters only","abc
xyz","axbycz","abc
xyz","axbycz","a
b","ab","aa
bb","abab","abcd
wxyz","awbxcydz","aaaa
aaaa","aaaaaaaa","hello
world","hweolrllod","AB
ab","AaBb","byte
blit","bbyltiet"
